"","name","code","region","ngs_capacity","facility_access","sequencing_capacity","date_tests_last_reported","rept_tests_within_last_6_months","days_since_tests_reported","tests_in_last_year_raw","cases_in_last_year_raw","tests_in_last_year_smoothed","cases_in_last_year_smoothed","cases_in_last_year_smoothed_truncated","avg_tpr_find","tpr_year_raw","tpr_year_smoothed","tpr_year_smoothed_truncated","avg_daily_test_per_1000_last_year_raw","avg_daily_tests_per_1000_last_year_smoothed","population_size","dx_testing_capacity","dx_testing_rec","cases_in_last_year","sequences_in_last_year","pct_cases_sequenced_in_last_year","sequences_per_100k_last_year","country","prev_test_rec","old_sequencing_archetype","old_archetype","world_bank_economies","LMIC_status","sars_cov_2_sequencing","archetype_orig","archetype_orig_w_HICs","archetype_new"
"1","Afghanistan","AFG","Eastern Mediterranean",0,"Does not have access to sequencing facilities","0 NGS facilities or equivalent","February 28, 2022",TRUE,0,609678,117951,597246,117510,117510,0.153603774714149,0.193464418922776,0.196753096713917,0.196753096713917,0.0429087208418492,0.0420337651808185,38928000,"Has not demonstrated testing capacity","Test - Increase diagnostic testing capacity",117945,76,0.06,0.191,"Afghanistan","Reliable testing capacity","1-499 sequences","Connect","Low income","LMIC","Has not demonstrated sequencing capacity","Connect","Connect","Sequence"
"2","Albania","ALB","Europe",0,"Does not have access to sequencing facilities","0 NGS facilities or equivalent","February 28, 2022",TRUE,0,1310788,164396,1284619,166814,166814,0.115992337082355,0.125417687680998,0.129854844121097,0.129854844121097,1.24781097984712,1.22289927365846,2878000,"Has demonstrated testing capacity","Sustain - Sustain diagnostic testing capacity",164396,28,0.02,0.975,"Albania","Reliable testing capacity","1-499 sequences","Connect","Upper middle income","LMIC","Has not demonstrated sequencing capacity","Connect","Connect","Sequence"
"3","Algeria","DZA","Africa",0,"Does not have access to sequencing facilities","0 NGS facilities or equivalent","November 01, 2020",FALSE,484,0,151844,0,152055,0,NA,Inf,Inf,NA,0,NA,43851000,"Insufficient testing data","Insufficient testing data",151844,54,0.04,0.121,"Algeria","Reliable testing capacity","1-499 sequences","Connect","Lower middle income","LMIC","Has not demonstrated sequencing capacity","Connect","Connect","Sequence"
"4","Angola","AGO","Africa",0,"Does not have access to sequencing facilities","0 NGS facilities or equivalent","February 26, 2022",TRUE,2,1054479,77934,1035153,78006,78006,0.0706893801617528,0.0739075884868262,0.0753569762151102,0.0753569762151102,0.0879018913662702,0.0862908664406486,32866000,"Has not demonstrated testing capacity","Test - Increase diagnostic testing capacity",77934,824,1.06,2.428,"Angola","Reliable testing capacity","500+ sequences","Leverage","Lower middle income","LMIC","Has not demonstrated sequencing capacity","Connect","Connect","Sequence"
"5","Argentina","ARG","Americas",2,"Has access to sequencing facilities","4+ NGS facilities or equivalent","February 28, 2022",TRUE,0,26821173,6793291,26836857,6792189,6792189,0.196574237630457,0.253280906096091,0.253091820700166,0.253091820700166,1.62586657565768,1.62681732048054,45196000,"Has not demonstrated testing capacity","Test - Increase diagnostic testing capacity",6793291,10255,0.15,22.486,"Argentina","Reliable testing capacity","500+ sequences","Strengthen","Upper middle income","LMIC","Has not demonstrated sequencing capacity","Leverage","Leverage","Sequence"
"6","Armenia","ARM","Europe",0,"Does not have access to sequencing facilities","0 NGS facilities or equivalent","February 28, 2022",TRUE,0,2165321,247774,2166111,247308,247308,0.110681585725539,0.114428299545425,0.114171434427876,0.114171434427876,2.00215534977046,2.00288582009163,2963000,"Has demonstrated testing capacity","Sustain - Sustain diagnostic testing capacity",247774,121,0.05,4.077,"Armenia","Reliable testing capacity","1-499 sequences","Connect","Upper middle income","LMIC","Has not demonstrated sequencing capacity","Connect","Connect","Sequence"
"7","Azerbaijan","AZE","Europe",1,"Has access to sequencing facilities","1-3 NGS facilities or equivalent","February 28, 2022",TRUE,0,3956285,551133,3953538,548388,548388,0.120733236074902,0.139305687027097,0.138708164686921,0.138708164686921,1.06905385011356,1.06831156513503,10139000,"Has demonstrated testing capacity","Sustain - Sustain diagnostic testing capacity",551133,15,0,0.147,"Azerbaijan","Unreliable testing capacity","1-499 sequences","Test","Upper middle income","LMIC","Has not demonstrated sequencing capacity","Leverage","Leverage","Sequence"
"8","Bangladesh","BGD","South-East Asia",2,"Has access to sequencing facilities","4+ NGS facilities or equivalent","February 28, 2022",TRUE,0,9381129,1397361,9353148,1395565,1395565,0.124284482557663,0.148954459532536,0.14920805273262,0.14920805273262,0.1560621734765,0.155596688386587,164689000,"Has demonstrated testing capacity","Sustain - Sustain diagnostic testing capacity",1397361,3232,0.23,1.943,"Bangladesh","Reliable testing capacity","500+ sequences","Strengthen","Lower middle income","LMIC","Has not demonstrated sequencing capacity","Leverage","Leverage","Sequence"
"9","Belarus","BLR","Europe",1,"Has access to sequencing facilities","1-3 NGS facilities or equivalent","February 28, 2022",TRUE,0,7577571,632430,7541256,623576,623576,0.0805634635587218,0.0834607818257328,0.082688613143487,0.082688613143487,2.19710747096525,2.18657798099966,9449000,"Has demonstrated testing capacity","Sustain - Sustain diagnostic testing capacity",632430,239,0.04,2.531,"Belarus","Reliable testing capacity","1-499 sequences","Leverage","Upper middle income","LMIC","Has not demonstrated sequencing capacity","Leverage","Leverage","Sequence"
"10","Benin","BEN","Africa",0,"Does not have access to sequencing facilities","0 NGS facilities or equivalent","January 25, 2022",TRUE,34,127799,21133,122197,21117,2130,0.0212133216529845,0.165361231308539,0.172811116475855,0.0174308698249548,0.0288818152747127,0.209995119469878,12123000,"Has demonstrated testing capacity","Sustain - Sustain diagnostic testing capacity",21133,596,2.82,4.787,"Benin","Unreliable testing capacity","1-499 sequences","Test","Lower middle income","LMIC","Has not demonstrated sequencing capacity","Connect","Connect","Sequence"
"11","Bhutan","BTN","South-East Asia",0,"Does not have access to sequencing facilities","0 NGS facilities or equivalent","February 24, 2022",TRUE,4,1162839,11835,1168392,10519,10149,0.00473356320184759,0.0101776772192883,0.0090029716054201,0.00868629706468377,4.12676201291788,4.15786027444059,772000,"Has demonstrated testing capacity","Sustain - Sustain diagnostic testing capacity",11835,0,0,0,"Bhutan","Unreliable testing capacity","0 sequences","Test","Lower middle income","LMIC","Has not demonstrated sequencing capacity","Connect","Connect","Sequence"
"12","Bolivia","BOL","Americas",0,"Does not have access to sequencing facilities","0 NGS facilities or equivalent","January 02, 2022",TRUE,57,2333270,644385,2352031,645929,364710,0.146000985741409,0.276172496110609,0.274626057224586,0.155061731754386,0.547633046170239,0.647888344306247,11673000,"Has not demonstrated testing capacity","Test - Increase diagnostic testing capacity",644385,122,0.02,1.031,"Bolivia","Reliable testing capacity","1-499 sequences","Connect","Lower middle income","LMIC","Has not demonstrated sequencing capacity","Connect","Connect","Sequence"
"13","Burkina Faso","BFA","Africa",1,"Has access to sequencing facilities","1-3 NGS facilities or equivalent","February 21, 2022",TRUE,7,167873,8769,165703,8835,8835,0.0602482161874078,0.0522359164368302,0.0533182863315691,0.0533182863315691,0.0220028717120634,0.0217184529454054,20903000,"Has not demonstrated testing capacity","Test - Increase diagnostic testing capacity",8769,99,1.13,0.461,"Burkina Faso","Reliable testing capacity","1-499 sequences","Leverage","Low income","LMIC","Has not demonstrated sequencing capacity","Leverage","Leverage","Sequence"
"14","Burundi","BDI","Africa",0,"Does not have access to sequencing facilities","0 NGS facilities or equivalent","February 26, 2022",TRUE,2,1313893,35918,1287914,35946,35946,0.0253167974187293,0.027337081482282,0.0279102486656718,0.0279102486656718,0.302725325819113,0.296739677642697,11891000,"Has demonstrated testing capacity","Sustain - Sustain diagnostic testing capacity",35918,63,0.18,0.514,"Burundi","Reliable testing capacity","1-499 sequences","Connect","Low income","LMIC","Has not demonstrated sequencing capacity","Connect","Connect","Sequence"
"15","Cambodia","KHM","Western Pacific",1,"Has access to sequencing facilities","1-3 NGS facilities or equivalent","February 28, 2022",TRUE,0,2394690,129456,2387004,128302,128302,0.0518333226003083,0.0540596068802225,0.0537502241303324,0.0537502241303324,0.392415486604937,0.391155989371456,16719000,"Has demonstrated testing capacity","Sustain - Sustain diagnostic testing capacity",129456,2543,1.96,15.006,"Cambodia","Reliable testing capacity","500+ sequences","Strengthen","Lower middle income","LMIC","Has not demonstrated sequencing capacity","Leverage","Leverage","Sequence"
"16","Cameroon","CMR","Africa",1,"Has access to sequencing facilities","1-3 NGS facilities or equivalent","February 24, 2022",TRUE,4,1541535,83526,1503813,84346,84346,0.0579041540758986,0.0541836546040148,0.0560880907400056,0.0560880907400056,0.159096796566105,0.155203632051471,26546000,"Has demonstrated testing capacity","Sustain - Sustain diagnostic testing capacity",83526,483,0.58,1.774,"Cameroon","Reliable testing capacity","1-499 sequences","Leverage","Lower middle income","LMIC","Has not demonstrated sequencing capacity","Leverage","Leverage","Sequence"
"17","Cape Verde","CPV","Africa",0,"Does not have access to sequencing facilities","0 NGS facilities or equivalent","February 28, 2022",TRUE,0,332623,40486,333207,40655,40655,0.0918776707293592,0.121717379736218,0.122011242260817,0.122011242260817,1.63902138563122,1.64189908347295,556000,"Has demonstrated testing capacity","Sustain - Sustain diagnostic testing capacity",40486,196,0.48,34.882,"Cape Verde","Unreliable testing capacity","1-499 sequences","Test","Lower middle income","LMIC","Has not demonstrated sequencing capacity","Connect","Connect","Sequence"
"18","Central African Republic","CAF","Africa",0,"Does not have access to sequencing facilities","0 NGS facilities or equivalent","February 08, 2022",TRUE,20,45689,9221,47751,9189,9189,0.217718393244712,0.201821007244632,0.192435760507633,0.192435760507633,0.0259162199722057,0.0270858504211691,4830000,"Has not demonstrated testing capacity","Test - Increase diagnostic testing capacity",9221,41,0.44,0.833,"Central African Republic","Reliable testing capacity","1-499 sequences","Connect","Low income","LMIC","Has not demonstrated sequencing capacity","Connect","Connect","Sequence"
"19","Chad","TCD","Africa",0,"Does not have access to sequencing facilities","0 NGS facilities or equivalent","February 09, 2022",TRUE,19,103255,3282,105393,3316,3316,0.0322210027060321,0.031785385695608,0.0314631901549439,0.0314631901549439,0.0172221119541522,0.0175787133328552,16426000,"Has not demonstrated testing capacity","Test - Increase diagnostic testing capacity",3282,32,0.98,0.189,"Chad","Reliable testing capacity","0 sequences","Connect","Low income","LMIC","Has not demonstrated sequencing capacity","Connect","Connect","Sequence"
"20","Colombia","COL","Americas",2,"Has access to sequencing facilities","4+ NGS facilities or equivalent","February 27, 2022",TRUE,1,21907402,3812893,21840209,3817593,3817593,0.148344540609977,0.174045877279287,0.174796541553242,0.174796541553242,1.1795743067833,1.17595639095761,50883000,"Has not demonstrated testing capacity","Test - Increase diagnostic testing capacity",3812893,13445,0.35,26.226,"Colombia","Reliable testing capacity","500+ sequences","Strengthen","Upper middle income","LMIC","Has not demonstrated sequencing capacity","Leverage","Leverage","Sequence"
"21","Comoros","COM","Africa",0,"Does not have access to sequencing facilities","0 NGS facilities or equivalent","November 27, 2020",FALSE,458,0,4462,0,4482,0,NA,Inf,Inf,NA,0,NA,870000,"Insufficient testing data","Insufficient testing data",4462,11,0.25,1.238,"Comoros","Unreliable testing capacity","1-499 sequences","Test","Lower middle income","LMIC","Has not demonstrated sequencing capacity","Connect","Connect","Sequence"
"22","Costa Rica","CRI","Americas",1,"Has access to sequencing facilities","1-3 NGS facilities or equivalent","February 23, 2022",TRUE,5,3049926,602587,3057862,596975,596975,0.17385648757817,0.197574301802732,0.195226272474036,0.195226272474036,1.64035367959082,1.64462192964057,5094000,"Has not demonstrated testing capacity","Test - Increase diagnostic testing capacity",602587,2651,0.44,51.585,"Costa Rica","Reliable testing capacity","500+ sequences","Strengthen","Upper middle income","LMIC","Has not demonstrated sequencing capacity","Leverage","Leverage","Sequence"
"23","Cuba","CUB","Americas",0,"Does not have access to sequencing facilities","0 NGS facilities or equivalent","February 23, 2022",TRUE,5,10647092,1020083,10722206,1020520,1020520,0.0752383038042954,0.095808602010765,0.0951781750882234,0.0951781750882234,2.5752728055525,2.59344105670655,11327000,"Has demonstrated testing capacity","Sustain - Sustain diagnostic testing capacity",1020083,0,0,0,"Cuba","Unreliable testing capacity","1-499 sequences","Test","Upper middle income","LMIC","Has not demonstrated sequencing capacity","Connect","Connect","Sequence"
"24","Democratic Republic of the Congo","COD","Africa",1,"Has access to sequencing facilities","1-3 NGS facilities or equivalent","February 28, 2022",TRUE,0,831129,60105,830717,60533,60533,0.144004543053994,0.0723172937053093,0.0728683775581817,0.0728683775581817,0.025424746858841,0.025412143525657,89561000,"Has not demonstrated testing capacity","Test - Increase diagnostic testing capacity",60105,428,0.71,0.463,"Democratic Republic of the Congo","Reliable testing capacity","500+ sequences","Strengthen","Low income","LMIC","Has not demonstrated sequencing capacity","Leverage","Leverage","Sequence"
"25","Dominica","DMA","Americas",0,"Does not have access to sequencing facilities","0 NGS facilities or equivalent","December 28, 2021",TRUE,62,112813,11000,112723,10926,6529,0.0382898783480139,0.0975064930460142,0.0969278674272331,0.0579207437701268,4.29273211567732,5.11633079157589,72000,"Has demonstrated testing capacity","Sustain - Sustain diagnostic testing capacity",10966,24,0.22,33.254,"Dominica","Reliable testing capacity","1-499 sequences","Connect","Upper middle income","LMIC","Has not demonstrated sequencing capacity","Connect","Connect","Sequence"
"26","Dominican Republic","DOM","Americas",1,"Has access to sequencing facilities","1-3 NGS facilities or equivalent","September 23, 2021",TRUE,158,828845,334939,842353,335961,118688,0.135293742955391,0.404103300375824,0.398836354829864,0.140900548819794,0.209329666222168,0.369764450765557,10848000,"Has demonstrated testing capacity","Sustain - Sustain diagnostic testing capacity",334939,1009,0.3,9.211,"Dominican Republic","Unreliable testing capacity","1-499 sequences","Test","Upper middle income","LMIC","Has not demonstrated sequencing capacity","Leverage","Leverage","Sequence"
"27","East Timor","TLS","South-East Asia",0,"Does not have access to sequencing facilities","0 NGS facilities or equivalent","No tests reported",NA,NA,NA,NA,NA,NA,NA,NA,NA,NA,NA,NA,NA,NA,"Insufficient testing data","Insufficient testing data",22580,313,1.39,23.291,"East Timor","Reliable testing capacity","1-499 sequences","Connect","Lower middle income","LMIC","Has not demonstrated sequencing capacity","Connect","Connect","Sequence"
"28","Ecuador","ECU","Americas",1,"Has access to sequencing facilities","1-3 NGS facilities or equivalent","February 01, 2022",TRUE,27,1486969,542012,1481928,546008,461282,0.252999768469995,0.364507935269666,0.368444350872647,0.311271532760026,0.230906743254145,0.246320348694863,17643000,"Has not demonstrated testing capacity","Test - Increase diagnostic testing capacity",541605,3991,0.74,22.31,"Ecuador","Reliable testing capacity","500+ sequences","Strengthen","Upper middle income","LMIC","Has not demonstrated sequencing capacity","Leverage","Leverage","Sequence"
"29","Egypt","EGY","Eastern Mediterranean",1,"Has access to sequencing facilities","1-3 NGS facilities or equivalent","February 25, 2022",TRUE,3,4973002,301347,3706300,298193,298193,0.205762882546994,0.0605965973872522,0.0804557105469066,0.0804557105469066,0.133139162093719,0.099226518804527,102334000,"Has not demonstrated testing capacity","Test - Increase diagnostic testing capacity",301347,886,0.29,0.85,"Egypt","Reliable testing capacity","500+ sequences","Strengthen","Lower middle income","LMIC","Has not demonstrated sequencing capacity","Leverage","Leverage","Sequence"
"30","El Salvador","SLV","Americas",1,"Has access to sequencing facilities","1-3 NGS facilities or equivalent","February 14, 2022",TRUE,14,931606,96183,982234,89320,89320,0.0870477999907629,0.103244289968077,0.0909355611799225,0.0909355611799225,0.393516066216382,0.414901642737361,6486000,"Has demonstrated testing capacity","Sustain - Sustain diagnostic testing capacity",96183,368,0.38,5.645,"El Salvador","Unreliable testing capacity","1-499 sequences","Test","Lower middle income","LMIC","Has not demonstrated sequencing capacity","Leverage","Leverage","Sequence"
"31","Equatorial Guinea","GNQ","Africa",0,"Does not have access to sequencing facilities","0 NGS facilities or equivalent","February 24, 2022",TRUE,4,188546,9879,190145,9979,9979,0.0525124875109919,0.0523957018446427,0.0524810013410818,0.0524810013410818,0.368185590564251,0.371308058075162,1403000,"Has demonstrated testing capacity","Sustain - Sustain diagnostic testing capacity",9879,19,0.19,1.31,"Equatorial Guinea","Unreliable testing capacity","1-499 sequences","Test","Upper middle income","LMIC","Has not demonstrated sequencing capacity","Connect","Connect","Sequence"
"32","Eritrea","ERI","Africa",0,"Does not have access to sequencing facilities","0 NGS facilities or equivalent","December 21, 2020",FALSE,434,0,6854,0,6888,0,NA,Inf,Inf,NA,0,NA,3546000,"Insufficient testing data","Insufficient testing data",6854,0,0,0,"Eritrea","Unreliable testing capacity","0 sequences","Test","Low income","LMIC","Has not demonstrated sequencing capacity","Connect","Connect","Sequence"
"33","Ethiopia","ETH","Africa",0,"Does not have access to sequencing facilities","0 NGS facilities or equivalent","February 28, 2022",TRUE,0,2369237,309655,2373391,312405,312405,0.11464637407675,0.130698195241759,0.131628121957149,0.131628121957149,0.0564616773422341,0.0565606720007168,114964000,"Has not demonstrated testing capacity","Test - Increase diagnostic testing capacity",309655,482,0.16,0.409,"Ethiopia","Reliable testing capacity","1-499 sequences","Connect","Low income","LMIC","Has not demonstrated sequencing capacity","Connect","Connect","Sequence"
"34","Gabon","GAB","Africa",1,"Has access to sequencing facilities","1-3 NGS facilities or equivalent","February 24, 2022",TRUE,4,1039721,32979,1050114,33253,33253,0.0329361358763632,0.0317190861779266,0.0316660857773537,0.0316660857773537,1.27967236519834,1.29246390724809,2226000,"Has demonstrated testing capacity","Sustain - Sustain diagnostic testing capacity",32979,329,1,14.437,"Gabon","Reliable testing capacity","1-499 sequences","Leverage","Upper middle income","LMIC","Has not demonstrated sequencing capacity","Leverage","Leverage","Sequence"
"35","Georgia","GEO","Europe",1,"Has access to sequencing facilities","1-3 NGS facilities or equivalent","June 16, 2021",FALSE,257,1650073,1334714,1112455,1319524,86360,0.0759171615616149,0.808881788866311,1.186136967338,0.0776301063863257,1.13330357112196,2.51243848511334,3989000,"Insufficient testing data","Insufficient testing data",1334714,1471,0.11,36.962,"Georgia","Reliable testing capacity","1-499 sequences","Leverage","Upper middle income","LMIC","Has not demonstrated sequencing capacity","Leverage","Leverage","Sequence"
"36","Ghana","GHA","Africa",1,"Has access to sequencing facilities","1-3 NGS facilities or equivalent","February 24, 2022",TRUE,4,1415773,75651,1429853,77220,77220,0.0490666162484056,0.0534344135677118,0.054005551619642,0.054005551619642,0.124829599233621,0.126071041722784,31073000,"Has not demonstrated testing capacity","Test - Increase diagnostic testing capacity",75651,2188,2.89,6.895,"Ghana","Reliable testing capacity","500+ sequences","Strengthen","Lower middle income","LMIC","Has not demonstrated sequencing capacity","Leverage","Leverage","Sequence"
"37","Grenada","GRD","Americas",0,"Does not have access to sequencing facilities","0 NGS facilities or equivalent","January 23, 2022",TRUE,36,101040,13559,99085,13495,11194,0.0711872700610085,0.134194378463975,0.136196195185951,0.112973709441389,2.44975148502849,2.64113978036038,113000,"Has demonstrated testing capacity","Sustain - Sustain diagnostic testing capacity",13542,52,0.38,46.012,"Grenada","Unreliable testing capacity","1-499 sequences","Test","Upper middle income","LMIC","Has not demonstrated sequencing capacity","Connect","Connect","Sequence"
"38","Guatemala","GTM","Americas",1,"Has access to sequencing facilities","1-3 NGS facilities or equivalent","February 16, 2022",TRUE,12,2863899,602449,2979796,598648,598648,0.189542633468227,0.210359722881289,0.200902343650371,0.200902343650371,0.437949242584114,0.455672284970654,17916000,"Has not demonstrated testing capacity","Test - Increase diagnostic testing capacity",602449,1204,0.2,6.597,"Guatemala","Unreliable testing capacity","500+ sequences","Test","Upper middle income","LMIC","Has not demonstrated sequencing capacity","Leverage","Leverage","Sequence"
"39","Guinea","GIN","Africa",0,"Does not have access to sequencing facilities","0 NGS facilities or equivalent","February 11, 2022",TRUE,17,271229,20405,278439,20666,20666,0.0707185504472954,0.0752316308359357,0.0742209245112933,0.0742209245112933,0.0565821328474021,0.0580862388900073,13133000,"Has not demonstrated testing capacity","Test - Increase diagnostic testing capacity",20405,305,1.49,2.26,"Guinea","Unreliable testing capacity","1-499 sequences","Test","Low income","LMIC","Has not demonstrated sequencing capacity","Connect","Connect","Sequence"
"40","Guinea-Bissau","GNB","Africa",0,"Does not have access to sequencing facilities","0 NGS facilities or equivalent","February 28, 2022",TRUE,0,71140,4739,71825,4773,4773,0.0553408402157345,0.0666151251054259,0.0664531848242255,0.0664531848242255,0.099036641051342,0.0999902550395367,1968000,"Has not demonstrated testing capacity","Test - Increase diagnostic testing capacity",4739,0,0,0,"Guinea-Bissau","Unreliable testing capacity","1-499 sequences","Test","Low income","LMIC","Has not demonstrated sequencing capacity","Connect","Connect","Sequence"
"41","Guyana","GUY","Americas",0,"Does not have access to sequencing facilities","0 NGS facilities or equivalent","December 28, 2021",TRUE,62,371658,54336,353032,54354,30751,0.0872253622365655,0.146198924817978,0.15396338009019,0.0871054182057151,1.29382604306278,1.46594580229381,787000,"Has demonstrated testing capacity","Sustain - Sustain diagnostic testing capacity",54336,54,0.1,6.833,"Guyana","Reliable testing capacity","1-499 sequences","Connect","Upper middle income","LMIC","Has not demonstrated sequencing capacity","Connect","Connect","Sequence"
"42","Haiti","HTI","Americas",0,"Does not have access to sequencing facilities","0 NGS facilities or equivalent","No tests reported",NA,NA,NA,NA,NA,NA,NA,NA,NA,NA,NA,NA,NA,NA,"Insufficient testing data","Insufficient testing data",17912,64,0.36,0.555,"Haiti","Unreliable testing capacity","1-499 sequences","Test","Low income","LMIC","Has not demonstrated sequencing capacity","Connect","Connect","Sequence"
"43","Honduras","HND","Americas",0,"Does not have access to sequencing facilities","0 NGS facilities or equivalent","December 22, 2021",TRUE,68,674953,240908,676719,242456,210597,0.291415630006689,0.35692559333761,0.358281650138388,0.311203025184752,0.186692206094888,0.227736496718829,9905000,"Has not demonstrated testing capacity","Test - Increase diagnostic testing capacity",240908,202,0.08,2.007,"Honduras","Unreliable testing capacity","1-499 sequences","Test","Lower middle income","LMIC","Has not demonstrated sequencing capacity","Connect","Connect","Sequence"
"44","India","IND","South-East Asia",2,"Has access to sequencing facilities","4+ NGS facilities or equivalent","February 28, 2022",TRUE,0,551250240,31818804,550687292,31839105,31839105,0.0531469167588655,0.0577211612642563,0.057817032393041,0.057817032393041,1.09439873372612,1.09328111139483,1380004000,"Has demonstrated testing capacity","Sustain - Sustain diagnostic testing capacity",31818804,109307,0.34,7.845,"India","Reliable testing capacity","500+ sequences","Strengthen","Lower middle income","LMIC","Has not demonstrated sequencing capacity","Leverage","Leverage","Sequence"
"45","Indonesia","IDN","South-East Asia",2,"Has access to sequencing facilities","4+ NGS facilities or equivalent","February 28, 2022",TRUE,0,80673454,4229814,76169231,4131408,4131408,0.075530783783938,0.0524312991482923,0.0542398544105034,0.0542398544105034,0.808057653602008,0.76294155049478,273524000,"Has demonstrated testing capacity","Sustain - Sustain diagnostic testing capacity",4229814,17756,0.42,6.425,"Indonesia","Reliable testing capacity","500+ sequences","Strengthen","Upper middle income","LMIC","Has not demonstrated sequencing capacity","Leverage","Leverage","Sequence"
"46","Iran","IRN","Eastern Mediterranean",2,"Has access to sequencing facilities","4+ NGS facilities or equivalent","February 24, 2022",TRUE,4,36203987,5420260,36262656,5413270,5400432,0.158737964506677,0.149714449958232,0.149279468111768,0.148925439989834,1.18091990379498,1.18608314167468,83993000,"Has demonstrated testing capacity","Sustain - Sustain diagnostic testing capacity",5420260,332,0.01,0.39,"Iran","Reliable testing capacity","1-499 sequences","Leverage","Upper middle income","LMIC","Has not demonstrated sequencing capacity","Leverage","Leverage","Sequence"
"47","Iraq","IRQ","Eastern Mediterranean",1,"Has access to sequencing facilities","1-3 NGS facilities or equivalent","February 24, 2022",TRUE,4,11075638,1607304,11186756,1615089,1613725,0.131030139965814,0.145120669346542,0.14437509855404,0.144253168657652,0.754399564891483,0.764061510922759,40223000,"Has demonstrated testing capacity","Sustain - Sustain diagnostic testing capacity",1607304,207,0.01,0.503,"Iraq","Reliable testing capacity","1-499 sequences","Leverage","Upper middle income","LMIC","Has not demonstrated sequencing capacity","Leverage","Leverage","Sequence"
"48","Ivory Coast","CIV","Africa",0,"Does not have access to sequencing facilities","0 NGS facilities or equivalent","February 28, 2022",TRUE,0,993705,48729,995627,49065,49065,0.0474879922658091,0.0490376922728576,0.0492805036424283,0.0492805036424283,0.103210230193904,0.103409856906492,26378000,"Has not demonstrated testing capacity","Test - Increase diagnostic testing capacity",48729,372,0.76,1.375,"Ivory Coast","Reliable testing capacity","1-499 sequences","Connect","Lower middle income","LMIC","Has not demonstrated sequencing capacity","Connect","Connect","Sequence"
"49","Jamaica","JAM","Americas",0,"Does not have access to sequencing facilities","0 NGS facilities or equivalent","December 26, 2021",TRUE,64,486508,104723,496476,105513,70298,0.135133753055917,0.215254425415409,0.212523868223237,0.141593954189125,0.450151513048628,0.551551751719725,2961000,"Has demonstrated testing capacity","Sustain - Sustain diagnostic testing capacity",104723,563,0.54,18.934,"Jamaica","Reliable testing capacity","1-499 sequences","Connect","Upper middle income","LMIC","Has not demonstrated sequencing capacity","Connect","Connect","Sequence"
"50","Jordan","JOR","Eastern Mediterranean",2,"Has access to sequencing facilities","4+ NGS facilities or equivalent","December 27, 2021",TRUE,63,8876376,1240618,8907801,1232246,675559,0.068548116541266,0.139766273983887,0.138333355224258,0.0758390314287443,2.38349880977795,2.86248210507035,10203000,"Has demonstrated testing capacity","Sustain - Sustain diagnostic testing capacity",1240618,694,0.06,6.758,"Jordan","Reliable testing capacity","500+ sequences","Strengthen","Upper middle income","LMIC","Has not demonstrated sequencing capacity","Leverage","Leverage","Sequence"
"51","Kazakhstan","KAZ","Europe",1,"Has access to sequencing facilities","1-3 NGS facilities or equivalent","May 28, 2021",FALSE,276,4212959,1187330,4104982,1204947,177846,0.0433173526450563,0.281828045323963,0.293532834005119,0.0433244287063865,0.614707004561833,2.37627787001211,18777000,"Insufficient testing data","Insufficient testing data",1127955,390,0.03,2.053,"Kazakhstan","Reliable testing capacity","1-499 sequences","Leverage","Upper middle income","LMIC","Has not demonstrated sequencing capacity","Leverage","Leverage","Sequence"
"52","Kenya","KEN","Africa",1,"Has access to sequencing facilities","1-3 NGS facilities or equivalent","February 28, 2022",TRUE,0,2072507,216973,2075642,217753,217753,0.0943094186120727,0.104691081863656,0.104908746305962,0.104908746305962,0.10559783842337,0.105757572129194,53771000,"Has not demonstrated testing capacity","Test - Increase diagnostic testing capacity",216973,4309,1.99,7.837,"Kenya","Reliable testing capacity","500+ sequences","Strengthen","Lower middle income","LMIC","Has not demonstrated sequencing capacity","Leverage","Leverage","Sequence"
"53","Kiribati","KIR","Western Pacific",0,"Does not have access to sequencing facilities","0 NGS facilities or equivalent","No tests reported",NA,NA,NA,NA,NA,NA,NA,NA,NA,NA,NA,NA,NA,NA,"Insufficient testing data","Insufficient testing data",2914,0,0,NA,"Kiribati","Reliable testing capacity","0 sequences","Connect","Lower middle income","LMIC","Has not demonstrated sequencing capacity","Connect","Connect","Sequence"
"54","Kyrgyzstan","KGZ","Europe",0,"Does not have access to sequencing facilities","0 NGS facilities or equivalent","June 23, 2021",FALSE,250,2483508,114276,2377245,114343,31254,0.0141262501067353,0.0460139447909972,0.0480989548826478,0.0131471514294909,1.04293861233129,3.08800491535816,6524000,"Insufficient testing data","Insufficient testing data",114276,100,0.09,1.509,"Kyrgyzstan","Unreliable testing capacity","0 sequences","Test","Lower middle income","LMIC","Has not demonstrated sequencing capacity","Connect","Connect","Sequence"
"55","Laos","LAO","Western Pacific",0,"Does not have access to sequencing facilities","0 NGS facilities or equivalent","July 06, 2021",FALSE,237,192863,142698,192593,142113,2311,0.00894231811030476,0.739893084728538,0.737892862149715,0.0119993976935818,0.0726211903273664,0.202058215024613,7276000,"Insufficient testing data","Insufficient testing data",142698,0,0,0,"Laos","Reliable testing capacity","0 sequences","Connect","Lower middle income","LMIC","Has not demonstrated sequencing capacity","Connect","Connect","Sequence"
"56","Lebanon","LBN","Eastern Mediterranean",2,"Has access to sequencing facilities","4+ NGS facilities or equivalent","June 23, 2021",FALSE,250,1706011,693660,1761470,695931,177774,0.0968469623540508,0.406597612793821,0.395085354845669,0.100923660351865,0.684835566260224,2.18721052958341,6825000,"Insufficient testing data","Insufficient testing data",693660,592,0.09,8.746,"Lebanon","Reliable testing capacity","500+ sequences","Strengthen","Upper middle income","LMIC","Has not demonstrated sequencing capacity","Leverage","Leverage","Sequence"
"57","Lesotho","LSO","Africa",0,"Does not have access to sequencing facilities","0 NGS facilities or equivalent","February 26, 2022",TRUE,2,337984,22121,337767,22127,22127,0.0612387948807796,0.0654498437795872,0.0655096560646836,0.0655096560646836,0.43229858153307,0.432021027589118,2142000,"Has demonstrated testing capacity","Sustain - Sustain diagnostic testing capacity",22121,5,0.02,0.232,"Lesotho","Reliable testing capacity","1-499 sequences","Connect","Lower middle income","LMIC","Has not demonstrated sequencing capacity","Connect","Connect","Sequence"
"58","Liberia","LBR","Africa",0,"Does not have access to sequencing facilities","0 NGS facilities or equivalent","September 26, 2021",TRUE,155,66557,5497,67189,5481,3915,0.0515269284254636,0.0825908619679373,0.0815758531902544,0.0582684665644674,0.0360513928836456,0.0623648308726751,5058000,"Has not demonstrated testing capacity","Test - Increase diagnostic testing capacity",5374,77,1.43,1.486,"Liberia","Reliable testing capacity","1-499 sequences","Connect","Low income","LMIC","Has not demonstrated sequencing capacity","Connect","Connect","Sequence"
"59","Libya","LBY","Eastern Mediterranean",0,"Does not have access to sequencing facilities","0 NGS facilities or equivalent","February 28, 2022",TRUE,0,1696742,361108,1696424,359966,359966,0.194578859331309,0.212824342180485,0.212191056009583,0.212191056009583,0.6765548274164,0.676428028860627,6871000,"Has not demonstrated testing capacity","Test - Increase diagnostic testing capacity",361108,9,0,0.129,"Libya","Reliable testing capacity","1-499 sequences","Connect","Upper middle income","LMIC","Has not demonstrated sequencing capacity","Connect","Connect","Sequence"
"60","Madagascar","MDG","Africa",1,"Has access to sequencing facilities","1-3 NGS facilities or equivalent","February 26, 2022",TRUE,2,278826,43828,277727,43705,43705,0.120409969625417,0.157187636734021,0.157366766644943,0.157366766644943,0.0275868278254692,0.0274780936192611,27691000,"Has not demonstrated testing capacity","Test - Increase diagnostic testing capacity",43828,294,0.67,1.034,"Madagascar","Reliable testing capacity","500+ sequences","Strengthen","Low income","LMIC","Has not demonstrated sequencing capacity","Leverage","Leverage","Sequence"
"61","Malawi","MWI","Africa",0,"Does not have access to sequencing facilities","0 NGS facilities or equivalent","February 28, 2022",TRUE,0,348437,53394,354300,53835,53835,0.0964334088741998,0.153238605544187,0.15194750211685,0.15194750211685,0.0499018252905499,0.0507415019083559,19130000,"Has not demonstrated testing capacity","Test - Increase diagnostic testing capacity",53394,562,1.05,2.86,"Malawi","Reliable testing capacity","500+ sequences","Leverage","Low income","LMIC","Has not demonstrated sequencing capacity","Connect","Connect","Sequence"
"62","Malaysia","MYS","Western Pacific",1,"Has access to sequencing facilities","1-3 NGS facilities or equivalent","June 16, 2021",FALSE,257,11121517,3141984,7169726,3069598,380204,0.0487245555745449,0.282513977184947,0.428133236890782,0.0530290836776747,0.941417215258021,1.99567837008361,32366000,"Insufficient testing data","Insufficient testing data",3141984,8570,0.27,26.147,"Malaysia","Reliable testing capacity","500+ sequences","Strengthen","Upper middle income","LMIC","Has not demonstrated sequencing capacity","Leverage","Leverage","Sequence"
"63","Mali","MLI","Africa",1,"Has access to sequencing facilities","1-3 NGS facilities or equivalent","February 28, 2022",TRUE,0,431515,22005,432353,22015,22015,0.0402812557735685,0.0509947510515278,0.050919040691287,0.050919040691287,0.0583789875419648,0.0584923592476069,20251000,"Has not demonstrated testing capacity","Test - Increase diagnostic testing capacity",22005,39,0.18,0.187,"Mali","Reliable testing capacity","1-499 sequences","Leverage","Low income","LMIC","Has not demonstrated sequencing capacity","Leverage","Leverage","Sequence"
"64","Marshall Islands","MHL","Western Pacific",0,"Does not have access to sequencing facilities","0 NGS facilities or equivalent","No tests reported",NA,NA,NA,NA,NA,NA,NA,NA,NA,NA,NA,NA,NA,NA,"Insufficient testing data","Insufficient testing data",3,0,0,0,"Marshall Islands","Unreliable testing capacity","0 sequences","Test","Upper middle income","LMIC","Has not demonstrated sequencing capacity","Connect","Connect","Sequence"
"65","Mauritania","MRT","Africa",0,"Does not have access to sequencing facilities","0 NGS facilities or equivalent","February 28, 2022",TRUE,0,672329,41426,669446,41444,41444,0.0479550636167897,0.0616156673295366,0.0619079059401356,0.0619079059401356,0.396128443069672,0.394429812932685,4650000,"Has demonstrated testing capacity","Sustain - Sustain diagnostic testing capacity",41426,0,0,0,"Mauritania","Reliable testing capacity","0 sequences","Connect","Lower middle income","LMIC","Has not demonstrated sequencing capacity","Connect","Connect","Sequence"
"66","Moldova","MDA","Europe",0,"Does not have access to sequencing facilities","0 NGS facilities or equivalent","June 13, 2021",FALSE,260,460941,316347,472979,318061,74141,0.156015507992849,0.686306924313524,0.672463259468179,0.156753259658463,0.313052071094328,1.08563093336271,4034000,"Insufficient testing data","Insufficient testing data",316347,200,0.06,4.97,"Moldova","Unreliable testing capacity","1-499 sequences","Test","Lower middle income","LMIC","Has not demonstrated sequencing capacity","Connect","Connect","Sequence"
"67","Mongolia","MNG","Western Pacific",0,"Does not have access to sequencing facilities","0 NGS facilities or equivalent","No tests reported",NA,NA,NA,NA,NA,NA,NA,NA,NA,NA,NA,NA,NA,NA,"Insufficient testing data","Insufficient testing data",905250,649,0.07,19.494,"Mongolia","Reliable testing capacity","1-499 sequences","Connect","Lower middle income","LMIC","Has not demonstrated sequencing capacity","Connect","Connect","Sequence"
"68","Montenegro","MNE","Europe",0,"Does not have access to sequencing facilities","0 NGS facilities or equivalent","June 21, 2021",FALSE,252,414644,154373,135380,155614,25924,0.184230871821985,0.372302505281639,1.14946077707195,0.191490618998375,1.80893464793648,1.85839007247968,628000,"Insufficient testing data","Insufficient testing data",154373,601,0.39,95.693,"Montenegro","Unreliable testing capacity","1-499 sequences","Test","Upper middle income","LMIC","Has not demonstrated sequencing capacity","Connect","Connect","Sequence"
"69","Morocco","MAR","Eastern Mediterranean",2,"Has access to sequencing facilities","4+ NGS facilities or equivalent","February 28, 2022",TRUE,0,5864732,677321,5856766,677902,677902,0.0811830948524461,0.115490528808478,0.115746813173004,0.115746813173004,0.43531085324455,0.434719575372527,36911000,"Has demonstrated testing capacity","Sustain - Sustain diagnostic testing capacity",677321,390,0.06,1.044,"Morocco","Reliable testing capacity","1-499 sequences","Leverage","Lower middle income","LMIC","Has not demonstrated sequencing capacity","Leverage","Leverage","Sequence"
"70","Mozambique","MOZ","Africa",0,"Does not have access to sequencing facilities","0 NGS facilities or equivalent","February 26, 2022",TRUE,2,845450,165713,852908,167402,167402,0.126325571940036,0.196005677449879,0.196272048098974,0.196272048098974,0.0741097862698133,0.074763533725015,31255000,"Has not demonstrated testing capacity","Test - Increase diagnostic testing capacity",165697,659,0.4,2.049,"Mozambique","Reliable testing capacity","500+ sequences","Leverage","Low income","LMIC","Has not demonstrated sequencing capacity","Connect","Connect","Sequence"
"71","Myanmar","MMR","South-East Asia",1,"Has access to sequencing facilities","1-3 NGS facilities or equivalent","February 28, 2022",TRUE,0,4629841,445995,4563296,439052,439052,0.0839159876783849,0.0963305219336906,0.0962137893312202,0.0962137893312202,0.233128025921907,0.229777261935633,54410000,"Has demonstrated testing capacity","Sustain - Sustain diagnostic testing capacity",445995,47,0.01,0.086,"Myanmar","Reliable testing capacity","1-499 sequences","Leverage","Lower middle income","LMIC","Has not demonstrated sequencing capacity","Leverage","Leverage","Sequence"
"72","Namibia","NAM","Africa",0,"Does not have access to sequencing facilities","0 NGS facilities or equivalent","February 28, 2022",TRUE,0,652371,118380,653433,118883,118883,0.142681738567915,0.181461162436712,0.181936020984554,0.181936020984554,0.703391502644305,0.70453655933108,2541000,"Has not demonstrated testing capacity","Test - Increase diagnostic testing capacity",118380,298,0.25,11.518,"Namibia","Unreliable testing capacity","1-499 sequences","Test","Upper middle income","LMIC","Has not demonstrated sequencing capacity","Connect","Connect","Sequence"
"73","Nepal","NPL","South-East Asia",1,"Has access to sequencing facilities","1-3 NGS facilities or equivalent","February 28, 2022",TRUE,0,3258673,702841,3253067,702752,702752,0.165352810937775,0.215683193741747,0.216027521105468,0.216027521105468,0.306410105119838,0.305882977958167,29137000,"Has not demonstrated testing capacity","Test - Increase diagnostic testing capacity",702841,1483,0.21,4.997,"Nepal","Unreliable testing capacity","1-499 sequences","Test","Lower middle income","LMIC","Has not demonstrated sequencing capacity","Leverage","Leverage","Sequence"
"74","Nicaragua","NIC","Americas",0,"Does not have access to sequencing facilities","0 NGS facilities or equivalent","No tests reported",NA,NA,NA,NA,NA,NA,NA,NA,NA,NA,NA,NA,NA,NA,"Insufficient testing data","Insufficient testing data",11559,393,3.4,5.864,"Nicaragua","Unreliable testing capacity","0 sequences","Test","Lower middle income","LMIC","Has not demonstrated sequencing capacity","Connect","Connect","Sequence"
"75","Niger","NER","Africa",0,"Does not have access to sequencing facilities","0 NGS facilities or equivalent","February 28, 2022",TRUE,0,148784,4014,147710,4005,4005,0.0279418732540879,0.0269787073878912,0.0271139394760003,0.0271139394760003,0.01683923647128,0.0167176821376812,24207000,"Has not demonstrated testing capacity","Test - Increase diagnostic testing capacity",4014,69,1.72,0.275,"Niger","Reliable testing capacity","1-499 sequences","Connect","Low income","LMIC","Has not demonstrated sequencing capacity","Connect","Connect","Sequence"
"76","Nigeria","NGA","Africa",2,"Has access to sequencing facilities","4+ NGS facilities or equivalent","February 24, 2022",TRUE,4,2828518,98903,2837539,100119,100119,0.0334024760473973,0.0349663675465385,0.035283744117702,0.035283744117702,0.0375927252525548,0.0377126198314485,206140000,"Has not demonstrated testing capacity","Test - Increase diagnostic testing capacity",98903,3755,3.8,1.776,"Nigeria","Reliable testing capacity","500+ sequences","Strengthen","Lower middle income","LMIC","Has not demonstrated sequencing capacity","Leverage","Leverage","Sequence"
"77","North Macedonia","MKD","Europe",1,"Has access to sequencing facilities","1-3 NGS facilities or equivalent","February 24, 2022",TRUE,4,1342581,194475,1340061,194889,194360,0.135430347760282,0.144851595546191,0.145432931784449,0.145038173635379,1.76586851156459,1.7673961899838,2083000,"Has demonstrated testing capacity","Sustain - Sustain diagnostic testing capacity",194475,424,0.22,20.359,"North Macedonia","Reliable testing capacity","500+ sequences","Strengthen","Upper middle income","LMIC","Has not demonstrated sequencing capacity","Leverage","Leverage","Sequence"
"78","Pakistan","PAK","Eastern Mediterranean",2,"Has access to sequencing facilities","4+ NGS facilities or equivalent","February 28, 2022",TRUE,0,17512680,928856,17508441,929981,929981,0.0508892663764261,0.0530390551303398,0.0531161512324256,0.0531161512324256,0.217209972318959,0.217157395952997,220892000,"Has demonstrated testing capacity","Sustain - Sustain diagnostic testing capacity",928856,1549,0.17,0.688,"Pakistan","Reliable testing capacity","500+ sequences","Strengthen","Lower middle income","LMIC","Has not demonstrated sequencing capacity","Leverage","Leverage","Sequence"
"79","Palestine","PSE","Eastern Mediterranean",0,"Does not have access to sequencing facilities","0 NGS facilities or equivalent","February 03, 2022",TRUE,25,1913676,462335,1931244,460891,368212,0.155482635261289,0.241595233466898,0.238649802924954,0.190660527618468,1.02782747406498,1.10379317380746,5101000,"Has not demonstrated testing capacity","Test - Increase diagnostic testing capacity",462335,19,0,0.364,"Palestine","Unreliable testing capacity","1-499 sequences","Test","Lower middle income","LMIC","Has not demonstrated sequencing capacity","Connect","Connect","Sequence"
"80","Paraguay","PRY","Americas",0,"Does not have access to sequencing facilities","0 NGS facilities or equivalent","February 26, 2022",TRUE,2,1819421,481847,1808592,483154,483154,0.201832159180723,0.264835351466208,0.26714372285181,0.26714372285181,0.698824487381628,0.694665158466629,7133000,"Has not demonstrated testing capacity","Test - Increase diagnostic testing capacity",481847,916,0.19,12.688,"Paraguay","Reliable testing capacity","1-499 sequences","Connect","Upper middle income","LMIC","Has not demonstrated sequencing capacity","Connect","Connect","Sequence"
"81","Philippines","PHL","Western Pacific",1,"Has access to sequencing facilities","1-3 NGS facilities or equivalent","February 28, 2022",TRUE,0,19443082,3085656,19471745,3089302,3089302,0.145952795931144,0.158702000022424,0.15865563153174,0.15865563153174,0.486112718520721,0.48682934610327,109581000,"Has not demonstrated testing capacity","Test - Increase diagnostic testing capacity",3085645,11046,0.36,9.947,"Philippines","Reliable testing capacity","500+ sequences","Strengthen","Lower middle income","LMIC","Has not demonstrated sequencing capacity","Leverage","Leverage","Sequence"
"82","Republic of the Congo","COG","Africa",0,"Does not have access to sequencing facilities","0 NGS facilities or equivalent","January 19, 2022",TRUE,40,239114,15200,259007,15212,15212,0.34451445408604,0.0635680052192678,0.058732003382148,0.058732003382148,0.11872179219193,0.128598807390011,5518000,"Has not demonstrated testing capacity","Test - Increase diagnostic testing capacity",15200,417,2.74,7.371,"Republic of the Congo","Reliable testing capacity","1-499 sequences","Connect","Lower middle income","LMIC","Has not demonstrated sequencing capacity","Connect","Connect","Sequence"
"83","Rwanda","RWA","Africa",0,"Does not have access to sequencing facilities","0 NGS facilities or equivalent","February 28, 2022",TRUE,0,3809289,110652,3779595,110924,110924,0.0282574835455512,0.029047940442429,0.0293481179861864,0.0293481179861864,0.805775804445497,0.799494656772741,12952000,"Has demonstrated testing capacity","Sustain - Sustain diagnostic testing capacity",110652,447,0.4,3.367,"Rwanda","Reliable testing capacity","500+ sequences","Leverage","Low income","LMIC","Has not demonstrated sequencing capacity","Connect","Connect","Sequence"
"84","Samoa","WSM","Western Pacific",0,"Does not have access to sequencing facilities","0 NGS facilities or equivalent","No tests reported",NA,NA,NA,NA,NA,NA,NA,NA,NA,NA,NA,NA,NA,NA,"Insufficient testing data","Insufficient testing data",30,0,0,0,"Samoa","Unreliable testing capacity","0 sequences","Test","Upper middle income","LMIC","Has not demonstrated sequencing capacity","Connect","Connect","Sequence"
"85","São Tomé and Príncipe","STP","Africa",0,"Does not have access to sequencing facilities","0 NGS facilities or equivalent","February 24, 2022",TRUE,4,29211,4148,23760,4215,4215,0.385679572880479,0.142001300879806,0.17739898989899,0.17739898989899,0.365434415462563,0.29724150872584,219000,"Has not demonstrated testing capacity","Test - Increase diagnostic testing capacity",4148,10,0.24,4.477,"São Tomé and Príncipe","Unreliable testing capacity","0 sequences","Test","Lower middle income","LMIC","Has not demonstrated sequencing capacity","Connect","Connect","Sequence"
"86","Senegal","SEN","Africa",1,"Has access to sequencing facilities","1-3 NGS facilities or equivalent","February 28, 2022",TRUE,0,620953,51173,623908,51883,51883,0.0649245913327663,0.0824104239773381,0.083158093821525,0.083158093821525,0.101603027704874,0.102086537643417,16744000,"Has not demonstrated testing capacity","Test - Increase diagnostic testing capacity",51173,2244,4.39,13.049,"Senegal","Reliable testing capacity","500+ sequences","Strengthen","Lower middle income","LMIC","Has not demonstrated sequencing capacity","Leverage","Leverage","Sequence"
"87","Serbia","SRB","Europe",1,"Has access to sequencing facilities","1-3 NGS facilities or equivalent","February 28, 2022",TRUE,0,5814269,1451716,5813877,1452903,1452903,0.197739173600561,0.249681602278808,0.249902603718655,0.249902603718655,1.82322354464794,1.82310062229441,8737000,"Has not demonstrated testing capacity","Test - Increase diagnostic testing capacity",1451716,306,0.02,4.453,"Serbia","Reliable testing capacity","1-499 sequences","Leverage","Upper middle income","LMIC","Has not demonstrated sequencing capacity","Leverage","Leverage","Sequence"
"88","Sierra Leone","SLE","Africa",1,"Has access to sequencing facilities","1-3 NGS facilities or equivalent","February 18, 2022",TRUE,10,192774,3778,230729,3786,3786,0.0218232116107766,0.0195980785790615,0.0164088606113666,0.0164088606113666,0.0662088435759658,0.0792446090730027,7977000,"Has not demonstrated testing capacity","Test - Increase diagnostic testing capacity",3778,20,0.53,0.246,"Sierra Leone","Unreliable testing capacity","1-499 sequences","Test","Low income","LMIC","Has not demonstrated sequencing capacity","Leverage","Leverage","Sequence"
"89","Solomon Islands","SLB","Western Pacific",0,"Does not have access to sequencing facilities","0 NGS facilities or equivalent","No tests reported",NA,NA,NA,NA,NA,NA,NA,NA,NA,NA,NA,NA,NA,NA,"Insufficient testing data","Insufficient testing data",7031,1,0.01,0.142,"Solomon Islands","Reliable testing capacity","1-499 sequences","Connect","Lower middle income","LMIC","Has not demonstrated sequencing capacity","Connect","Connect","Sequence"
"90","Somalia","SOM","Eastern Mediterranean",0,"Does not have access to sequencing facilities","0 NGS facilities or equivalent","January 10, 2022",TRUE,49,316404,19056,316482,19645,17594,0.245101702435967,0.0602267986498274,0.0620730404888746,0.0555924191581196,0.0545435269598315,0.0624241227629837,15893000,"Has not demonstrated testing capacity","Test - Increase diagnostic testing capacity",19056,1,0.01,0.006,"Somalia","Unreliable testing capacity","1-499 sequences","Test","Low income","LMIC","Has not demonstrated sequencing capacity","Connect","Connect","Sequence"
"91","South Sudan","SSD","Africa",0,"Does not have access to sequencing facilities","0 NGS facilities or equivalent","February 14, 2022",TRUE,14,222191,9047,231876,9542,9542,0.0356009481356034,0.0407172207695181,0.041151305007849,0.041151305007849,0.0543811386236756,0.0567515376388036,11194000,"Has not demonstrated testing capacity","Test - Increase diagnostic testing capacity",9047,66,0.73,0.58,"South Sudan","Reliable testing capacity","1-499 sequences","Connect","Low income","LMIC","Has not demonstrated sequencing capacity","Connect","Connect","Sequence"
"92","Sri Lanka","LKA","South-East Asia",1,"Has access to sequencing facilities","1-3 NGS facilities or equivalent","May 30, 2021",FALSE,274,298313,562940,338059,560940,101638,2.30916823435625,1.88707833718276,1.65929615836289,0.300651661396383,0.0381682104521066,0.16795275488841,21413000,"Insufficient testing data","Insufficient testing data",562940,2833,0.5,13.178,"Sri Lanka","Reliable testing capacity","500+ sequences","Strengthen","Lower middle income","LMIC","Has not demonstrated sequencing capacity","Leverage","Leverage","Sequence"
"93","Sudan","SDN","Eastern Mediterranean",0,"Does not have access to sequencing facilities","0 NGS facilities or equivalent","October 27, 2021",TRUE,124,404137,31124,345823,31165,10203,0.108281147490756,0.0770134880003563,0.0901183553436295,0.0295035321537318,0.0252508530989132,0.0323224560890597,43849000,"Has not demonstrated testing capacity","Test - Increase diagnostic testing capacity",31111,80,0.26,0.178,"Sudan","Unreliable testing capacity","1-499 sequences","Test","Low income","LMIC","Has not demonstrated sequencing capacity","Connect","Connect","Sequence"
"94","Syria","SYR","Eastern Mediterranean",0,"Does not have access to sequencing facilities","0 NGS facilities or equivalent","No tests reported",NA,NA,NA,NA,NA,NA,NA,NA,NA,NA,NA,NA,NA,NA,"Insufficient testing data","Insufficient testing data",38987,54,0.14,0.295,"Syria","Unreliable testing capacity","0 sequences","Test","Low income","LMIC","Has not demonstrated sequencing capacity","Connect","Connect","Sequence"
"95","Tajikistan","TJK","Europe",0,"Does not have access to sequencing facilities","0 NGS facilities or equivalent","March 30, 2020",FALSE,700,0,4072,0,4068,0,NA,Inf,Inf,NA,0,NA,9538000,"Insufficient testing data","Insufficient testing data",4072,0,0,0,"Tajikistan","Unreliable testing capacity","0 sequences","Test","Low income","LMIC","Has not demonstrated sequencing capacity","Connect","Connect","Sequence"
"96","Tanzania","TZA","Africa",0,"Does not have access to sequencing facilities","0 NGS facilities or equivalent","February 15, 2022",TRUE,13,444015,33111,337542,33105,33105,0.0653365873242606,0.0745718050065876,0.0980766837904616,0.0980766837904616,0.0203649421109384,0.0154815114129261,59734000,"Has not demonstrated testing capacity","Test - Increase diagnostic testing capacity",33111,2,0.01,0.003,"Tanzania","Reliable testing capacity","0 sequences","Connect","Lower middle income","LMIC","Has not demonstrated sequencing capacity","Connect","Connect","Sequence"
"97","Thailand","THA","South-East Asia",1,"Has access to sequencing facilities","1-3 NGS facilities or equivalent","May 22, 2021",FALSE,282,3336506,2865976,3384068,2814670,100383,0.025003663699686,0.858975227378581,0.831741560748779,0.0296634110189275,0.130961494681477,0.563748250816286,69800000,"Insufficient testing data","Insufficient testing data",2865976,14022,0.49,20.046,"Thailand","Reliable testing capacity","500+ sequences","Strengthen","Upper middle income","LMIC","Has not demonstrated sequencing capacity","Leverage","Leverage","Sequence"
"98","The Gambia","GMB","Africa",1,"Has access to sequencing facilities","1-3 NGS facilities or equivalent","February 18, 2022",TRUE,10,96336,7227,98377,7267,7267,0.0790650833240106,0.0750186846038864,0.0738688921190929,0.0738688921190929,0.109199109050617,0.111512630284344,2417000,"Has not demonstrated testing capacity","Test - Increase diagnostic testing capacity",7227,626,8.66,25.172,"The Gambia","Reliable testing capacity","500+ sequences","Strengthen","Low income","LMIC","Has not demonstrated sequencing capacity","Leverage","Leverage","Sequence"
"99","Togo","TGO","Africa",0,"Does not have access to sequencing facilities","0 NGS facilities or equivalent","February 28, 2022",TRUE,0,453708,29897,455107,30140,30140,0.0572185346325892,0.0658948045879729,0.0662261841720738,0.0662261841720738,0.15014320768672,0.150606171415713,8279000,"Has demonstrated testing capacity","Sustain - Sustain diagnostic testing capacity",29897,215,0.72,2.536,"Togo","Unreliable testing capacity","1-499 sequences","Test","Low income","LMIC","Has not demonstrated sequencing capacity","Connect","Connect","Sequence"
"100","Tonga","TON","Western Pacific",0,"Does not have access to sequencing facilities","0 NGS facilities or equivalent","No tests reported",NA,NA,NA,NA,NA,NA,NA,NA,NA,NA,NA,NA,NA,NA,"Insufficient testing data","Insufficient testing data",355,0,0,NA,"Tonga","Reliable testing capacity","0 sequences","Connect","Upper middle income","LMIC","Has not demonstrated sequencing capacity","Connect","Connect","Sequence"
"101","Tunisia","TUN","Eastern Mediterranean",1,"Has access to sequencing facilities","1-3 NGS facilities or equivalent","February 28, 2022",TRUE,0,3360176,764953,3350574,762760,762760,0.188483611990045,0.22765265867026,0.227650545846771,0.227650545846771,0.778912060566513,0.776686250488243,11819000,"Has not demonstrated testing capacity","Test - Increase diagnostic testing capacity",764953,490,0.06,4.105,"Tunisia","Reliable testing capacity","1-499 sequences","Leverage","Lower middle income","LMIC","Has not demonstrated sequencing capacity","Leverage","Leverage","Sequence"
"102","Uganda","UGA","Africa",1,"Has access to sequencing facilities","1-3 NGS facilities or equivalent","February 28, 2022",TRUE,0,1578203,122950,1574186,122930,122930,0.0652389929121526,0.0779050603756297,0.0780911531420048,0.0780911531420048,0.0945288436111243,0.094288239351225,45741000,"Has not demonstrated testing capacity","Test - Increase diagnostic testing capacity",122950,572,0.47,1.214,"Uganda","Reliable testing capacity","500+ sequences","Strengthen","Low income","LMIC","Has not demonstrated sequencing capacity","Leverage","Leverage","Sequence"
"103","Ukraine","UKR","Europe",1,"Has access to sequencing facilities","1-3 NGS facilities or equivalent","February 18, 2022",TRUE,10,12442849,3644990,12479338,3654843,3507951,0.23063771742291,0.292938538432798,0.292871544948939,0.281100728259784,0.779485006179951,0.797056890143128,43734000,"Has not demonstrated testing capacity","Test - Increase diagnostic testing capacity",3644990,473,0.01,1.088,"Ukraine","Reliable testing capacity","1-499 sequences","Leverage","Lower middle income","LMIC","Has not demonstrated sequencing capacity","Leverage","Leverage","Sequence"
"104","Uzbekistan","UZB","Europe",0,"Does not have access to sequencing facilities","0 NGS facilities or equivalent","July 14, 2020",FALSE,594,0,156479,0,156228,0,NA,Inf,Inf,NA,0,NA,33469000,"Insufficient testing data","Insufficient testing data",156479,56,0.04,0.165,"Uzbekistan","Reliable testing capacity","1-499 sequences","Connect","Lower middle income","LMIC","Has not demonstrated sequencing capacity","Connect","Connect","Sequence"
"105","Vanuatu","VUT","Western Pacific",0,"Does not have access to sequencing facilities","0 NGS facilities or equivalent","No tests reported",NA,NA,NA,NA,NA,NA,NA,NA,NA,NA,NA,NA,NA,NA,"Insufficient testing data","Insufficient testing data",18,1,5.56,0.318,"Vanuatu","Reliable testing capacity","1-499 sequences","Connect","Lower middle income","LMIC","Has not demonstrated sequencing capacity","Connect","Connect","Sequence"
"106","Venezuela","VEN","Americas",1,"Has access to sequencing facilities","1-3 NGS facilities or equivalent","May 30, 2021",FALSE,274,433952,376008,305235,375646,94965,2.31085753343806,0.866473711378217,1.23067800219503,0.311120939603912,0.0418100150879553,0.114192602724146,28436000,"Insufficient testing data","Insufficient testing data",376008,228,0.06,0.794,"Venezuela","Reliable testing capacity","1-499 sequences","Leverage","Upper middle income","LMIC","Has not demonstrated sequencing capacity","Leverage","Leverage","Sequence"
"107","Vietnam","VNM","Western Pacific",1,"Has access to sequencing facilities","1-3 NGS facilities or equivalent","May 08, 2021",FALSE,296,2123169,3441037,412735,3141643,863,0.00442014819115954,1.62070800769981,7.61176784135099,0.00209093001562746,0.0597592061749454,0.0588914058656402,97339000,"Insufficient testing data","Insufficient testing data",3441037,2602,0.08,2.651,"Vietnam","Reliable testing capacity","500+ sequences","Strengthen","Lower middle income","LMIC","Has not demonstrated sequencing capacity","Leverage","Leverage","Sequence"
"108","Yemen","YEM","Eastern Mediterranean",0,"Does not have access to sequencing facilities","0 NGS facilities or equivalent","No tests reported",NA,NA,NA,NA,NA,NA,NA,NA,NA,NA,NA,NA,NA,NA,"Insufficient testing data","Insufficient testing data",9486,0,0,0,"Yemen","Reliable testing capacity","0 sequences","Connect","Low income","LMIC","Has not demonstrated sequencing capacity","Connect","Connect","Sequence"
"109","Zambia","ZMB","Africa",1,"Has access to sequencing facilities","1-3 NGS facilities or equivalent","February 28, 2022",TRUE,0,2185460,234216,2193256,235345,235345,0.0824628727942834,0.107170115216019,0.107303935336322,0.107303935336322,0.325694171226916,0.32685599151138,18384000,"Has demonstrated testing capacity","Sustain - Sustain diagnostic testing capacity",234216,560,0.24,2.96,"Zambia","Reliable testing capacity","500+ sequences","Strengthen","Lower middle income","LMIC","Has not demonstrated sequencing capacity","Leverage","Leverage","Sequence"
"110","Zimbabwe","ZWE","Africa",0,"Does not have access to sequencing facilities","0 NGS facilities or equivalent","February 28, 2022",TRUE,0,1694674,200291,1686358,199294,199294,0.0808696128241125,0.118188512952934,0.118180125453789,0.118180125453789,0.312382592057689,0.310849687419067,14863000,"Has demonstrated testing capacity","Sustain - Sustain diagnostic testing capacity",200291,372,0.19,2.465,"Zimbabwe","Reliable testing capacity","500+ sequences","Leverage","Lower middle income","LMIC","Has not demonstrated sequencing capacity","Connect","Connect","Sequence"
