"","name","code","population_size","sequencing_capacity","tpr_year_smoothed_truncated","avg_daily_tests_per_1000_last_year_smoothed","dx_testing_capacity","date_tests_last_reported","days_since_tests_reported","pct_cases_sequenced_in_last_year","sequences_per_100k_last_year","sars_cov_2_sequencing","ngs_capacity","facility_access","old_archetype","archetype_orig_w_HICs","archetype_new","world_bank_economies","archetype_orig"
"1","Afghanistan","AFG",38928000,"0 NGS facilities or equivalent",0.196753096713917,0.0420337651808185,"Has not demonstrated testing capacity","February 28, 2022",0,0.06,0.191,"Has not demonstrated sequencing capacity",0,"Does not have access to sequencing facilities","Connect","Test","Test","Low income","Test"
"2","Algeria","DZA",43851000,"0 NGS facilities or equivalent",NA,NA,"Insufficient data","November 01, 2020",484,0.04,0.121,"Has not demonstrated sequencing capacity",0,"Does not have access to sequencing facilities","Connect","Insufficient data","Insufficient data","Lower middle income","Insufficient data"
"3","American Samoa","ASM",NA,"0 NGS facilities or equivalent",NA,NA,"Insufficient data","No tests reported",NA,NA,NA,"Has not demonstrated sequencing capacity",0,"Does not have access to sequencing facilities","Test","Insufficient data","Insufficient data","Upper middle income","Insufficient data"
"4","Andorra","AND",77000,"0 NGS facilities or equivalent",0.185831415119926,5.21646230864108,"Has demonstrated testing capacity","February 18, 2022",10,0.46,162.888,"Has demonstrated sequencing capacity",0,"Does not have access to sequencing facilities","High Income*","Strengthen","High Income*","High income","High Income*"
"5","Angola","AGO",32866000,"0 NGS facilities or equivalent",0.0753345611278455,0.0863165414730966,"Has demonstrated testing capacity","February 26, 2022",2,1.06,2.428,"Has demonstrated sequencing capacity",0,"Does not have access to sequencing facilities","Leverage","Strengthen","Sustain","Lower middle income","Strengthen"
"6","Antigua and Barbuda","ATG",98000,"0 NGS facilities or equivalent",0.129887342611001,0.452881152460984,"Insufficient data","June 07, 2021",266,2.61,177.255,"Has demonstrated sequencing capacity",0,"Does not have access to sequencing facilities","High Income*","Insufficient data","High Income*","High income","High Income*"
"7","Argentina","ARG",45196000,"4+ NGS facilities or equivalent",0.253091820700166,1.62681732048054,"Has demonstrated testing capacity","February 28, 2022",0,0.15,22.486,"Has not demonstrated sequencing capacity",2,"Has access to sequencing facilities","Strengthen","Leverage","Sequence","Upper middle income","Leverage"
"8","Aruba","ABW",NA,"0 NGS facilities or equivalent",NA,NA,"Insufficient data","No tests reported",NA,10.76,2589.673,"Has demonstrated sequencing capacity",0,"Does not have access to sequencing facilities","High Income*","Insufficient data","High Income*","High income","High Income*"
"9","Australia","AUS",25500000,"4+ NGS facilities or equivalent",0.0658852450398684,5.27104388933656,"Has demonstrated testing capacity","February 28, 2022",0,1.59,198.067,"Has demonstrated sequencing capacity",2,"Has access to sequencing facilities","High Income*","Strengthen","High Income*","High income","High Income*"
"10","Austria","AUT",9006000,"4+ NGS facilities or equivalent",0.0149468785376324,43.791605292058,"Has demonstrated testing capacity","February 28, 2022",0,0.54,132.499,"Has demonstrated sequencing capacity",2,"Has access to sequencing facilities","High Income*","Strengthen","High Income*","High income","High Income*"
"11","Azerbaijan","AZE",10139000,"1-3 NGS facilities or equivalent",0.138708164686921,1.06831156513503,"Has demonstrated testing capacity","February 28, 2022",0,0,0.147,"Has not demonstrated sequencing capacity",1,"Has access to sequencing facilities","Test","Leverage","Sequence","Upper middle income","Leverage"
"12","Bahrain","BHR",1702000,"4+ NGS facilities or equivalent",0.0612212466664639,10.1598699354506,"Has demonstrated testing capacity","February 27, 2022",1,0.54,121.032,"Has demonstrated sequencing capacity",2,"Has access to sequencing facilities","High Income*","Strengthen","High Income*","High income","High Income*"
"13","Bangladesh","BGD",164689000,"4+ NGS facilities or equivalent",0.14920805273262,0.155596688386587,"Has demonstrated testing capacity","February 28, 2022",0,0.23,1.943,"Has not demonstrated sequencing capacity",2,"Has access to sequencing facilities","Strengthen","Leverage","Sequence","Lower middle income","Leverage"
"14","Barbados","BRB",287000,"0 NGS facilities or equivalent",0.112563104811083,4.38882153596487,"Has demonstrated testing capacity","February 28, 2022",0,0.2,36.495,"Has demonstrated sequencing capacity",0,"Does not have access to sequencing facilities","High Income*","Strengthen","High Income*","High income","High Income*"
"15","Belgium","BEL",11590000,"4+ NGS facilities or equivalent",0.124582445415075,5.26706253619677,"Has demonstrated testing capacity","February 26, 2022",2,2.92,699.756,"Has demonstrated sequencing capacity",2,"Has access to sequencing facilities","High Income*","Strengthen","High Income*","High income","High Income*"
"16","Belize","BLZ",398000,"0 NGS facilities or equivalent",0.106653540077119,2.86063559556022,"Has demonstrated testing capacity","February 24, 2022",4,1.15,125.952,"Has demonstrated sequencing capacity",0,"Does not have access to sequencing facilities","Test","Strengthen","Sustain","Upper middle income","Strengthen"
"17","Benin","BEN",12123000,"0 NGS facilities or equivalent",0.0162305085601419,0.159409749257107,"Has demonstrated testing capacity","January 25, 2022",34,2.82,4.787,"Has demonstrated sequencing capacity",0,"Does not have access to sequencing facilities","Test","Strengthen","Sustain","Lower middle income","Strengthen"
"18","Bermuda","BMU",62000,"0 NGS facilities or equivalent",0,27.4094564737075,"Insufficient data","February 25, 2022",3,0.82,143.336,"Has demonstrated sequencing capacity",0,"Does not have access to sequencing facilities","High Income*","Insufficient data","High Income*","High income","High Income*"
"19","Bhutan","BTN",772000,"0 NGS facilities or equivalent",0.00868629706468377,4.15786027444059,"Has demonstrated testing capacity","February 24, 2022",4,0,0,"Has not demonstrated sequencing capacity",0,"Does not have access to sequencing facilities","Test","Connect","Sequence","Lower middle income","Connect"
"20","Bolivia","BOL",11673000,"0 NGS facilities or equivalent",0.155061731754386,0.647888344306247,"Has not demonstrated testing capacity","January 02, 2022",57,0.02,1.031,"Has not demonstrated sequencing capacity",0,"Does not have access to sequencing facilities","Connect","Test","Test","Lower middle income","Test"
"21","Bosnia and Herzegovina","BIH",3281000,"1-3 NGS facilities or equivalent",0.316756460260072,0.633290051061947,"Has not demonstrated testing capacity","February 28, 2022",0,0.54,39.529,"Has demonstrated sequencing capacity",1,"Has access to sequencing facilities","Leverage","Test","Test","Upper middle income","Test"
"22","Brazil","BRA",212559000,"4+ NGS facilities or equivalent",0.388644031624979,0.594337208441306,"Has not demonstrated testing capacity","February 17, 2022",11,0.58,48.804,"Has demonstrated sequencing capacity",2,"Has access to sequencing facilities","Strengthen","Test","Test","Upper middle income","Test"
"23","British Virgin Islands","VGB",NA,"0 NGS facilities or equivalent",NA,NA,"Insufficient data","No tests reported",NA,2.8,545.64,"Has demonstrated sequencing capacity",0,"Does not have access to sequencing facilities","High Income*","Insufficient data","High Income*","High income","High Income*"
"24","Brunei","BRN",437000,"1-3 NGS facilities or equivalent",0.0267257606832804,4.46293219648287,"Has demonstrated testing capacity","December 14, 2021",76,1.15,165.333,"Has demonstrated sequencing capacity",1,"Has access to sequencing facilities","High Income*","Strengthen","High Income*","High income","High Income*"
"25","Burkina Faso","BFA",20903000,"1-3 NGS facilities or equivalent",0.0539696699375558,0.0216891556739526,"Has demonstrated testing capacity","February 21, 2022",7,1.13,0.461,"Has demonstrated sequencing capacity",1,"Has access to sequencing facilities","Leverage","Strengthen","Sustain","Low income","Strengthen"
"26","Cameroon","CMR",26546000,"1-3 NGS facilities or equivalent",0.056124571296981,0.155493822458714,"Has demonstrated testing capacity","February 24, 2022",4,0.58,1.774,"Has demonstrated sequencing capacity",1,"Has access to sequencing facilities","Leverage","Strengthen","Sustain","Lower middle income","Strengthen"
"27","Canada","CAN",37742000,"4+ NGS facilities or equivalent",0.0714645862651878,2.45339692780762,"Has demonstrated testing capacity","February 28, 2022",0,8.25,525.942,"Has demonstrated sequencing capacity",2,"Has access to sequencing facilities","High Income*","Strengthen","High Income*","High income","High Income*"
"28","Cape Verde","CPV",556000,"0 NGS facilities or equivalent",0.122011242260817,1.64189908347295,"Has demonstrated testing capacity","February 28, 2022",0,0.48,34.882,"Has demonstrated sequencing capacity",0,"Does not have access to sequencing facilities","Test","Strengthen","Sustain","Lower middle income","Strengthen"
"29","Cayman Islands","CYM",NA,"0 NGS facilities or equivalent",NA,NA,"Insufficient data","No tests reported",NA,0.4,112.785,"Has demonstrated sequencing capacity",0,"Does not have access to sequencing facilities","High Income*","Insufficient data","High Income*","High income","High Income*"
"30","Central African Republic","CAF",4830000,"0 NGS facilities or equivalent",0.198784874539393,0.0271245329716094,"Has not demonstrated testing capacity","February 08, 2022",20,0.44,0.833,"Has not demonstrated sequencing capacity",0,"Does not have access to sequencing facilities","Connect","Test","Test","Low income","Test"
"31","Chad","TCD",16426000,"0 NGS facilities or equivalent",0.0312879388962709,0.0182478543172,"Has demonstrated testing capacity","February 09, 2022",19,0.98,0.189,"Has demonstrated sequencing capacity",0,"Does not have access to sequencing facilities","Connect","Strengthen","Sustain","Low income","Strengthen"
"32","Chile","CHL",19116000,"4+ NGS facilities or equivalent",0.0676531580884278,3.20206581180579,"Has demonstrated testing capacity","February 02, 2022",26,0.87,101.414,"Has demonstrated sequencing capacity",2,"Has access to sequencing facilities","High Income*","Strengthen","High Income*","High income","High Income*"
"33","China","CHN",1439324000,"4+ NGS facilities or equivalent",NA,NA,"Insufficient data","June 24, 2020",614,2.59,0.035,"Has demonstrated sequencing capacity",2,"Has access to sequencing facilities","High Income*","Insufficient data","High Income*","Upper middle income","High Income*"
"34","Colombia","COL",50883000,"4+ NGS facilities or equivalent",0.174794780816805,1.17596823655881,"Has demonstrated testing capacity","February 27, 2022",1,0.35,26.226,"Has not demonstrated sequencing capacity",2,"Has access to sequencing facilities","Strengthen","Leverage","Sequence","Upper middle income","Leverage"
"35","Comoros","COM",870000,"0 NGS facilities or equivalent",NA,NA,"Insufficient data","November 27, 2020",458,0.25,1.238,"Has not demonstrated sequencing capacity",0,"Does not have access to sequencing facilities","Test","Insufficient data","Insufficient data","Lower middle income","Insufficient data"
"36","Croatia","HRV",4105000,"1-3 NGS facilities or equivalent",0.254506480965996,2.12190946556989,"Has demonstrated testing capacity","February 28, 2022",0,3.03,602.574,"Has demonstrated sequencing capacity",1,"Has access to sequencing facilities","High Income*","Strengthen","High Income*","High income","High Income*"
"37","Cuba","CUB",11327000,"0 NGS facilities or equivalent",0.0952312488918061,2.60338823275331,"Has demonstrated testing capacity","February 23, 2022",5,0,0,"Has not demonstrated sequencing capacity",0,"Does not have access to sequencing facilities","Test","Connect","Sequence","Upper middle income","Connect"
"38","Cura√ßao","CUW",NA,"0 NGS facilities or equivalent",NA,NA,"Insufficient data","No tests reported",NA,3.55,737.882,"Has demonstrated sequencing capacity",0,"Does not have access to sequencing facilities","High Income*","Insufficient data","High Income*","High income","High Income*"
"39","Cyprus","CYP",1207000,"1-3 NGS facilities or equivalent",0.00742666842041599,41.4985623081047,"Insufficient data","July 11, 2021",232,0,0.112,"Has not demonstrated sequencing capacity",1,"Has access to sequencing facilities","High Income*","Insufficient data","High Income*","High income","High Income*"
"40","Czech Republic","CZE",10709000,"1-3 NGS facilities or equivalent",0.0502225630801791,12.0853326545205,"Has demonstrated testing capacity","February 27, 2022",1,1.25,272.123,"Has demonstrated sequencing capacity",1,"Has access to sequencing facilities","High Income*","Strengthen","High Income*","High income","High Income*"
"41","Denmark","DNK",5792000,"4+ NGS facilities or equivalent",0.00647456015148619,50.3679549042118,"Has demonstrated testing capacity","December 30, 2021",60,12.58,5524.588,"Has demonstrated sequencing capacity",2,"Has access to sequencing facilities","High Income*","Strengthen","High Income*","High income","High Income*"
"42","Djibouti","DJI",988000,"0 NGS facilities or equivalent",0.0561273435741949,0.468265764516666,"Has demonstrated testing capacity","February 28, 2022",0,4.96,46.897,"Has demonstrated sequencing capacity",0,"Does not have access to sequencing facilities","Connect","Strengthen","Sustain","Lower middle income","Strengthen"
"43","Dominica","DMA",72000,"0 NGS facilities or equivalent",0.0579207437701268,5.11633079157589,"Has demonstrated testing capacity","December 28, 2021",62,0.22,33.254,"Has demonstrated sequencing capacity",0,"Does not have access to sequencing facilities","Connect","Strengthen","Sustain","Upper middle income","Strengthen"
"44","Dominican Republic","DOM",10848000,"1-3 NGS facilities or equivalent",0.140900548819794,0.369764450765557,"Has demonstrated testing capacity","September 23, 2021",158,0.3,9.211,"Has not demonstrated sequencing capacity",1,"Has access to sequencing facilities","Test","Leverage","Sequence","Upper middle income","Leverage"
"45","East Timor","TLS",NA,"0 NGS facilities or equivalent",NA,NA,"Insufficient data","No tests reported",NA,1.39,23.291,"Has demonstrated sequencing capacity",0,"Does not have access to sequencing facilities","Connect","Insufficient data","Insufficient data","Lower middle income","Insufficient data"
"46","Ecuador","ECU",17643000,"1-3 NGS facilities or equivalent",0.311271532760026,0.246320348694863,"Has not demonstrated testing capacity","February 01, 2022",27,0.74,22.31,"Has demonstrated sequencing capacity",1,"Has access to sequencing facilities","Strengthen","Test","Test","Upper middle income","Test"
"47","Egypt","EGY",102334000,"1-3 NGS facilities or equivalent",0.0804764468625729,0.0992009511695654,"Has demonstrated testing capacity","February 25, 2022",3,0.29,0.85,"Has not demonstrated sequencing capacity",1,"Has access to sequencing facilities","Strengthen","Leverage","Sequence","Lower middle income","Leverage"
"48","El Salvador","SLV",6486000,"1-3 NGS facilities or equivalent",0.0909355611799225,0.414901642737361,"Has demonstrated testing capacity","February 14, 2022",14,0.38,5.645,"Has not demonstrated sequencing capacity",1,"Has access to sequencing facilities","Test","Leverage","Sequence","Lower middle income","Leverage"
"49","Equatorial Guinea","GNQ",1403000,"0 NGS facilities or equivalent",0.0526757574317797,0.370914367172386,"Has demonstrated testing capacity","February 24, 2022",4,0.19,1.31,"Has not demonstrated sequencing capacity",0,"Does not have access to sequencing facilities","Test","Connect","Sequence","Upper middle income","Connect"
"50","Eritrea","ERI",3546000,"0 NGS facilities or equivalent",NA,NA,"Insufficient data","December 21, 2020",434,0,0,"Has not demonstrated sequencing capacity",0,"Does not have access to sequencing facilities","Test","Insufficient data","Insufficient data","Low income","Insufficient data"
"51","Estonia","EST",1327000,"1-3 NGS facilities or equivalent",0.194389783320329,4.47165818459601,"Has demonstrated testing capacity","February 28, 2022",0,2,648.587,"Has demonstrated sequencing capacity",1,"Has access to sequencing facilities","High Income*","Strengthen","High Income*","High income","High Income*"
"52","Eswatini","SWZ",1160000,"0 NGS facilities or equivalent",0.154370299361512,0.798266414737837,"Has not demonstrated testing capacity","February 28, 2022",0,0.92,40.772,"Has demonstrated sequencing capacity",0,"Does not have access to sequencing facilities","Connect","Test","Test","Lower middle income","Test"
"53","Faroe Islands","FRO",49000,"0 NGS facilities or equivalent",0,30.5606933184233,"Insufficient data","February 27, 2022",1,0.01,6.116,"Has not demonstrated sequencing capacity",0,"Does not have access to sequencing facilities","High Income*","Insufficient data","High Income*","High income","High Income*"
"54","Fiji","FJI",896000,"0 NGS facilities or equivalent",0.12044220150267,1.60641577477897,"Has demonstrated testing capacity","December 29, 2021",61,0.81,57.149,"Has demonstrated sequencing capacity",0,"Does not have access to sequencing facilities","Leverage","Strengthen","Sustain","Upper middle income","Strengthen"
"55","Finland","FIN",5541000,"4+ NGS facilities or equivalent",0.0217489474136923,3.24069894807564,"Has demonstrated testing capacity","September 15, 2021",166,3.66,382.636,"Has demonstrated sequencing capacity",2,"Has access to sequencing facilities","High Income*","Strengthen","High Income*","High income","High Income*"
"56","France","FRA",65274000,"4+ NGS facilities or equivalent",0.0997936412292812,8.14453408414099,"Has demonstrated testing capacity","February 28, 2022",0,0.96,274.32,"Has demonstrated sequencing capacity",2,"Has access to sequencing facilities","High Income*","Strengthen","High Income*","High income","High Income*"
"57","French Polynesia","PYF",281000,"0 NGS facilities or equivalent",NA,NA,"Insufficient data","September 07, 2020",539,0.07,12.388,"Has not demonstrated sequencing capacity",0,"Does not have access to sequencing facilities","High Income*","Insufficient data","High Income*","High income","High Income*"
"58","Gabon","GAB",2226000,"1-3 NGS facilities or equivalent",0.0316930743845454,1.29471628999931,"Has demonstrated testing capacity","February 24, 2022",4,1,14.437,"Has demonstrated sequencing capacity",1,"Has access to sequencing facilities","Leverage","Strengthen","Sustain","Upper middle income","Strengthen"
"59","Georgia","GEO",3989000,"1-3 NGS facilities or equivalent",0.0776301063863257,2.51243848511334,"Insufficient data","June 16, 2021",257,0.11,36.962,"Has demonstrated sequencing capacity",1,"Has access to sequencing facilities","Leverage","Insufficient data","Insufficient data","Upper middle income","Insufficient data"
"60","Germany","DEU",83784000,"4+ NGS facilities or equivalent",0.180408411117842,2.13895165442524,"Has demonstrated testing capacity","February 22, 2022",6,3.18,472.379,"Has demonstrated sequencing capacity",2,"Has access to sequencing facilities","High Income*","Strengthen","High Income*","High income","High Income*"
"61","Gibraltar","GIB",NA,"0 NGS facilities or equivalent",NA,NA,"Insufficient data","No tests reported",NA,19.6,6509.157,"Has demonstrated sequencing capacity",0,"Does not have access to sequencing facilities","High Income*","Insufficient data","High Income*","High income","High Income*"
"62","Greece","GRC",10423000,"4+ NGS facilities or equivalent",0.0367430114872933,15.7031449152888,"Has demonstrated testing capacity","February 28, 2022",0,0.53,114.1,"Has demonstrated sequencing capacity",2,"Has access to sequencing facilities","High Income*","Strengthen","High Income*","High income","High Income*"
"63","Greenland","GRL",57000,"0 NGS facilities or equivalent",0,3.61345352331104,"Insufficient data","August 25, 2021",187,0,0,"Has not demonstrated sequencing capacity",0,"Does not have access to sequencing facilities","High Income*","Insufficient data","High Income*","High income","High Income*"
"64","Grenada","GRD",113000,"0 NGS facilities or equivalent",0.112973709441389,2.64113978036038,"Has demonstrated testing capacity","January 23, 2022",36,0.38,46.012,"Has demonstrated sequencing capacity",0,"Does not have access to sequencing facilities","Test","Strengthen","Sustain","Upper middle income","Strengthen"
"65","Guam","GUM",NA,"0 NGS facilities or equivalent",NA,NA,"Insufficient data","No tests reported",NA,NA,NA,"Has not demonstrated sequencing capacity",0,"Does not have access to sequencing facilities","High Income*","Insufficient data","High Income*","High income","High Income*"
"66","Guinea","GIN",13133000,"0 NGS facilities or equivalent",0.0751545334058688,0.0594160162423316,"Has demonstrated testing capacity","February 11, 2022",17,1.49,2.26,"Has demonstrated sequencing capacity",0,"Does not have access to sequencing facilities","Test","Strengthen","Sustain","Low income","Strengthen"
"67","Guinea-Bissau","GNB",1968000,"0 NGS facilities or equivalent",0.0664531848242255,0.0999902550395367,"Has demonstrated testing capacity","February 28, 2022",0,0,0,"Has not demonstrated sequencing capacity",0,"Does not have access to sequencing facilities","Test","Connect","Sequence","Low income","Connect"
"68","Haiti","HTI",NA,"0 NGS facilities or equivalent",NA,NA,"Insufficient data","No tests reported",NA,0.36,0.555,"Has not demonstrated sequencing capacity",0,"Does not have access to sequencing facilities","Test","Insufficient data","Insufficient data","Low income","Insufficient data"
"69","Hong Kong SAR, China","HKG",7497000,"4+ NGS facilities or equivalent",0,10.4685234246955,"Insufficient data","February 08, 2022",20,0.83,21.423,"Has demonstrated sequencing capacity",2,"Has access to sequencing facilities","High Income*","Insufficient data","High Income*","High income","High Income*"
"70","Hungary","HUN",9660000,"4+ NGS facilities or equivalent",0.190338714473109,2.02696474658952,"Has demonstrated testing capacity","February 28, 2022",0,0.01,1.173,"Has not demonstrated sequencing capacity",2,"Has access to sequencing facilities","High Income*","Leverage","High Income*","High income","High Income*"
"71","Iceland","ISL",341000,"1-3 NGS facilities or equivalent",0.0606750796302612,10.2041746721947,"Has demonstrated testing capacity","February 08, 2022",20,3.53,1184.407,"Has demonstrated sequencing capacity",1,"Has access to sequencing facilities","High Income*","Strengthen","High Income*","High income","High Income*"
"72","India","IND",1380004000,"4+ NGS facilities or equivalent",0.057817032393041,1.09328111139483,"Has demonstrated testing capacity","February 28, 2022",0,0.34,7.845,"Has not demonstrated sequencing capacity",2,"Has access to sequencing facilities","Strengthen","Leverage","Sequence","Lower middle income","Leverage"
"73","Indonesia","IDN",273524000,"4+ NGS facilities or equivalent",0.0542398544105034,0.76294155049478,"Has demonstrated testing capacity","February 28, 2022",0,0.42,6.425,"Has not demonstrated sequencing capacity",2,"Has access to sequencing facilities","Strengthen","Leverage","Sequence","Upper middle income","Leverage"
"74","Ireland","IRL",4938000,"4+ NGS facilities or equivalent",0.138637598378389,4.3586455611223,"Has demonstrated testing capacity","February 28, 2022",0,4.56,989.142,"Has demonstrated sequencing capacity",2,"Has access to sequencing facilities","High Income*","Strengthen","High Income*","High income","High Income*"
"75","Isle of Man","IMN",NA,"0 NGS facilities or equivalent",NA,NA,"Insufficient data","No tests reported",NA,0,0,"Has not demonstrated sequencing capacity",0,"Does not have access to sequencing facilities","High Income*","Insufficient data","High Income*","High income","High Income*"
"76","Israel","ISR",8656000,"4+ NGS facilities or equivalent",0.0449624181714936,12.0222837978532,"Has demonstrated testing capacity","January 23, 2022",36,1.47,451.9,"Has demonstrated sequencing capacity",2,"Has access to sequencing facilities","High Income*","Strengthen","High Income*","High income","High Income*"
"77","Italy","ITA",60462000,"4+ NGS facilities or equivalent",0.0667152834176263,6.66520590539603,"Has demonstrated testing capacity","February 28, 2022",0,0.86,140.789,"Has demonstrated sequencing capacity",2,"Has access to sequencing facilities","High Income*","Strengthen","High Income*","High income","High Income*"
"78","Ivory Coast","CIV",26378000,"0 NGS facilities or equivalent",0.0492805036424283,0.103409856906492,"Has demonstrated testing capacity","February 28, 2022",0,0.76,1.375,"Has demonstrated sequencing capacity",0,"Does not have access to sequencing facilities","Connect","Strengthen","Sustain","Lower middle income","Strengthen"
"79","Jamaica","JAM",2961000,"0 NGS facilities or equivalent",0.141593954189125,0.551551751719725,"Has demonstrated testing capacity","December 26, 2021",64,0.54,18.934,"Has demonstrated sequencing capacity",0,"Does not have access to sequencing facilities","Connect","Strengthen","Sustain","Upper middle income","Strengthen"
"80","Japan","JPN",126476000,"4+ NGS facilities or equivalent",0.136589282631548,0.595015476966292,"Has demonstrated testing capacity","February 15, 2022",13,3.76,136.314,"Has demonstrated sequencing capacity",2,"Has access to sequencing facilities","High Income*","Strengthen","High Income*","High income","High Income*"
"81","Jordan","JOR",10203000,"4+ NGS facilities or equivalent",0.0758390314287443,2.86248210507035,"Has demonstrated testing capacity","December 27, 2021",63,0.06,6.758,"Has not demonstrated sequencing capacity",2,"Has access to sequencing facilities","Strengthen","Leverage","Sequence","Upper middle income","Leverage"
"82","Kazakhstan","KAZ",18777000,"1-3 NGS facilities or equivalent",0.0433244287063865,2.37627787001211,"Insufficient data","May 28, 2021",276,0.03,2.053,"Has not demonstrated sequencing capacity",1,"Has access to sequencing facilities","Leverage","Insufficient data","Insufficient data","Upper middle income","Insufficient data"
"83","Kiribati","KIR",NA,"0 NGS facilities or equivalent",NA,NA,"Insufficient data","No tests reported",NA,0,NA,"Has not demonstrated sequencing capacity",0,"Does not have access to sequencing facilities","Connect","Insufficient data","Insufficient data","Lower middle income","Insufficient data"
"84","Kosovo","XKX",NA,"0 NGS facilities or equivalent",0,NA,"Insufficient data","February 28, 2022",0,NA,NA,"Has not demonstrated sequencing capacity",0,"Does not have access to sequencing facilities","Test","Insufficient data","Insufficient data","Upper middle income","Insufficient data"
"85","Kuwait","KWT",4271000,"1-3 NGS facilities or equivalent",0.0741249434916649,3.72366213744111,"Has demonstrated testing capacity","February 24, 2022",4,0.07,7.069,"Has not demonstrated sequencing capacity",1,"Has access to sequencing facilities","High Income*","Leverage","High Income*","High income","High Income*"
"86","Kyrgyzstan","KGZ",6524000,"0 NGS facilities or equivalent",0.0131471514294909,3.08800491535816,"Insufficient data","June 23, 2021",250,0.09,1.509,"Has not demonstrated sequencing capacity",0,"Does not have access to sequencing facilities","Test","Insufficient data","Insufficient data","Lower middle income","Insufficient data"
"87","Laos","LAO",7276000,"0 NGS facilities or equivalent",0.0119993976935818,0.202058215024613,"Insufficient data","July 06, 2021",237,0,0,"Has not demonstrated sequencing capacity",0,"Does not have access to sequencing facilities","Connect","Insufficient data","Insufficient data","Lower middle income","Insufficient data"
"88","Latvia","LVA",1886000,"1-3 NGS facilities or equivalent",0.0576358794418656,7.1276148895449,"Has demonstrated testing capacity","January 24, 2022",35,1.99,605.431,"Has demonstrated sequencing capacity",1,"Has access to sequencing facilities","High Income*","Strengthen","High Income*","High income","High Income*"
"89","Lebanon","LBN",6825000,"4+ NGS facilities or equivalent",0.100923660351865,2.18721052958341,"Insufficient data","June 23, 2021",250,0.09,8.746,"Has not demonstrated sequencing capacity",2,"Has access to sequencing facilities","Strengthen","Insufficient data","Insufficient data","Upper middle income","Insufficient data"
"90","Liberia","LBR",5058000,"0 NGS facilities or equivalent",0.0582684665644674,0.0623648308726751,"Has demonstrated testing capacity","September 26, 2021",155,1.43,1.486,"Has demonstrated sequencing capacity",0,"Does not have access to sequencing facilities","Connect","Strengthen","Sustain","Low income","Strengthen"
"91","Libya","LBY",6871000,"0 NGS facilities or equivalent",0.212191056009583,0.676428028860627,"Has not demonstrated testing capacity","February 28, 2022",0,0,0.129,"Has not demonstrated sequencing capacity",0,"Does not have access to sequencing facilities","Connect","Test","Test","Upper middle income","Test"
"92","Liechtenstein","LIE",NA,"0 NGS facilities or equivalent",NA,NA,"Insufficient data","No tests reported",NA,6.31,1542.322,"Has demonstrated sequencing capacity",0,"Does not have access to sequencing facilities","High Income*","Insufficient data","High Income*","High income","High Income*"
"93","Lithuania","LTU",2722000,"1-3 NGS facilities or equivalent",0.081725372654695,5.84233717525524,"Has demonstrated testing capacity","January 26, 2022",33,4.32,1130.578,"Has demonstrated sequencing capacity",1,"Has access to sequencing facilities","High Income*","Strengthen","High Income*","High income","High Income*"
"94","Luxembourg","LUX",626000,"4+ NGS facilities or equivalent",0.0617999631281729,8.76275698994603,"Has demonstrated testing capacity","February 14, 2022",14,15.83,3194.006,"Has demonstrated sequencing capacity",2,"Has access to sequencing facilities","High Income*","Strengthen","High Income*","High income","High Income*"
"95","Macao SAR, China","MAC",NA,"0 NGS facilities or equivalent",NA,NA,"Insufficient data","No tests reported",NA,0,0,"Has not demonstrated sequencing capacity",0,"Does not have access to sequencing facilities","High Income*","Insufficient data","High Income*","High income","High Income*"
"96","Madagascar","MDG",27691000,"1-3 NGS facilities or equivalent",0.157288611376028,0.0274917472320516,"Has not demonstrated testing capacity","February 26, 2022",2,0.67,1.034,"Has demonstrated sequencing capacity",1,"Has access to sequencing facilities","Strengthen","Test","Test","Low income","Test"
"97","Malawi","MWI",19130000,"0 NGS facilities or equivalent",0.15194750211685,0.0507415019083559,"Has not demonstrated testing capacity","February 28, 2022",0,1.05,2.86,"Has demonstrated sequencing capacity",0,"Does not have access to sequencing facilities","Leverage","Test","Test","Low income","Test"
"98","Malaysia","MYS",32366000,"1-3 NGS facilities or equivalent",0.0530290836776747,1.99567837008361,"Insufficient data","June 16, 2021",257,0.27,26.147,"Has not demonstrated sequencing capacity",1,"Has access to sequencing facilities","Strengthen","Insufficient data","Insufficient data","Upper middle income","Insufficient data"
"99","Maldives","MDV",541000,"0 NGS facilities or equivalent",0.0600431541612265,8.35663168796795,"Has demonstrated testing capacity","November 09, 2021",111,0.75,207.498,"Has demonstrated sequencing capacity",0,"Does not have access to sequencing facilities","Test","Strengthen","Sustain","Upper middle income","Strengthen"
"100","Malta","MLT",442000,"0 NGS facilities or equivalent",0.0281677500171859,6.13888823763862,"Has demonstrated testing capacity","September 06, 2021",175,1.8,170.122,"Has demonstrated sequencing capacity",0,"Does not have access to sequencing facilities","High Income*","Strengthen","High Income*","High income","High Income*"
"101","Marshall Islands","MHL",NA,"0 NGS facilities or equivalent",NA,NA,"Insufficient data","No tests reported",NA,0,0,"Has not demonstrated sequencing capacity",0,"Does not have access to sequencing facilities","Test","Insufficient data","Insufficient data","Upper middle income","Insufficient data"
"102","Mauritius","MUS",1272000,"0 NGS facilities or equivalent",0.548323366082871,0.0783152682992105,"Insufficient data","September 01, 2021",180,1.26,69.262,"Has demonstrated sequencing capacity",0,"Does not have access to sequencing facilities","High Income*","Insufficient data","High Income*","High income","High Income*"
"103","Mexico","MEX",128933000,"4+ NGS facilities or equivalent",0.353440609762175,0.205092461211403,"Has not demonstrated testing capacity","February 28, 2022",0,1.42,37.193,"Has demonstrated sequencing capacity",2,"Has access to sequencing facilities","Strengthen","Test","Test","Upper middle income","Test"
"104","Micronesia","FSM",NA,"0 NGS facilities or equivalent",NA,NA,"Insufficient data","No tests reported",NA,NA,0,NA,0,"Does not have access to sequencing facilities","Test","Insufficient data","Insufficient data","Lower middle income","Insufficient data"
"105","Moldova","MDA",4034000,"0 NGS facilities or equivalent",0.156753259658463,1.08563093336271,"Insufficient data","June 13, 2021",260,0.06,4.97,"Has not demonstrated sequencing capacity",0,"Does not have access to sequencing facilities","Test","Insufficient data","Insufficient data","Lower middle income","Insufficient data"
"106","Monaco","MCO",NA,"0 NGS facilities or equivalent",NA,NA,"Insufficient data","No tests reported",NA,1.05,197.368,"Has demonstrated sequencing capacity",0,"Does not have access to sequencing facilities","High Income*","Insufficient data","High Income*","High income","High Income*"
"107","Mongolia","MNG",NA,"0 NGS facilities or equivalent",NA,NA,"Insufficient data","No tests reported",NA,0.07,19.494,"Has not demonstrated sequencing capacity",0,"Does not have access to sequencing facilities","Connect","Insufficient data","Insufficient data","Lower middle income","Insufficient data"
"108","Montenegro","MNE",628000,"0 NGS facilities or equivalent",0.191490618998375,1.85839007247968,"Insufficient data","June 21, 2021",252,0.39,95.693,"Has demonstrated sequencing capacity",0,"Does not have access to sequencing facilities","Test","Insufficient data","Insufficient data","Upper middle income","Insufficient data"
"109","Mozambique","MOZ",31255000,"0 NGS facilities or equivalent",0.196255020621772,0.0747700203583865,"Has not demonstrated testing capacity","February 26, 2022",2,0.4,2.049,"Has not demonstrated sequencing capacity",0,"Does not have access to sequencing facilities","Leverage","Test","Test","Low income","Test"
"110","Nauru","NRU",NA,"0 NGS facilities or equivalent",NA,NA,"Insufficient data","No tests reported",NA,NA,NA,"Has not demonstrated sequencing capacity",0,"Does not have access to sequencing facilities","High Income*","Insufficient data","High Income*","High income","High Income*"
"111","Netherlands","NLD",17135000,"4+ NGS facilities or equivalent",0.157415893747278,3.39958029665792,"Has demonstrated testing capacity","January 25, 2022",34,1.59,497.872,"Has demonstrated sequencing capacity",2,"Has access to sequencing facilities","High Income*","Strengthen","High Income*","High income","High Income*"
"112","New Caledonia","NCL",285000,"0 NGS facilities or equivalent",0,0.367263519623802,"Insufficient data","September 07, 2021",174,0,0,"Has not demonstrated sequencing capacity",0,"Does not have access to sequencing facilities","High Income*","Insufficient data","High Income*","High income","High Income*"
"113","New Zealand","NZL",4822000,"4+ NGS facilities or equivalent",0.0136681116437479,2.8086629205184,"Has demonstrated testing capacity","February 28, 2022",0,5.79,131.596,"Has demonstrated sequencing capacity",2,"Has access to sequencing facilities","High Income*","Strengthen","High Income*","High income","High Income*"
"114","Nicaragua","NIC",NA,"0 NGS facilities or equivalent",NA,NA,"Insufficient data","No tests reported",NA,3.4,5.864,"Has demonstrated sequencing capacity",0,"Does not have access to sequencing facilities","Test","Insufficient data","Insufficient data","Lower middle income","Insufficient data"
"115","Niger","NER",24207000,"0 NGS facilities or equivalent",0.0271139394760003,0.0167176821376812,"Has demonstrated testing capacity","February 28, 2022",0,1.72,0.275,"Has demonstrated sequencing capacity",0,"Does not have access to sequencing facilities","Connect","Strengthen","Sustain","Low income","Strengthen"
"116","North Korea","PRK",NA,"0 NGS facilities or equivalent",NA,NA,"Insufficient data","No tests reported",NA,NA,NA,"Has not demonstrated sequencing capacity",0,"Does not have access to sequencing facilities","Test","Insufficient data","Insufficient data","Low income","Insufficient data"
"117","North Macedonia","MKD",2083000,"1-3 NGS facilities or equivalent",0.145038173635379,1.7673961899838,"Has demonstrated testing capacity","February 24, 2022",4,0.22,20.359,"Has not demonstrated sequencing capacity",1,"Has access to sequencing facilities","Strengthen","Leverage","Sequence","Upper middle income","Leverage"
"118","Northern Mariana Islands","MNP",NA,"0 NGS facilities or equivalent",NA,NA,"Insufficient data","No tests reported",NA,NA,NA,"Has not demonstrated sequencing capacity",0,"Does not have access to sequencing facilities","High Income*","Insufficient data","High Income*","High income","High Income*"
"119","Norway","NOR",5421000,"4+ NGS facilities or equivalent",0.0891084164911798,3.37054232978943,"Has demonstrated testing capacity","January 22, 2022",37,3.61,773.305,"Has demonstrated sequencing capacity",2,"Has access to sequencing facilities","High Income*","Strengthen","High Income*","High income","High Income*"
"120","Oman","OMN",5107000,"4+ NGS facilities or equivalent",NA,0.133346387311533,"Insufficient data","May 28, 2021",276,0.12,5.629,"Has not demonstrated sequencing capacity",2,"Has access to sequencing facilities","High Income*","Insufficient data","High Income*","High income","High Income*"
"121","Pakistan","PAK",220892000,"4+ NGS facilities or equivalent",0.0531161512324256,0.217157395952997,"Has demonstrated testing capacity","February 28, 2022",0,0.17,0.688,"Has not demonstrated sequencing capacity",2,"Has access to sequencing facilities","Strengthen","Leverage","Sequence","Lower middle income","Leverage"
"122","Palau","PLW",NA,"0 NGS facilities or equivalent",NA,NA,"Insufficient data","No tests reported",NA,0.32,NA,"Has not demonstrated sequencing capacity",0,"Does not have access to sequencing facilities","High Income*","Insufficient data","High Income*","High income","High Income*"
"123","Palestine","PSE",5101000,"0 NGS facilities or equivalent",0.190660527618468,1.10379317380746,"Has demonstrated testing capacity","February 03, 2022",25,0,0.364,"Has not demonstrated sequencing capacity",0,"Does not have access to sequencing facilities","Test","Connect","Sequence","Lower middle income","Connect"
"124","Panama","PAN",4315000,"4+ NGS facilities or equivalent",0.114885387405105,2.30625265955706,"Has demonstrated testing capacity","February 14, 2022",14,0.09,8.216,"Has not demonstrated sequencing capacity",2,"Has access to sequencing facilities","High Income*","Leverage","High Income*","High income","High Income*"
"125","Paraguay","PRY",7133000,"0 NGS facilities or equivalent",0.267120977738168,0.694724308586946,"Has not demonstrated testing capacity","February 26, 2022",2,0.19,12.688,"Has not demonstrated sequencing capacity",0,"Does not have access to sequencing facilities","Connect","Test","Test","Upper middle income","Test"
"126","Philippines","PHL",109581000,"1-3 NGS facilities or equivalent",0.15865563153174,0.48682934610327,"Has not demonstrated testing capacity","February 28, 2022",0,0.36,9.947,"Has not demonstrated sequencing capacity",1,"Has access to sequencing facilities","Strengthen","Test","Test","Lower middle income","Test"
"127","Poland","POL",37847000,"4+ NGS facilities or equivalent",0.164348282514358,1.70169224318133,"Has demonstrated testing capacity","February 14, 2022",14,1.74,182.247,"Has demonstrated sequencing capacity",2,"Has access to sequencing facilities","High Income*","Strengthen","High Income*","High income","High Income*"
"128","Portugal","PRT",10197000,"4+ NGS facilities or equivalent",0.0813138718375664,8.05284766806246,"Has demonstrated testing capacity","February 28, 2022",0,0.98,237.374,"Has demonstrated sequencing capacity",2,"Has access to sequencing facilities","High Income*","Strengthen","High Income*","High income","High Income*"
"129","Puerto Rico","PRI",NA,"1-3 NGS facilities or equivalent",NA,NA,"Insufficient data","No tests reported",NA,NA,NA,"Has not demonstrated sequencing capacity",1,"Has access to sequencing facilities","High Income*","Insufficient data","High Income*","High income","High Income*"
"130","Qatar","QAT",2881000,"4+ NGS facilities or equivalent",0.10494064863243,1.75583725209569,"Has demonstrated testing capacity","February 28, 2022",0,1.53,100.835,"Has demonstrated sequencing capacity",2,"Has access to sequencing facilities","High Income*","Strengthen","High Income*","High income","High Income*"
"131","Republic of the Congo","COG",5518000,"0 NGS facilities or equivalent",0.0617134199023651,0.129817382579408,"Has demonstrated testing capacity","January 19, 2022",40,2.74,7.371,"Has demonstrated sequencing capacity",0,"Does not have access to sequencing facilities","Connect","Strengthen","Sustain","Lower middle income","Strengthen"
"132","Romania","ROU",19238000,"1-3 NGS facilities or equivalent",0.128472738670952,2.13038222012085,"Has demonstrated testing capacity","February 28, 2022",0,0.5,50.602,"Has demonstrated sequencing capacity",1,"Has access to sequencing facilities","High Income*","Strengthen","High Income*","High income","High Income*"
"133","Russia","RUS",145934000,"4+ NGS facilities or equivalent",0.0622293798495977,3.08690001416165,"Has demonstrated testing capacity","February 14, 2022",14,0.08,6.365,"Has not demonstrated sequencing capacity",2,"Has access to sequencing facilities","High Income*","Leverage","High Income*","Upper middle income","High Income*"
"134","Rwanda","RWA",12952000,"0 NGS facilities or equivalent",0.0293481179861864,0.799494656772741,"Has demonstrated testing capacity","February 28, 2022",0,0.4,3.367,"Has not demonstrated sequencing capacity",0,"Does not have access to sequencing facilities","Leverage","Connect","Sequence","Low income","Connect"
"135","Saint Kitts and Nevis","KNA",53000,"0 NGS facilities or equivalent",0.0604452690166976,2.45647616443351,"Has demonstrated testing capacity","September 20, 2021",161,1.29,132.596,"Has demonstrated sequencing capacity",0,"Does not have access to sequencing facilities","High Income*","Strengthen","High Income*","High income","High Income*"
"136","Saint Lucia","LCA",184000,"0 NGS facilities or equivalent",0.186084903396712,1.55135497319833,"Has demonstrated testing capacity","February 28, 2022",0,0.64,67.245,"Has demonstrated sequencing capacity",0,"Does not have access to sequencing facilities","Test","Strengthen","Sustain","Upper middle income","Strengthen"
"137","Saint Vincent and the Grenadines","VCT",111000,"0 NGS facilities or equivalent",0.032889874353289,1.48875593150402,"Insufficient data","July 06, 2021",237,3.09,187.833,"Has demonstrated sequencing capacity",0,"Does not have access to sequencing facilities","Test","Insufficient data","Insufficient data","Upper middle income","Insufficient data"
"138","Samoa","WSM",NA,"0 NGS facilities or equivalent",NA,NA,"Insufficient data","No tests reported",NA,0,0,"Has not demonstrated sequencing capacity",0,"Does not have access to sequencing facilities","Test","Insufficient data","Insufficient data","Upper middle income","Insufficient data"
"139","San Marino","SMR",34000,"0 NGS facilities or equivalent",0.094913714804723,6.75460122699386,"Has demonstrated testing capacity","January 17, 2022",42,0,0,"Has not demonstrated sequencing capacity",0,"Does not have access to sequencing facilities","High Income*","Connect","High Income*","High income","High Income*"
"140","Saudi Arabia","SAU",34814000,"4+ NGS facilities or equivalent",0.0135783630242523,2.12574054997556,"Has demonstrated testing capacity","February 28, 2022",0,0.03,0.294,"Has not demonstrated sequencing capacity",2,"Has access to sequencing facilities","High Income*","Leverage","High Income*","High income","High Income*"
"141","Seychelles","SYC",98000,"0 NGS facilities or equivalent",NA,NA,"Insufficient data","December 21, 2020",434,1.99,740.067,"Has demonstrated sequencing capacity",0,"Does not have access to sequencing facilities","High Income*","Insufficient data","High Income*","High income","High Income*"
"142","Sierra Leone","SLE",7977000,"1-3 NGS facilities or equivalent",0.0194938704840231,0.0679540970793826,"Has demonstrated testing capacity","February 18, 2022",10,0.53,0.246,"Has demonstrated sequencing capacity",1,"Has access to sequencing facilities","Test","Strengthen","Sustain","Low income","Strengthen"
"143","Singapore","SGP",5850000,"4+ NGS facilities or equivalent",0.00162860279416478,9.70004128989636,"Has demonstrated testing capacity","September 20, 2021",161,1.75,213.62,"Has demonstrated sequencing capacity",2,"Has access to sequencing facilities","High Income*","Strengthen","High Income*","High income","High Income*"
"144","Sint Maarten (Dutch part)","SXM",NA,"0 NGS facilities or equivalent",NA,NA,"Insufficient data","No tests reported",NA,Inf,NA,"Has not demonstrated sequencing capacity",0,"Does not have access to sequencing facilities","High Income*","Insufficient data","High Income*","High income","High Income*"
"145","Slovakia","SVK",5460000,"1-3 NGS facilities or equivalent",0.0055998211422446,34.9999929217321,"Has demonstrated testing capacity","September 20, 2021",161,1.33,374.491,"Has demonstrated sequencing capacity",1,"Has access to sequencing facilities","High Income*","Strengthen","High Income*","High income","High Income*"
"146","Slovenia","SVN",2079000,"4+ NGS facilities or equivalent",0.0417203572283149,22.134051539531,"Has demonstrated testing capacity","February 28, 2022",0,6.53,2205.441,"Has demonstrated sequencing capacity",2,"Has access to sequencing facilities","High Income*","Strengthen","High Income*","High income","High Income*"
"147","Solomon Islands","SLB",NA,"0 NGS facilities or equivalent",NA,NA,"Insufficient data","No tests reported",NA,0.01,0.142,"Has not demonstrated sequencing capacity",0,"Does not have access to sequencing facilities","Connect","Insufficient data","Insufficient data","Lower middle income","Insufficient data"
"148","Somalia","SOM",15893000,"0 NGS facilities or equivalent",0.0555924191581196,0.0624241227629837,"Has demonstrated testing capacity","January 10, 2022",49,0.01,0.006,"Has not demonstrated sequencing capacity",0,"Does not have access to sequencing facilities","Test","Connect","Sequence","Low income","Connect"
"149","South Africa","ZAF",59309000,"4+ NGS facilities or equivalent",0.154237588999373,0.646942585580927,"Has not demonstrated testing capacity","February 28, 2022",0,1.07,38.235,"Has demonstrated sequencing capacity",2,"Has access to sequencing facilities","Strengthen","Test","Test","Upper middle income","Test"
"150","South Korea","KOR",51269000,"4+ NGS facilities or equivalent",0.0299782068935139,0.728491687424772,"Has demonstrated testing capacity","October 31, 2021",120,0.74,46.142,"Has demonstrated sequencing capacity",2,"Has access to sequencing facilities","High Income*","Strengthen","High Income*","High income","High Income*"
"151","South Sudan","SSD",11194000,"0 NGS facilities or equivalent",0.0421474672403677,0.0567727464975688,"Has demonstrated testing capacity","February 14, 2022",14,0.73,0.58,"Has demonstrated sequencing capacity",0,"Does not have access to sequencing facilities","Connect","Strengthen","Sustain","Low income","Strengthen"
"152","Spain","ESP",46755000,"4+ NGS facilities or equivalent",0.0648830044025055,2.45883976541416,"Has demonstrated testing capacity","November 15, 2021",105,1.06,177.036,"Has demonstrated sequencing capacity",2,"Has access to sequencing facilities","High Income*","Strengthen","High Income*","High income","High Income*"
"153","Sri Lanka","LKA",21413000,"1-3 NGS facilities or equivalent",0.300651661396383,0.16795275488841,"Insufficient data","May 30, 2021",274,0.5,13.178,"Has demonstrated sequencing capacity",1,"Has access to sequencing facilities","Strengthen","Insufficient data","Insufficient data","Lower middle income","Insufficient data"
"154","Saint Martin","MAF",NA,"0 NGS facilities or equivalent",NA,NA,"Insufficient data","No tests reported",NA,NA,NA,"Has not demonstrated sequencing capacity",0,"Does not have access to sequencing facilities","High Income*","Insufficient data","High Income*","High income","High Income*"
"155","Sudan","SDN",43849000,"0 NGS facilities or equivalent",0.0295035321537318,0.0323224560890597,"Has demonstrated testing capacity","October 27, 2021",124,0.26,0.178,"Has not demonstrated sequencing capacity",0,"Does not have access to sequencing facilities","Test","Connect","Sequence","Low income","Connect"
"156","Suriname","SUR",NA,"0 NGS facilities or equivalent",NA,NA,"Insufficient data","No tests reported",NA,1.17,136.871,"Has demonstrated sequencing capacity",0,"Does not have access to sequencing facilities","Leverage","Insufficient data","Insufficient data","Upper middle income","Insufficient data"
"157","Sweden","SWE",10099000,"4+ NGS facilities or equivalent",0.107177443499439,4.57218536488761,"Insufficient data","May 10, 2021",294,6.84,1201.507,"Has demonstrated sequencing capacity",2,"Has access to sequencing facilities","High Income*","Insufficient data","High Income*","High income","High Income*"
"158","Switzerland","CHE",8655000,"4+ NGS facilities or equivalent",0.157000452538404,4.43969484738412,"Has demonstrated testing capacity","February 28, 2022",0,4.42,1139.488,"Has demonstrated sequencing capacity",2,"Has access to sequencing facilities","High Income*","Strengthen","High Income*","High income","High Income*"
"159","Syria","SYR",NA,"0 NGS facilities or equivalent",NA,NA,"Insufficient data","No tests reported",NA,0.14,0.295,"Has not demonstrated sequencing capacity",0,"Does not have access to sequencing facilities","Test","Insufficient data","Insufficient data","Low income","Insufficient data"
"160","Taiwan","TWN",23817000,"4+ NGS facilities or equivalent",0.00174202775415434,1.27781629445067,"Has demonstrated testing capacity","February 27, 2022",1,0.4,0.327,"Has not demonstrated sequencing capacity",2,"Has access to sequencing facilities","High Income*","Leverage","High Income*","High income","High Income*"
"161","Tajikistan","TJK",9538000,"0 NGS facilities or equivalent",NA,NA,"Insufficient data","March 30, 2020",700,0,0,"Has not demonstrated sequencing capacity",0,"Does not have access to sequencing facilities","Test","Insufficient data","Insufficient data","Low income","Insufficient data"
"162","Thailand","THA",69800000,"1-3 NGS facilities or equivalent",0.0296634110189275,0.563748250816286,"Insufficient data","May 22, 2021",282,0.49,20.046,"Has not demonstrated sequencing capacity",1,"Has access to sequencing facilities","Strengthen","Insufficient data","Insufficient data","Upper middle income","Insufficient data"
"163","The Bahamas","BHS",393000,"0 NGS facilities or equivalent",0.157280079599959,1.09901233010185,"Has demonstrated testing capacity","February 23, 2022",5,0.43,26.454,"Has not demonstrated sequencing capacity",0,"Does not have access to sequencing facilities","High Income*","Connect","High Income*","High income","High Income*"
"164","Togo","TGO",8279000,"0 NGS facilities or equivalent",0.0662261841720738,0.150606171415713,"Has demonstrated testing capacity","February 28, 2022",0,0.72,2.536,"Has demonstrated sequencing capacity",0,"Does not have access to sequencing facilities","Test","Strengthen","Sustain","Low income","Strengthen"
"165","Tonga","TON",NA,"0 NGS facilities or equivalent",NA,NA,"Insufficient data","No tests reported",NA,0,NA,"Has not demonstrated sequencing capacity",0,"Does not have access to sequencing facilities","Connect","Insufficient data","Insufficient data","Upper middle income","Insufficient data"
"166","Trinidad and Tobago","TTO",1399000,"0 NGS facilities or equivalent",0.184607338969755,0.774884197373827,"Insufficient data","July 02, 2021",241,1.88,161.254,"Has demonstrated sequencing capacity",0,"Does not have access to sequencing facilities","High Income*","Insufficient data","High Income*","High income","High Income*"
"167","Tunisia","TUN",11819000,"1-3 NGS facilities or equivalent",0.227650545846771,0.776686250488243,"Has not demonstrated testing capacity","February 28, 2022",0,0.06,4.105,"Has not demonstrated sequencing capacity",1,"Has access to sequencing facilities","Leverage","Test","Test","Lower middle income","Test"
"168","Turkmenistan","TKM",NA,"0 NGS facilities or equivalent",NA,NA,"Insufficient data","No tests reported",NA,NA,NA,"Has not demonstrated sequencing capacity",0,"Does not have access to sequencing facilities","Connect","Insufficient data","Insufficient data","Upper middle income","Insufficient data"
"169","Turks and Caicos Islands","TCA",NA,"0 NGS facilities or equivalent",NA,NA,"Insufficient data","No tests reported",NA,1.41,135.114,"Has demonstrated sequencing capacity",0,"Does not have access to sequencing facilities","High Income*","Insufficient data","High Income*","High income","High Income*"
"170","Tuvalu","TUV",NA,"0 NGS facilities or equivalent",NA,NA,"Insufficient data","No tests reported",NA,NA,NA,"Has not demonstrated sequencing capacity",0,"Does not have access to sequencing facilities","Test","Insufficient data","Insufficient data","Upper middle income","Insufficient data"
"171","Uganda","UGA",45741000,"1-3 NGS facilities or equivalent",0.0780911531420048,0.094288239351225,"Has demonstrated testing capacity","February 28, 2022",0,0.47,1.214,"Has not demonstrated sequencing capacity",1,"Has access to sequencing facilities","Strengthen","Leverage","Sequence","Low income","Leverage"
"172","Ukraine","UKR",43734000,"1-3 NGS facilities or equivalent",0.281100728259784,0.797056890143128,"Has not demonstrated testing capacity","February 18, 2022",10,0.01,1.088,"Has not demonstrated sequencing capacity",1,"Has access to sequencing facilities","Leverage","Test","Test","Lower middle income","Test"
"173","United Arab Emirates","ARE",9890000,"4+ NGS facilities or equivalent",0.00466566740884429,29.4529991550895,"Has demonstrated testing capacity","February 28, 2022",0,0,0.23,"Has not demonstrated sequencing capacity",2,"Has access to sequencing facilities","High Income*","Leverage","High Income*","High income","High Income*"
"174","United Kingdom","GBR",67886000,"4+ NGS facilities or equivalent",0.0379892218814429,15.7025902579843,"Has demonstrated testing capacity","February 15, 2022",13,13.44,2741,"Has demonstrated sequencing capacity",2,"Has access to sequencing facilities","High Income*","Strengthen","High Income*","High income","High Income*"
"175","United States of America","USA",331003000,"4+ NGS facilities or equivalent",0.0973230542140037,4.28403521491273,"Has demonstrated testing capacity","February 28, 2022",0,4.78,722.401,"Has demonstrated sequencing capacity",2,"Has access to sequencing facilities","High Income*","Strengthen","High Income*","High income","High Income*"
"176","Uruguay","URY",3474000,"4+ NGS facilities or equivalent",0.166162966630317,3.69554656509018,"Has demonstrated testing capacity","February 28, 2022",0,0.04,9.497,"Has not demonstrated sequencing capacity",2,"Has access to sequencing facilities","High Income*","Leverage","High Income*","High income","High Income*"
"177","Uzbekistan","UZB",33469000,"0 NGS facilities or equivalent",NA,NA,"Insufficient data","July 14, 2020",594,0.04,0.165,"Has not demonstrated sequencing capacity",0,"Does not have access to sequencing facilities","Connect","Insufficient data","Insufficient data","Lower middle income","Insufficient data"
"178","Vanuatu","VUT",NA,"0 NGS facilities or equivalent",NA,NA,"Insufficient data","No tests reported",NA,5.56,0.318,"Has demonstrated sequencing capacity",0,"Does not have access to sequencing facilities","Connect","Insufficient data","Insufficient data","Lower middle income","Insufficient data"
"179","Venezuela","VEN",28436000,"1-3 NGS facilities or equivalent",0.311120939603912,0.114192602724146,"Insufficient data","May 30, 2021",274,0.06,0.794,"Has not demonstrated sequencing capacity",1,"Has access to sequencing facilities","Leverage","Insufficient data","Insufficient data","Upper middle income","Insufficient data"
"180","Vietnam","VNM",97339000,"1-3 NGS facilities or equivalent",0.00209093001562746,0.0588914058656402,"Insufficient data","May 08, 2021",296,0.08,2.651,"Has not demonstrated sequencing capacity",1,"Has access to sequencing facilities","Strengthen","Insufficient data","Insufficient data","Lower middle income","Insufficient data"
"181","U.S. Virgin Islands","VIR",NA,"0 NGS facilities or equivalent",NA,NA,"Insufficient data","No tests reported",NA,NA,NA,"Has not demonstrated sequencing capacity",0,"Does not have access to sequencing facilities","High Income*","Insufficient data","High Income*","High income","High Income*"
"182","Yemen","YEM",NA,"0 NGS facilities or equivalent",NA,NA,"Insufficient data","No tests reported",NA,0,0,"Has not demonstrated sequencing capacity",0,"Does not have access to sequencing facilities","Connect","Insufficient data","Insufficient data","Low income","Insufficient data"
"183","Zambia","ZMB",18384000,"1-3 NGS facilities or equivalent",0.107303935336322,0.32685599151138,"Has demonstrated testing capacity","February 28, 2022",0,0.24,2.96,"Has not demonstrated sequencing capacity",1,"Has access to sequencing facilities","Strengthen","Leverage","Sequence","Lower middle income","Leverage"
"184","Zimbabwe","ZWE",14863000,"0 NGS facilities or equivalent",0.118180125453789,0.310849687419067,"Has demonstrated testing capacity","February 28, 2022",0,0.19,2.465,"Has not demonstrated sequencing capacity",0,"Does not have access to sequencing facilities","Leverage","Connect","Sequence","Lower middle income","Connect"
"185","British Indian Ocean Territory","IOT",NA,"0 NGS facilities or equivalent",NA,NA,"Insufficient data","No tests reported",NA,NA,NA,"Has not demonstrated sequencing capacity",NA,NA,"Test","Insufficient data","Insufficient data",NA,"Insufficient data"
"186","Cook Islands","COK",NA,"0 NGS facilities or equivalent",NA,NA,"Insufficient data","No tests reported",NA,0,NA,"Has not demonstrated sequencing capacity",NA,NA,"Test","Insufficient data","Insufficient data",NA,"Insufficient data"
"187","Falkland Islands","FLK",NA,"0 NGS facilities or equivalent",NA,NA,"Insufficient data","No tests reported",NA,0,0,"Has not demonstrated sequencing capacity",NA,NA,"Test","Insufficient data","Insufficient data",NA,"Insufficient data"
"188","French Southern and Antarctic Lands","ATF",NA,"0 NGS facilities or equivalent",NA,NA,"Insufficient data","No tests reported",NA,NA,NA,"Has not demonstrated sequencing capacity",NA,NA,"Test","Insufficient data","Insufficient data",NA,"Insufficient data"
"189","Guernsey","GGY",NA,"0 NGS facilities or equivalent",NA,NA,"Insufficient data","No tests reported",NA,NA,0,NA,NA,NA,"Test","Insufficient data","Insufficient data",NA,"Insufficient data"
"190","Heard Island and McDonald Islands","HMD",NA,"0 NGS facilities or equivalent",NA,NA,"Insufficient data","No tests reported",NA,NA,NA,"Has not demonstrated sequencing capacity",NA,NA,"Test","Insufficient data","Insufficient data",NA,"Insufficient data"
"191","Jersey","JEY",NA,"0 NGS facilities or equivalent",NA,NA,"Insufficient data","No tests reported",NA,NA,NA,"Has not demonstrated sequencing capacity",NA,NA,"Test","Insufficient data","Insufficient data",NA,"Insufficient data"
"192","Montserrat","MSR",NA,"0 NGS facilities or equivalent",NA,NA,"Insufficient data","No tests reported",NA,9.72,281.068,"Has demonstrated sequencing capacity",NA,NA,"Test","Insufficient data","Insufficient data",NA,"Insufficient data"
"193","Niue","NIU",NA,"0 NGS facilities or equivalent",NA,NA,"Insufficient data","No tests reported",NA,NA,NA,"Has not demonstrated sequencing capacity",NA,NA,"Test","Insufficient data","Insufficient data",NA,"Insufficient data"
"194","Norfolk Island","NFK",NA,"0 NGS facilities or equivalent",NA,NA,"Insufficient data","No tests reported",NA,NA,NA,"Has not demonstrated sequencing capacity",NA,NA,"Test","Insufficient data","Insufficient data",NA,"Insufficient data"
"195","Pitcairn Islands","PCN",NA,"0 NGS facilities or equivalent",NA,NA,"Insufficient data","No tests reported",NA,NA,NA,"Has not demonstrated sequencing capacity",NA,NA,"Test","Insufficient data","Insufficient data",NA,"Insufficient data"
"196","Saint Helena","SHN",NA,"0 NGS facilities or equivalent",NA,NA,"Insufficient data","No tests reported",NA,NA,0,NA,NA,NA,"Test","Insufficient data","Insufficient data",NA,"Insufficient data"
"197","Saint Pierre and Miquelon","SPM",NA,"0 NGS facilities or equivalent",NA,NA,"Insufficient data","No tests reported",NA,0,0,"Has not demonstrated sequencing capacity",NA,NA,"Test","Insufficient data","Insufficient data",NA,"Insufficient data"
"198","Saint-Barth√©lemy","BLM",NA,"0 NGS facilities or equivalent",NA,NA,"Insufficient data","No tests reported",NA,NA,NA,"Has not demonstrated sequencing capacity",NA,NA,"Test","Insufficient data","Insufficient data",NA,"Insufficient data"
"199","South Georgia and the South Sandwich Islands","SGS",NA,"0 NGS facilities or equivalent",NA,NA,"Insufficient data","No tests reported",NA,NA,NA,"Has not demonstrated sequencing capacity",NA,NA,"Test","Insufficient data","Insufficient data",NA,"Insufficient data"
"200","Wallis and Futuna","WLF",NA,"0 NGS facilities or equivalent",NA,NA,"Insufficient data","No tests reported",NA,2.25,90.139,"Has demonstrated sequencing capacity",NA,NA,"Test","Insufficient data","Insufficient data",NA,"Insufficient data"
"201","Anguilla","AIA",NA,"0 NGS facilities or equivalent",NA,NA,"Insufficient data","No tests reported",NA,2.68,449.587,"Has demonstrated sequencing capacity",NA,NA,"Test","Insufficient data","Insufficient data",NA,"Insufficient data"
"202","Vatican City","VAT",NA,"0 NGS facilities or equivalent",NA,NA,"Insufficient data","No tests reported",NA,0,0,"Has not demonstrated sequencing capacity",NA,NA,"Test","Insufficient data","Insufficient data",NA,"Insufficient data"
"203","Western Sahara","ESH",597000,"0 NGS facilities or equivalent",0,0.027397858859515,"Insufficient data","October 13, 2021",138,NA,NA,"Has not demonstrated sequencing capacity",NA,NA,"Test","Insufficient data","Insufficient data",NA,"Insufficient data"
