"name","code","population_size","date_tests_last_reported","rept_tests_within_last_6_months","days_since_tests_reported","cases_in_last_year_smoothed_truncated","tests_in_last_year_smoothed","tpr_year_smoothed_truncated","avg_daily_tests_per_1000_last_year_smoothed","cases_in_last_year","sequences_in_last_year","pct_cases_sequenced_in_last_year","sequences_per_100k_last_year","dx_testing_capacity","ngs_capacity","sequencing_capacity","sars_cov_2_sequencing","world_bank_economies","archetype"
"Afghanistan","AFG",38928000,"February 20, 2022",TRUE,1,116359,601715,0.193378925238693,0.0423482903456469,116069,76,0.07,0.191,"Has not demonstrated testing capacity",0,"0 NGS facilities or equivalent","Has not demonstrated sequencing capacity","Low income","Test"
"Albania","ALB",2878000,"February 21, 2022",TRUE,0,172647,1295569,0.133259594818956,1.23332317914838,169055,28,0.02,0.975,"Has demonstrated testing capacity",0,"0 NGS facilities or equivalent","Has not demonstrated sequencing capacity","Upper middle income","Connect"
"Algeria","DZA",43851000,"November 01, 2020",FALSE,477,0,0,NaN,NaN,151452,54,0.04,0.121,"Insufficient data",0,"0 NGS facilities or equivalent","Has not demonstrated sequencing capacity","Lower middle income","Insufficient Data"
"American Samoa","ASM",NaN,"No tests reported",NaN,NaN,NaN,NaN,NaN,NaN,NaN,NaN,NaN,NaN,"Insufficient data",0,"0 NGS facilities or equivalent","Has not demonstrated sequencing capacity","Upper middle income","Insufficient Data"
"Andorra","AND",77000,"February 18, 2022",TRUE,3,26901,146186,0.184018989506519,5.20142323429995,26823,86,0.32,111.177,"Has demonstrated testing capacity",0,"0 NGS facilities or equivalent","Has demonstrated sequencing capacity","High income","Strengthen"
"Angola","AGO",32866000,"February 21, 2022",TRUE,0,78148,1035109,0.075497363079637,0.0862871985788703,78066,862,1.1,2.54,"Has demonstrated testing capacity",0,"0 NGS facilities or equivalent","Has demonstrated sequencing capacity","Lower middle income","Strengthen"
"Antigua and Barbuda","ATG",98000,"June 07, 2021",FALSE,259,738,5484,0.134573304157549,0.513387006178618,6797,175,2.57,177.255,"Insufficient data",0,"0 NGS facilities or equivalent","Has demonstrated sequencing capacity","High income","Insufficient Data"
"Argentina","ARG",45196000,"February 21, 2022",TRUE,0,6760859,26754991,0.252695244786291,1.62185470407734,6735524,10019,0.15,21.969,"Has demonstrated testing capacity",2,"4+ NGS facilities or equivalent","Has not demonstrated sequencing capacity","Upper middle income","Leverage"
"Armenia","ARM",2963000,"February 21, 2022",TRUE,0,242991,2156629,0.11267167417298,1.99411832694557,241476,121,0.05,4.077,"Has demonstrated testing capacity",0,"0 NGS facilities or equivalent","Has not demonstrated sequencing capacity","Upper middle income","Connect"
"Aruba","ABW",NaN,"No tests reported",NaN,NaN,NaN,NaN,NaN,NaN,25894,2845,10.99,2654.042,"Insufficient data",0,"0 NGS facilities or equivalent","Has demonstrated sequencing capacity","High income","Insufficient Data"
"Australia","AUS",25500000,"February 21, 2022",TRUE,0,3074104,48825412,0.062961148182426,5.24581380607037,2961115,45083,1.52,174.82,"Has demonstrated testing capacity",2,"4+ NGS facilities or equivalent","Has demonstrated sequencing capacity","High income","Strengthen"
"Austria","AUT",9006000,"February 21, 2022",TRUE,0,1974093,141722118,0.013929321886087,43.1134549569693,1948202,11016,0.57,121.817,"Has demonstrated testing capacity",2,"4+ NGS facilities or equivalent","Has demonstrated sequencing capacity","High income","Strengthen"
"Azerbaijan","AZE",10139000,"February 21, 2022",TRUE,0,533925,3928983,0.135893945074336,1.06167639671579,531073,15,0,0.147,"Has demonstrated testing capacity",1,"1-3 NGS facilities or equivalent","Has not demonstrated sequencing capacity","Upper middle income","Leverage"
"Bahrain","BHR",1702000,"February 21, 2022",TRUE,0,369091,6294150,0.0586403247459943,10.1317547446195,363703,2116,0.58,121.032,"Has demonstrated testing capacity",2,"4+ NGS facilities or equivalent","Has demonstrated sequencing capacity","High income","Strengthen"
"Bangladesh","BGD",164689000,"February 21, 2022",TRUE,0,1386004,9264245,0.149607874144088,0.154117719766863,1383219,3149,0.23,1.894,"Has demonstrated testing capacity",2,"4+ NGS facilities or equivalent","Has not demonstrated sequencing capacity","Lower middle income","Leverage"
"Barbados","BRB",287000,"February 21, 2022",TRUE,0,50624,456916,0.110794982009822,4.36175838862107,50137,105,0.21,36.495,"Has demonstrated testing capacity",0,"0 NGS facilities or equivalent","Has demonstrated sequencing capacity","High income","Strengthen"
"Belarus","BLR",9449000,"February 21, 2022",TRUE,0,593261,7500420,0.0790970372325816,2.1747376325972,581572,105,0.02,1.112,"Has demonstrated testing capacity",1,"1-3 NGS facilities or equivalent","Has not demonstrated sequencing capacity","Upper middle income","Leverage"
"Belgium","BEL",11590000,"February 19, 2022",TRUE,2,2740758,22285533,0.122983731194583,5.26801163024336,2730045,79236,2.9,681.17,"Has demonstrated testing capacity",2,"4+ NGS facilities or equivalent","Has demonstrated sequencing capacity","High income","Strengthen"
"Belize","BLZ",398000,"February 15, 2022",TRUE,6,43770,410561,0.106610223572137,2.82619260686997,43731,445,1.02,109.9,"Has demonstrated testing capacity",0,"0 NGS facilities or equivalent","Has demonstrated sequencing capacity","Upper middle income","Strengthen"
"Benin","BEN",12123000,"January 25, 2022",TRUE,27,2852,183517,0.0155407945857877,0.170088984908434,21133,618,2.92,4.963,"Has demonstrated testing capacity",0,"0 NGS facilities or equivalent","Has demonstrated sequencing capacity","Lower middle income","Strengthen"
"Bermuda","BMU",62000,"February 18, 2022",TRUE,3,0,610311,0,26.9691117984976,10617,89,0.84,143.336,"Insufficient data",0,"0 NGS facilities or equivalent","Has demonstrated sequencing capacity","High income","Insufficient Data"
"Bhutan","BTN",772000,"February 14, 2022",TRUE,7,6856,1094855,0.00626201643139959,3.9285483616322,7817,0,0,0,"Has demonstrated testing capacity",0,"0 NGS facilities or equivalent","Has not demonstrated sequencing capacity","Lower middle income","Connect"
"Bolivia","BOL",11673000,"January 02, 2022",TRUE,50,371559,2396680,0.155030709147654,0.645654892465384,644797,122,0.02,1.031,"Has not demonstrated testing capacity",0,"0 NGS facilities or equivalent","Has not demonstrated sequencing capacity","Lower middle income","Test"
"Bosnia and Herzegovina","BIH",3281000,"February 21, 2022",TRUE,0,240250,761682,0.315420346023669,0.636025601950625,239488,1293,0.54,39.621,"Has not demonstrated testing capacity",1,"1-3 NGS facilities or equivalent","Has demonstrated sequencing capacity","Upper middle income","Test"
"Botswana","BWA",2352000,"February 18, 2022",TRUE,3,235377,1444481,0.162949183824502,1.68260297269593,235389,2822,1.2,117.719,"Has demonstrated testing capacity",1,"1-3 NGS facilities or equivalent","Has demonstrated sequencing capacity","Upper middle income","Strengthen"
"Brazil","BRA",212559000,"February 17, 2022",TRUE,4,17886929,46170363,0.387411487321423,0.596736231321217,17641424,101350,0.57,47.361,"Has not demonstrated testing capacity",2,"4+ NGS facilities or equivalent","Has demonstrated sequencing capacity","Upper middle income","Test"
"British Virgin Islands","VGB",NaN,"No tests reported",NaN,NaN,NaN,NaN,NaN,NaN,5883,166,2.82,545.64,"Insufficient data",0,"0 NGS facilities or equivalent","Has demonstrated sequencing capacity","High income","Insufficient Data"
"Brunei","BRN",437000,"December 14, 2021",TRUE,69,15220,572503,0.0265850135283134,4.38152346111753,27414,730,2.66,165.333,"Has demonstrated testing capacity",1,"1-3 NGS facilities or equivalent","Has demonstrated sequencing capacity","High income","Strengthen"
"Bulgaria","BGR",6948000,"January 02, 2022",TRUE,50,517595,5902095,0.0876968262964253,2.67127909755488,822526,11650,1.42,168.922,"Has demonstrated testing capacity",2,"4+ NGS facilities or equivalent","Has demonstrated sequencing capacity","Upper middle income","Strengthen"
"Burkina Faso","BFA",20903000,"February 21, 2022",TRUE,0,9030,166150,0.0543484802888956,0.0217770405899658,8946,84,0.94,0.391,"Has demonstrated testing capacity",1,"1-3 NGS facilities or equivalent","Has demonstrated sequencing capacity","Low income","Strengthen"
"Burundi","BDI",11891000,"February 21, 2022",TRUE,0,36022,1281439,0.0281105850532097,0.295247816064412,35916,63,0.18,0.514,"Has demonstrated testing capacity",0,"0 NGS facilities or equivalent","Has not demonstrated sequencing capacity","Low income","Connect"
"Cambodia","KHM",16719000,"February 21, 2022",TRUE,0,124889,2395918,0.052125740530352,0.392616717752831,124219,2369,1.91,13.979,"Has demonstrated testing capacity",1,"1-3 NGS facilities or equivalent","Has demonstrated sequencing capacity","Lower middle income","Strengthen"
"Cameroon","CMR",26546000,"February 18, 2022",TRUE,3,85959,1529789,0.0561901020336792,0.157884530239058,85358,404,0.47,1.484,"Has demonstrated testing capacity",1,"1-3 NGS facilities or equivalent","Has not demonstrated sequencing capacity","Lower middle income","Leverage"
"Canada","CAN",37742000,"February 21, 2022",TRUE,0,2391109,34222129,0.0698702585102172,2.48421539754773,2378677,196639,8.27,516.548,"Has demonstrated testing capacity",2,"4+ NGS facilities or equivalent","Has demonstrated sequencing capacity","High income","Strengthen"
"Cape Verde","CPV",556000,"February 21, 2022",TRUE,0,40952,334344,0.122484626612112,1.64750172464768,40808,196,0.48,34.882,"Has demonstrated testing capacity",0,"0 NGS facilities or equivalent","Has demonstrated sequencing capacity","Lower middle income","Strengthen"
"Cayman Islands","CYM",NaN,"No tests reported",NaN,NaN,NaN,NaN,NaN,NaN,18300,77,0.42,115.793,"Insufficient data",0,"0 NGS facilities or equivalent","Has demonstrated sequencing capacity","High income","Insufficient Data"
"Central African Republic","CAF",4830000,"February 08, 2022",TRUE,13,9067,45810,0.197926216983191,0.0267168226751815,9186,44,0.48,0.894,"Has not demonstrated testing capacity",0,"0 NGS facilities or equivalent","Has not demonstrated sequencing capacity","Low income","Test"
"Chad","TCD",16426000,"February 09, 2022",TRUE,12,3452,108067,0.0319431463814115,0.0184803962476589,3367,32,0.95,0.189,"Has demonstrated testing capacity",0,"0 NGS facilities or equivalent","Has demonstrated sequencing capacity","Low income","Strengthen"
"Chile","CHL",19116000,"February 02, 2022",TRUE,19,1440573,21257461,0.0677678768880253,3.18631671753991,1948092,19153,0.98,99.691,"Has demonstrated testing capacity",2,"4+ NGS facilities or equivalent","Has demonstrated sequencing capacity","High income","Strengthen"
"China","CHN",1439324000,"June 24, 2020",FALSE,607,0,0,NaN,NaN,17533,508,2.9,0.035,"Insufficient data",2,"4+ NGS facilities or equivalent","Has demonstrated sequencing capacity","Upper middle income","Insufficient Data"
"Colombia","COL",50883000,"February 21, 2022",TRUE,0,3826634,24212256,0.158045330431002,1.30367604003706,3808881,13027,0.34,25.411,"Has demonstrated testing capacity",2,"4+ NGS facilities or equivalent","Has not demonstrated sequencing capacity","Upper middle income","Leverage"
"Comoros","COM",870000,"November 27, 2020",FALSE,451,0,0,NaN,NaN,4510,11,0.24,1.238,"Insufficient data",0,"0 NGS facilities or equivalent","Has not demonstrated sequencing capacity","Lower middle income","Insufficient Data"
"Costa Rica","CRI",5094000,"February 16, 2022",TRUE,5,572645,2986555,0.191740985851592,1.61512058155168,577645,2477,0.43,48.2,"Has demonstrated testing capacity",1,"1-3 NGS facilities or equivalent","Has demonstrated sequencing capacity","Upper middle income","Strengthen"
"Croatia","HRV",4105000,"February 21, 2022",TRUE,0,795278,3170806,0.250812569422412,2.11623379440375,792088,22824,2.88,559.185,"Has demonstrated testing capacity",1,"1-3 NGS facilities or equivalent","Has demonstrated sequencing capacity","High income","Strengthen"
"Cuba","CUB",11327000,"February 19, 2022",TRUE,2,1022383,10754225,0.0950680314016119,2.60118567466993,1018958,0,0,0,"Has demonstrated testing capacity",0,"0 NGS facilities or equivalent","Has not demonstrated sequencing capacity","Upper middle income","Connect"
"Curaçao","CUW",NaN,"No tests reported",NaN,NaN,NaN,NaN,NaN,NaN,33927,1190,3.51,722.105,"Insufficient data",0,"0 NGS facilities or equivalent","Has demonstrated sequencing capacity","High income","Insufficient Data"
"Cyprus","CYP",1207000,"July 11, 2021",FALSE,225,51539,6962006,0.00740289508512345,40.33583814694,266771,1,0,0.112,"Insufficient data",1,"1-3 NGS facilities or equivalent","Has not demonstrated sequencing capacity","High income","Insufficient Data"
"Czech Republic","CZE",10709000,"February 21, 2022",TRUE,0,2374994,47067418,0.0504594069723561,12.0414445921175,2315205,26948,1.16,251.274,"Has demonstrated testing capacity",1,"1-3 NGS facilities or equivalent","Has demonstrated sequencing capacity","High income","Strengthen"
"Democratic Republic of the Congo","COD",89561000,"February 21, 2022",TRUE,0,61069,829492,0.0736221687490657,0.025374670022865,60754,358,0.59,0.388,"Has demonstrated testing capacity",1,"1-3 NGS facilities or equivalent","Has demonstrated sequencing capacity","Low income","Strengthen"
"Denmark","DNK",5792000,"December 30, 2021",TRUE,53,585270,90763583,0.00644829105082817,49.7476448083838,2275822,299007,13.14,5143.497,"Has demonstrated testing capacity",2,"4+ NGS facilities or equivalent","Has demonstrated sequencing capacity","High income","Strengthen"
"Djibouti","DJI",988000,"February 21, 2022",TRUE,0,9520,168249,0.0565828028695564,0.466554822250568,9511,430,4.52,42.906,"Has demonstrated testing capacity",0,"0 NGS facilities or equivalent","Has demonstrated sequencing capacity","Lower middle income","Strengthen"
"Dominica","DMA",72000,"December 28, 2021",TRUE,55,6535,113267,0.0576955335622909,5.02604721334753,10618,24,0.23,33.254,"Has demonstrated testing capacity",0,"0 NGS facilities or equivalent","Has demonstrated sequencing capacity","Upper middle income","Strengthen"
"Dominican Republic","DOM",10848000,"September 23, 2021",TRUE,151,123503,873714,0.141354035759986,0.371158904612373,335427,1002,0.3,9.148,"Has demonstrated testing capacity",1,"1-3 NGS facilities or equivalent","Has not demonstrated sequencing capacity","Upper middle income","Leverage"
"East Timor","TLS",NaN,"No tests reported",NaN,NaN,NaN,NaN,NaN,NaN,22035,313,1.42,23.291,"Insufficient data",0,"0 NGS facilities or equivalent","Has demonstrated sequencing capacity","Lower middle income","Insufficient Data"
"Ecuador","ECU",17643000,"February 01, 2022",TRUE,20,471411,1514442,0.311277024805176,0.246661272322519,534252,3823,0.72,21.371,"Has not demonstrated testing capacity",1,"1-3 NGS facilities or equivalent","Has demonstrated sequencing capacity","Upper middle income","Test"
"Egypt","EGY",102334000,"February 21, 2022",TRUE,0,289077,3782480,0.0764252553879994,0.10126603967508,285219,886,0.31,0.85,"Has demonstrated testing capacity",1,"1-3 NGS facilities or equivalent","Has not demonstrated sequencing capacity","Lower middle income","Leverage"
"El Salvador","SLV",6486000,"February 14, 2022",TRUE,7,83824,952417,0.0880118687507678,0.406764452393948,88715,368,0.41,5.645,"Has demonstrated testing capacity",1,"1-3 NGS facilities or equivalent","Has not demonstrated sequencing capacity","Lower middle income","Leverage"
"Equatorial Guinea","GNQ",1403000,"February 19, 2022",TRUE,2,10138,189346,0.0535421925997909,0.369747800701042,10072,19,0.19,1.31,"Has demonstrated testing capacity",0,"0 NGS facilities or equivalent","Has not demonstrated sequencing capacity","Upper middle income","Connect"
"Eritrea","ERI",3546000,"December 21, 2020",FALSE,427,0,0,NaN,NaN,6996,0,0,0,"Insufficient data",0,"0 NGS facilities or equivalent","Has not demonstrated sequencing capacity","Low income","Insufficient Data"
"Estonia","EST",1327000,"February 21, 2022",TRUE,0,392057,2147730,0.182544826398104,4.43420631561561,384325,8289,2.16,625.496,"Has demonstrated testing capacity",1,"1-3 NGS facilities or equivalent","Has demonstrated sequencing capacity","High income","Strengthen"
"Eswatini","SWZ",1160000,"February 21, 2022",TRUE,0,52247,339174,0.154041878210004,0.801072272083136,52136,486,0.93,41.455,"Has not demonstrated testing capacity",0,"0 NGS facilities or equivalent","Has demonstrated sequencing capacity","Lower middle income","Test"
"Ethiopia","ETH",114964000,"February 21, 2022",TRUE,0,317904,2384898,0.133298782589444,0.0568348972138032,315169,494,0.16,0.419,"Has demonstrated testing capacity",0,"0 NGS facilities or equivalent","Has not demonstrated sequencing capacity","Low income","Connect"
"Faroe Islands","FRO",49000,"February 21, 2022",TRUE,0,0,544490,0,30.4439474419905,29913,3,0.01,6.116,"Insufficient data",0,"0 NGS facilities or equivalent","Has not demonstrated sequencing capacity","High income","Insufficient Data"
"Fiji","FJI",896000,"December 29, 2021",TRUE,54,53221,443015,0.120133629786802,1.57463816537762,63487,517,0.81,57.26,"Has demonstrated testing capacity",0,"0 NGS facilities or equivalent","Has demonstrated sequencing capacity","Upper middle income","Strengthen"
"Finland","FIN",5541000,"September 15, 2021",TRUE,159,82595,3762443,0.0219524920377531,3.24889363241741,546547,21556,3.94,388.511,"Has demonstrated testing capacity",2,"4+ NGS facilities or equivalent","Has demonstrated sequencing capacity","High income","Strengthen"
"France","FRA",65274000,"February 21, 2022",TRUE,0,19028461,193911047,0.0981298450727255,8.13897022498626,18823931,170407,0.91,252.747,"Has demonstrated testing capacity",2,"4+ NGS facilities or equivalent","Has demonstrated sequencing capacity","High income","Strengthen"
"French Polynesia","PYF",281000,"September 07, 2020",FALSE,532,0,0,NaN,NaN,39914,35,0.09,12.388,"Insufficient data",0,"0 NGS facilities or equivalent","Has not demonstrated sequencing capacity","High income","Insufficient Data"
"Gabon","GAB",2226000,"February 19, 2022",TRUE,2,34249,1071322,0.0319689131745638,1.31856638235548,33914,344,1.01,15.095,"Has demonstrated testing capacity",1,"1-3 NGS facilities or equivalent","Has demonstrated sequencing capacity","Upper middle income","Strengthen"
"Georgia","GEO",3989000,"June 16, 2021",FALSE,250,88866,1156744,0.0768242584357472,2.45748690254131,1243445,1322,0.11,33.218,"Insufficient data",1,"1-3 NGS facilities or equivalent","Has demonstrated sequencing capacity","Upper middle income","Insufficient Data"
"Germany","DEU",83784000,"February 15, 2022",TRUE,6,10560931,63810707,0.165504058746755,2.10389419543968,10914525,369056,3.38,439.874,"Has demonstrated testing capacity",2,"4+ NGS facilities or equivalent","Has demonstrated sequencing capacity","High income","Strengthen"
"Ghana","GHA",31073000,"February 21, 2022",TRUE,0,79698,1436148,0.0554942805337611,0.126626075847022,77967,1746,2.24,5.502,"Has demonstrated testing capacity",1,"1-3 NGS facilities or equivalent","Has demonstrated sequencing capacity","Lower middle income","Strengthen"
"Gibraltar","GIB",NaN,"No tests reported",NaN,NaN,NaN,NaN,NaN,NaN,10564,2193,20.76,6509.157,"Insufficient data",0,"0 NGS facilities or equivalent","Has demonstrated sequencing capacity","High income","Insufficient Data"
"Greece","GRC",10423000,"February 21, 2022",TRUE,0,2093346,58109818,0.0360239641432021,15.2743913289761,2075619,11657,0.56,112.403,"Has demonstrated testing capacity",2,"4+ NGS facilities or equivalent","Has demonstrated sequencing capacity","High income","Strengthen"
"Greenland","GRL",57000,"August 25, 2021",FALSE,180,0,37586,0,3.50746547219112,11517,0,0,0,"Insufficient data",0,"0 NGS facilities or equivalent","Has not demonstrated sequencing capacity","High income","Insufficient Data"
"Grenada","GRD",113000,"January 23, 2022",TRUE,29,11194,99631,0.112354588431312,2.60085624037382,13304,52,0.39,46.012,"Has demonstrated testing capacity",0,"0 NGS facilities or equivalent","Has demonstrated sequencing capacity","Upper middle income","Strengthen"
"Guam","GUM",NaN,"No tests reported",NaN,NaN,NaN,NaN,NaN,NaN,NaN,NaN,NaN,NaN,"Insufficient data",0,"0 NGS facilities or equivalent","Has not demonstrated sequencing capacity","High income","Insufficient Data"
"Guatemala","GTM",17916000,"February 16, 2022",TRUE,5,575511,2909143,0.197828363885859,0.447319046889771,578087,1221,0.21,6.69,"Has not demonstrated testing capacity",1,"1-3 NGS facilities or equivalent","Has not demonstrated sequencing capacity","Upper middle income","Test"
"Guinea","GIN",13133000,"February 11, 2022",TRUE,10,21146,280022,0.0755154952110906,0.0595586962264448,20959,176,0.84,1.304,"Has demonstrated testing capacity",0,"0 NGS facilities or equivalent","Has demonstrated sequencing capacity","Low income","Strengthen"
"Guinea-Bissau","GNB",1968000,"February 21, 2022",TRUE,0,4866,72757,0.0668801627334827,0.101287726918365,4776,0,0,0,"Has demonstrated testing capacity",0,"0 NGS facilities or equivalent","Has not demonstrated sequencing capacity","Low income","Connect"
"Guyana","GUY",787000,"December 28, 2021",TRUE,55,30916,358550,0.0862250732115465,1.45556182534882,54117,52,0.1,6.58,"Has demonstrated testing capacity",0,"0 NGS facilities or equivalent","Has not demonstrated sequencing capacity","Upper middle income","Connect"
"Haiti","HTI",NaN,"No tests reported",NaN,NaN,NaN,NaN,NaN,NaN,17888,64,0.36,0.555,"Insufficient data",0,"0 NGS facilities or equivalent","Has not demonstrated sequencing capacity","Low income","Insufficient Data"
"Honduras","HND",9905000,"December 22, 2021",TRUE,61,215557,694663,0.310304420992625,0.228444818610678,239669,87,0.04,0.865,"Has not demonstrated testing capacity",0,"0 NGS facilities or equivalent","Has not demonstrated sequencing capacity","Lower middle income","Test"
"Hong Kong SAR, China","HKG",7497000,"February 08, 2022",TRUE,13,0,27877615,0,10.4746555899355,9474,1481,15.63,19.609,"Insufficient data",2,"4+ NGS facilities or equivalent","Has demonstrated sequencing capacity","High income","Insufficient Data"
"Hungary","HUN",9660000,"February 21, 2022",TRUE,0,1346549,7154044,0.188222074116402,2.02899798632973,1335921,116,0.01,1.204,"Has demonstrated testing capacity",2,"4+ NGS facilities or equivalent","Has not demonstrated sequencing capacity","High income","Leverage"
"Iceland","ISL",341000,"February 08, 2022",TRUE,13,73479,1216291,0.0604123519782684,10.0474247242989,93719,4375,4.67,1186.306,"Has demonstrated testing capacity",1,"1-3 NGS facilities or equivalent","Has demonstrated sequencing capacity","High income","Strengthen"
"India","IND",1380004000,"February 21, 2022",TRUE,0,31831721,547982730,0.0580889127655538,1.08791173644801,31774385,101520,0.32,7.286,"Has demonstrated testing capacity",2,"4+ NGS facilities or equivalent","Has not demonstrated sequencing capacity","Lower middle income","Leverage"
"Indonesia","IDN",273524000,"February 21, 2022",TRUE,0,3828273,73078298,0.0523859080571362,0.731981526551576,3687393,16936,0.46,6.128,"Has demonstrated testing capacity",2,"4+ NGS facilities or equivalent","Has not demonstrated sequencing capacity","Upper middle income","Leverage"
"Iran","IRN",83993000,"February 14, 2022",TRUE,7,5280593,35910264,0.147049684736375,1.18431792545171,5320098,261,0,0.307,"Has demonstrated testing capacity",2,"4+ NGS facilities or equivalent","Has not demonstrated sequencing capacity","Upper middle income","Leverage"
"Iraq","IRQ",40223000,"February 15, 2022",TRUE,6,1623830,11345367,0.14312714608527,0.779175914717439,1618514,219,0.01,0.532,"Has demonstrated testing capacity",1,"1-3 NGS facilities or equivalent","Has not demonstrated sequencing capacity","Upper middle income","Leverage"
"Ireland","IRL",4938000,"February 21, 2022",TRUE,0,1066700,7867834,0.135577339328715,4.36527128170132,1045272,48759,4.66,978.526,"Has demonstrated testing capacity",2,"4+ NGS facilities or equivalent","Has demonstrated sequencing capacity","High income","Strengthen"
"Isle of Man","IMN",NaN,"No tests reported",NaN,NaN,NaN,NaN,NaN,NaN,21807,0,0,0,"Insufficient data",0,"0 NGS facilities or equivalent","Has not demonstrated sequencing capacity","High income","Insufficient Data"
"Israel","ISR",8656000,"January 23, 2022",TRUE,29,1579356,34599403,0.0456469147748012,11.7910276909907,2761825,42811,1.55,460.779,"Has demonstrated testing capacity",2,"4+ NGS facilities or equivalent","Has demonstrated sequencing capacity","High income","Strengthen"
"Italy","ITA",60462000,"February 21, 2022",TRUE,0,9598817,145971934,0.0657579627601563,6.61445381974323,9514152,84204,0.89,139.486,"Has demonstrated testing capacity",2,"4+ NGS facilities or equivalent","Has demonstrated sequencing capacity","High income","Strengthen"
"Ivory Coast","CIV",26378000,"February 21, 2022",TRUE,0,49671,999681,0.0496868501051836,0.103830921783097,49256,210,0.43,0.776,"Has demonstrated testing capacity",0,"0 NGS facilities or equivalent","Has not demonstrated sequencing capacity","Lower middle income","Connect"
"Jamaica","JAM",2961000,"December 26, 2021",TRUE,57,72305,508718,0.142131790107682,0.552431339460142,105995,521,0.49,17.522,"Has demonstrated testing capacity",0,"0 NGS facilities or equivalent","Has not demonstrated sequencing capacity","Upper middle income","Connect"
"Japan","JPN",126476000,"February 15, 2022",TRUE,6,3656712,27045561,0.135205625795671,0.590716772155493,3824590,163723,4.28,129.887,"Has demonstrated testing capacity",2,"4+ NGS facilities or equivalent","Has demonstrated sequencing capacity","High income","Strengthen"
"Jordan","JOR",10203000,"December 27, 2021",TRUE,56,699005,9094502,0.0768601733222996,2.85690922981426,1177651,671,0.06,6.534,"Has demonstrated testing capacity",2,"4+ NGS facilities or equivalent","Has not demonstrated sequencing capacity","Upper middle income","Leverage"
"Kazakhstan","KAZ",18777000,"May 28, 2021",FALSE,269,183561,4364379,0.0420589046001734,2.34779977438549,1127217,393,0.03,2.069,"Insufficient data",1,"1-3 NGS facilities or equivalent","Has not demonstrated sequencing capacity","Upper middle income","Insufficient Data"
"Kenya","KEN",53771000,"February 21, 2022",TRUE,0,219029,2068065,0.105910114043804,0.10537151079298,218413,3621,1.66,6.585,"Has demonstrated testing capacity",1,"1-3 NGS facilities or equivalent","Has demonstrated sequencing capacity","Lower middle income","Strengthen"
"Kiribati","KIR",NaN,"No tests reported",NaN,NaN,NaN,NaN,NaN,NaN,2757,0,0,NaN,"Insufficient data",0,"0 NGS facilities or equivalent","Has not demonstrated sequencing capacity","Lower middle income","Insufficient Data"
"Kosovo","XKX",NaN,"February 21, 2022",TRUE,0,0,1466885,0,NaN,NaN,NaN,NaN,NaN,"Insufficient data",0,"0 NGS facilities or equivalent","Has not demonstrated sequencing capacity","Upper middle income","Insufficient Data"
"Kuwait","KWT",4271000,"February 14, 2022",TRUE,7,422083,5628713,0.074987479375836,3.65066793961206,425363,306,0.07,7.069,"Has demonstrated testing capacity",1,"1-3 NGS facilities or equivalent","Has not demonstrated sequencing capacity","High income","Leverage"
"Kyrgyzstan","KGZ",6524000,"June 23, 2021",FALSE,243,31621,2388690,0.0132377997982158,2.92911097486205,114285,100,0.09,1.509,"Insufficient data",0,"0 NGS facilities or equivalent","Has not demonstrated sequencing capacity","Lower middle income","Insufficient Data"
"Laos","LAO",7276000,"July 06, 2021",FALSE,230,2311,195339,0.0118307148086148,0.1945437053326,140308,0,0,0,"Insufficient data",0,"0 NGS facilities or equivalent","Has not demonstrated sequencing capacity","Lower middle income","Insufficient Data"
"Latvia","LVA",1886000,"January 24, 2022",TRUE,28,262802,4545886,0.0578109525843807,7.08921152766515,475372,11585,2.44,620.536,"Has demonstrated testing capacity",1,"1-3 NGS facilities or equivalent","Has demonstrated sequencing capacity","High income","Strengthen"
"Lebanon","LBN",6825000,"June 23, 2021",FALSE,243,195457,1869702,0.104539119068172,2.19159208791209,680136,669,0.1,9.883,"Insufficient data",2,"4+ NGS facilities or equivalent","Has not demonstrated sequencing capacity","Upper middle income","Insufficient Data"
"Lesotho","LSO",2142000,"February 21, 2022",TRUE,0,22030,335698,0.0656244600801911,0.429374672243327,21973,5,0.02,0.232,"Has demonstrated testing capacity",0,"0 NGS facilities or equivalent","Has not demonstrated sequencing capacity","Lower middle income","Connect"
"Liberia","LBR",5058000,"September 26, 2021",TRUE,148,3933,69986,0.0561969536764496,0.0628940652072325,5372,77,1.43,1.486,"Has demonstrated testing capacity",0,"0 NGS facilities or equivalent","Has demonstrated sequencing capacity","Low income","Strengthen"
"Libya","LBY",6871000,"February 21, 2022",TRUE,0,352753,1685541,0.209281767693577,0.672088567594994,351148,42,0.01,0.604,"Has not demonstrated testing capacity",0,"0 NGS facilities or equivalent","Has not demonstrated sequencing capacity","Upper middle income","Test"
"Liechtenstein","LIE",NaN,"No tests reported",NaN,NaN,NaN,NaN,NaN,NaN,8338,577,6.92,1508.339,"Insufficient data",0,"0 NGS facilities or equivalent","Has demonstrated sequencing capacity","High income","Insufficient Data"
"Lithuania","LTU",2722000,"January 26, 2022",TRUE,26,439254,5378065,0.0816751006170435,5.77712573743936,648226,29089,4.49,1081.431,"Has demonstrated testing capacity",1,"1-3 NGS facilities or equivalent","Has demonstrated sequencing capacity","High income","Strengthen"
"Luxembourg","LUX",626000,"February 14, 2022",TRUE,7,121320,1999748,0.0606676441231595,8.84899064543821,122954,20609,16.76,3246.463,"Has demonstrated testing capacity",2,"4+ NGS facilities or equivalent","Has demonstrated sequencing capacity","High income","Strengthen"
"Macao SAR, China","MAC",NaN,"No tests reported",NaN,NaN,NaN,NaN,NaN,NaN,31,0,0,0,"Insufficient data",0,"0 NGS facilities or equivalent","Has not demonstrated sequencing capacity","High income","Insufficient Data"
"Madagascar","MDG",27691000,"February 12, 2022",TRUE,9,42616,269405,0.158185631298602,0.0271002042134503,43013,316,0.73,1.112,"Has not demonstrated testing capacity",1,"1-3 NGS facilities or equivalent","Has demonstrated sequencing capacity","Low income","Test"
"Malawi","MWI",19130000,"February 21, 2022",TRUE,0,55224,366510,0.150675288532373,0.0524901717878395,54392,585,1.08,2.977,"Has not demonstrated testing capacity",0,"0 NGS facilities or equivalent","Has demonstrated sequencing capacity","Low income","Test"
"Malaysia","MYS",32366000,"June 16, 2021",FALSE,250,398801,7441053,0.0535946995673865,1.94833378194527,2854646,8155,0.29,24.881,"Insufficient data",1,"1-3 NGS facilities or equivalent","Has not demonstrated sequencing capacity","Upper middle income","Insufficient Data"
"Maldives","MDV",541000,"November 09, 2021",TRUE,104,70750,1192098,0.0593491474694195,8.3466224164006,144205,1128,0.78,207.498,"Has demonstrated testing capacity",0,"0 NGS facilities or equivalent","Has demonstrated sequencing capacity","Upper middle income","Strengthen"
"Mali","MLI",20251000,"February 21, 2022",TRUE,0,22055,432864,0.0509513380646115,0.0585614916361309,22022,39,0.18,0.187,"Has demonstrated testing capacity",1,"1-3 NGS facilities or equivalent","Has not demonstrated sequencing capacity","Low income","Leverage"
"Malta","MLT",442000,"September 06, 2021",TRUE,168,16104,545962,0.0294965583685311,6.1760407239819,49545,878,1.77,170.122,"Has demonstrated testing capacity",0,"0 NGS facilities or equivalent","Has demonstrated sequencing capacity","High income","Strengthen"
"Marshall Islands","MHL",NaN,"No tests reported",NaN,NaN,NaN,NaN,NaN,NaN,3,0,0,0,"Insufficient data",0,"0 NGS facilities or equivalent","Has not demonstrated sequencing capacity","Upper middle income","Insufficient Data"
"Mauritania","MRT",4650000,"February 21, 2022",TRUE,0,41531,664230,0.0625250289809253,0.391356606274856,41498,0,0,0,"Has demonstrated testing capacity",0,"0 NGS facilities or equivalent","Has not demonstrated sequencing capacity","Lower middle income","Connect"
"Mauritius","MUS",1272000,"September 01, 2021",TRUE,173,10275,21766,0.472066525774143,0.0877519754878245,70259,799,1.14,62.744,"Has not demonstrated testing capacity",0,"0 NGS facilities or equivalent","Has demonstrated sequencing capacity","High income","Test"
"Mexico","MEX",128933000,"February 21, 2022",TRUE,0,3352267,9617021,0.348576445866137,0.204354220717163,3325025,45809,1.38,35.167,"Has not demonstrated testing capacity",2,"4+ NGS facilities or equivalent","Has demonstrated sequencing capacity","Upper middle income","Test"
"Micronesia","FSM",NaN,"No tests reported",NaN,NaN,NaN,NaN,NaN,NaN,0,0,NaN,0,"Insufficient data",0,"0 NGS facilities or equivalent",NaN,"Lower middle income","Insufficient Data"
"Moldova","MDA",4034000,"June 13, 2021",FALSE,253,81915,497904,0.164519666441724,1.07327714427367,313999,188,0.06,4.672,"Insufficient data",0,"0 NGS facilities or equivalent","Has not demonstrated sequencing capacity","Lower middle income","Insufficient Data"
"Monaco","MCO",NaN,"No tests reported",NaN,NaN,NaN,NaN,NaN,NaN,7258,83,1.14,210.02,"Insufficient data",0,"0 NGS facilities or equivalent","Has demonstrated sequencing capacity","High income","Insufficient Data"
"Mongolia","MNG",NaN,"No tests reported",NaN,NaN,NaN,NaN,NaN,NaN,891083,482,0.05,14.478,"Insufficient data",0,"0 NGS facilities or equivalent","Has not demonstrated sequencing capacity","Lower middle income","Insufficient Data"
"Montenegro","MNE",628000,"June 21, 2021",FALSE,245,29426,143955,0.204411100691188,1.86363989436073,155864,511,0.33,81.363,"Insufficient data",0,"0 NGS facilities or equivalent","Has demonstrated sequencing capacity","Upper middle income","Insufficient Data"
"Morocco","MAR",36911000,"February 21, 2022",TRUE,0,678001,5822026,0.11645447821772,0.432140992234932,676482,337,0.05,0.902,"Has demonstrated testing capacity",2,"4+ NGS facilities or equivalent","Has not demonstrated sequencing capacity","Lower middle income","Leverage"
"Mozambique","MOZ",31255000,"February 21, 2022",TRUE,0,171547,863622,0.198636672062546,0.0757026930485643,169172,668,0.39,2.077,"Has not demonstrated testing capacity",0,"0 NGS facilities or equivalent","Has not demonstrated sequencing capacity","Low income","Test"
"Myanmar","MMR",54410000,"February 21, 2022",TRUE,0,417804,4359687,0.0958334852937837,0.219524865745368,414506,47,0.01,0.086,"Has demonstrated testing capacity",1,"1-3 NGS facilities or equivalent","Has not demonstrated sequencing capacity","Lower middle income","Leverage"
"Namibia","NAM",2541000,"February 21, 2022",TRUE,0,120151,656190,0.183103979030464,0.707509178243923,119430,300,0.25,11.595,"Has not demonstrated testing capacity",0,"0 NGS facilities or equivalent","Has not demonstrated sequencing capacity","Upper middle income","Test"
"Nauru","NRU",NaN,"No tests reported",NaN,NaN,NaN,NaN,NaN,NaN,0,0,NaN,NaN,"Insufficient data",0,"0 NGS facilities or equivalent","Has not demonstrated sequencing capacity","High income","Insufficient Data"
"Nepal","NPL",29137000,"February 21, 2022",TRUE,0,701885,3238063,0.216760760985812,0.304472165269316,701426,1227,0.17,4.135,"Has not demonstrated testing capacity",1,"1-3 NGS facilities or equivalent","Has not demonstrated sequencing capacity","Lower middle income","Test"
"Netherlands","NLD",17135000,"January 25, 2022",TRUE,27,3038357,19928919,0.152459699394633,3.41071361030697,4914077,83995,1.71,489.108,"Has demonstrated testing capacity",2,"4+ NGS facilities or equivalent","Has demonstrated sequencing capacity","High income","Strengthen"
"New Caledonia","NCL",285000,"September 07, 2021",TRUE,167,0,20683,0,0.361054377236624,42793,0,0,0,"Insufficient data",0,"0 NGS facilities or equivalent","Has not demonstrated sequencing capacity","High income","Insufficient Data"
"New Zealand","NZL",4822000,"February 21, 2022",TRUE,0,26919,4800135,0.00560796727592036,2.72730294369982,24578,6039,24.57,117.804,"Has demonstrated testing capacity",2,"4+ NGS facilities or equivalent","Has demonstrated sequencing capacity","High income","Strengthen"
"Nicaragua","NIC",NaN,"No tests reported",NaN,NaN,NaN,NaN,NaN,NaN,11497,354,3.08,5.282,"Insufficient data",0,"0 NGS facilities or equivalent","Has demonstrated sequencing capacity","Lower middle income","Insufficient Data"
"Niger","NER",24207000,"February 21, 2022",TRUE,0,4008,146308,0.0273942641550701,0.0165590050653298,3995,69,1.73,0.275,"Has demonstrated testing capacity",0,"0 NGS facilities or equivalent","Has demonstrated sequencing capacity","Low income","Strengthen"
"Nigeria","NGA",206140000,"February 17, 2022",TRUE,4,104242,2789982,0.0373629650657244,0.0371824280308805,102063,3572,3.5,1.69,"Has demonstrated testing capacity",2,"4+ NGS facilities or equivalent","Has demonstrated sequencing capacity","Lower middle income","Strengthen"
"North Korea","PRK",NaN,"No tests reported",NaN,NaN,NaN,NaN,NaN,NaN,NaN,NaN,NaN,NaN,"Insufficient data",0,"0 NGS facilities or equivalent","Has not demonstrated sequencing capacity","Low income","Insufficient Data"
"North Macedonia","MKD",2083000,"January 10, 2022",TRUE,42,136857,1137959,0.120265317115995,1.67579058048061,191630,388,0.2,18.63,"Has demonstrated testing capacity",1,"1-3 NGS facilities or equivalent","Has not demonstrated sequencing capacity","Upper middle income","Leverage"
"Northern Mariana Islands","MNP",NaN,"No tests reported",NaN,NaN,NaN,NaN,NaN,NaN,NaN,NaN,NaN,NaN,"Insufficient data",0,"0 NGS facilities or equivalent","Has not demonstrated sequencing capacity","High income","Insufficient Data"
"Norway","NOR",5421000,"January 22, 2022",TRUE,30,541145,6159226,0.0878592537438957,3.36147613543212,1035424,40497,3.91,740.939,"Has demonstrated testing capacity",2,"4+ NGS facilities or equivalent","Has demonstrated sequencing capacity","High income","Strengthen"
"Oman","OMN",5107000,"May 28, 2021",FALSE,269,75874,67419,NaN,0.133346387311533,232698,263,0.11,5.035,"Insufficient data",2,"4+ NGS facilities or equivalent","Has not demonstrated sequencing capacity","High income","Insufficient Data"
"Pakistan","PAK",220892000,"February 21, 2022",TRUE,0,929505,17470930,0.0532029491274935,0.216692146586728,924359,1531,0.17,0.68,"Has demonstrated testing capacity",2,"4+ NGS facilities or equivalent","Has not demonstrated sequencing capacity","Lower middle income","Leverage"
"Palau","PLW",NaN,"No tests reported",NaN,NaN,NaN,NaN,NaN,NaN,3425,2,0.06,NaN,"Insufficient data",0,"0 NGS facilities or equivalent","Has not demonstrated sequencing capacity","High income","Insufficient Data"
"Palestine","PSE",5101000,"February 03, 2022",TRUE,18,376425,1974120,0.190679897878548,1.10573276948498,451393,19,0,0.364,"Has demonstrated testing capacity",0,"0 NGS facilities or equivalent","Has not demonstrated sequencing capacity","Lower middle income","Connect"
"Panama","PAN",4315000,"February 14, 2022",TRUE,7,409305,3588048,0.11407456087544,2.30340466645054,411395,369,0.09,8.422,"Has demonstrated testing capacity",2,"4+ NGS facilities or equivalent","Has not demonstrated sequencing capacity","High income","Leverage"
"Papua New Guinea","PNG",8947000,"November 28, 2021",TRUE,85,34077,204448,0.166678079511661,0.0807456237181581,38610,3114,8.07,34.148,"Has not demonstrated testing capacity",0,"0 NGS facilities or equivalent","Has demonstrated sequencing capacity","Lower middle income","Test"
"Paraguay","PRY",7133000,"February 20, 2022",TRUE,1,484600,1812036,0.267433980340346,0.695987970248258,480726,930,0.19,12.882,"Has not demonstrated testing capacity",0,"0 NGS facilities or equivalent","Has not demonstrated sequencing capacity","Upper middle income","Test"
"Peru","PER",32972000,"February 20, 2022",TRUE,1,2223821,19781446,0.112419536974193,1.64368987218711,2191656,13710,0.63,41.098,"Has demonstrated testing capacity",2,"4+ NGS facilities or equivalent","Has demonstrated sequencing capacity","Upper middle income","Strengthen"
"Philippines","PHL",109581000,"February 21, 2022",TRUE,0,3092955,19523485,0.158422279628867,0.488122941020797,3085624,11102,0.36,9.998,"Has not demonstrated testing capacity",1,"1-3 NGS facilities or equivalent","Has not demonstrated sequencing capacity","Lower middle income","Test"
"Poland","POL",37847000,"February 14, 2022",TRUE,7,3778967,23102843,0.163571513687731,1.69093442053136,3821785,62305,1.63,164.841,"Has demonstrated testing capacity",2,"4+ NGS facilities or equivalent","Has demonstrated sequencing capacity","High income","Strengthen"
"Portugal","PRT",10197000,"February 21, 2022",TRUE,0,2366669,29551553,0.0800861125640334,7.93989986310774,2350862,23107,0.98,227.254,"Has demonstrated testing capacity",2,"4+ NGS facilities or equivalent","Has demonstrated sequencing capacity","High income","Strengthen"
"Puerto Rico","PRI",NaN,"No tests reported",NaN,NaN,NaN,NaN,NaN,NaN,NaN,NaN,NaN,NaN,"Insufficient data",1,"1-3 NGS facilities or equivalent","Has not demonstrated sequencing capacity","High income","Insufficient Data"
"Qatar","QAT",2881000,"February 21, 2022",TRUE,0,194203,1866042,0.104072148429671,1.77453795057842,192468,2801,1.46,95.58,"Has demonstrated testing capacity",2,"4+ NGS facilities or equivalent","Has demonstrated sequencing capacity","High income","Strengthen"
"Republic of the Congo","COG",5518000,"January 19, 2022",TRUE,33,14814,239412,0.0618765976642775,0.129514803654796,15249,369,2.42,6.523,"Has demonstrated testing capacity",0,"0 NGS facilities or equivalent","Has demonstrated sequencing capacity","Lower middle income","Strengthen"
"Romania","ROU",19238000,"February 21, 2022",TRUE,0,1867450,14736482,0.126722917993589,2.09865491671022,1849395,8680,0.47,45.379,"Has demonstrated testing capacity",1,"1-3 NGS facilities or equivalent","Has demonstrated sequencing capacity","High income","Strengthen"
"Russia","RUS",145934000,"February 14, 2022",TRUE,7,10009046,161559574,0.0619526639752095,3.06668388438184,10506431,9389,0.09,6.435,"Has demonstrated testing capacity",2,"4+ NGS facilities or equivalent","Has not demonstrated sequencing capacity","Upper middle income","Leverage"
"Rwanda","RWA",12952000,"February 21, 2022",TRUE,0,111560,3733760,0.0298787281453548,0.789799216495892,111292,384,0.35,2.892,"Has demonstrated testing capacity",0,"0 NGS facilities or equivalent","Has not demonstrated sequencing capacity","Low income","Connect"
"Saint Kitts and Nevis","KNA",53000,"September 20, 2021",TRUE,154,1629,27181,0.059931569846584,2.39649091870922,5470,71,1.3,132.596,"Has demonstrated testing capacity",0,"0 NGS facilities or equivalent","Has demonstrated sequencing capacity","High income","Strengthen"
"Saint Lucia","LCA",184000,"February 21, 2022",TRUE,0,19708,103671,0.190101378398974,1.54364204883859,19348,125,0.65,67.787,"Has demonstrated testing capacity",0,"0 NGS facilities or equivalent","Has demonstrated sequencing capacity","Upper middle income","Strengthen"
"Saint Vincent and the Grenadines","VCT",111000,"July 06, 2021",FALSE,230,763,23395,0.0326138063688822,1.52728815772294,6965,209,3,187.833,"Insufficient data",0,"0 NGS facilities or equivalent","Has demonstrated sequencing capacity","Upper middle income","Insufficient Data"
"Samoa","WSM",NaN,"No tests reported",NaN,NaN,NaN,NaN,NaN,NaN,30,0,0,0,"Insufficient data",0,"0 NGS facilities or equivalent","Has not demonstrated sequencing capacity","Upper middle income","Insufficient Data"
"San Marino","SMR",34000,"January 17, 2022",TRUE,35,7307,77064,0.0948172947160801,6.80657127715951,10614,0,0,0,"Has demonstrated testing capacity",0,"0 NGS facilities or equivalent","Has not demonstrated sequencing capacity","High income","Connect"
"São Tomé and Príncipe","STP",219000,"February 08, 2022",TRUE,13,4361,23432,0.186113007852509,0.301395588140716,4312,0,0,0,"Has not demonstrated testing capacity",0,"0 NGS facilities or equivalent","Has not demonstrated sequencing capacity","Lower middle income","Test"
"Saudi Arabia","SAU",34814000,"February 21, 2022",TRUE,0,362882,26795425,0.0135426849919343,2.10869544687974,360952,115,0.03,0.325,"Has demonstrated testing capacity",2,"4+ NGS facilities or equivalent","Has not demonstrated sequencing capacity","High income","Leverage"
"Senegal","SEN",16744000,"February 21, 2022",TRUE,0,53438,630016,0.0848200680617635,0.10308595514075,52568,2254,4.29,13.107,"Has demonstrated testing capacity",1,"1-3 NGS facilities or equivalent","Has demonstrated sequencing capacity","Lower middle income","Strengthen"
"Serbia","SRB",8737000,"February 21, 2022",TRUE,0,1442740,5790063,0.249175181686279,1.81563308931783,1431196,280,0.02,4.075,"Has demonstrated testing capacity",1,"1-3 NGS facilities or equivalent","Has not demonstrated sequencing capacity","Upper middle income","Leverage"
"Seychelles","SYC",98000,"December 21, 2020",FALSE,427,0,0,NaN,NaN,36588,732,2,740.067,"Insufficient data",0,"0 NGS facilities or equivalent","Has demonstrated sequencing capacity","High income","Insufficient Data"
"Sierra Leone","SLE",7977000,"February 18, 2022",TRUE,3,3825,196900,0.0194261046216353,0.0676259314020961,3806,20,0.53,0.246,"Has demonstrated testing capacity",1,"1-3 NGS facilities or equivalent","Has demonstrated sequencing capacity","Low income","Strengthen"
"Singapore","SGP",5850000,"September 20, 2021",TRUE,154,19200,12032211,0.00159571669745486,9.61115983704769,473556,11278,2.38,206.799,"Has demonstrated testing capacity",2,"4+ NGS facilities or equivalent","Has demonstrated sequencing capacity","High income","Strengthen"
"Sint Maarten (Dutch part)","SXM",NaN,"No tests reported",NaN,NaN,NaN,NaN,NaN,NaN,0,2092,Inf,NaN,"Insufficient data",0,"0 NGS facilities or equivalent","Has not demonstrated sequencing capacity","High income","Insufficient Data"
"Slovakia","SVK",5460000,"September 20, 2021",TRUE,154,260493,39629853,0.00657315080124067,33.9168917531067,1393667,19924,1.43,365.627,"Has demonstrated testing capacity",1,"1-3 NGS facilities or equivalent","Has demonstrated sequencing capacity","High income","Strengthen"
"Slovenia","SVN",2079000,"February 21, 2022",TRUE,0,688457,16603393,0.0414648379400524,21.8801096417535,683375,44533,6.52,2142.325,"Has demonstrated testing capacity",2,"4+ NGS facilities or equivalent","Has demonstrated sequencing capacity","High income","Strengthen"
"Solomon Islands","SLB",NaN,"No tests reported",NaN,NaN,NaN,NaN,NaN,NaN,5547,1,0.02,0.142,"Insufficient data",0,"0 NGS facilities or equivalent","Has not demonstrated sequencing capacity","Lower middle income","Insufficient Data"
"Somalia","SOM",15893000,"January 10, 2022",TRUE,42,18644,316650,0.0588788883625454,0.0611161529229792,20243,11,0.05,0.067,"Has demonstrated testing capacity",0,"0 NGS facilities or equivalent","Has not demonstrated sequencing capacity","Low income","Connect"
"South Africa","ZAF",59309000,"February 21, 2022",TRUE,0,2155333,14015544,0.153781615611923,0.647435476655002,2129642,21580,1.01,35.942,"Has not demonstrated testing capacity",2,"4+ NGS facilities or equivalent","Has demonstrated sequencing capacity","Upper middle income","Test"
"South Korea","KOR",51269000,"October 31, 2021",TRUE,113,280589,9511451,0.0295001256906018,0.727531409684941,1668482,22130,1.33,43.134,"Has demonstrated testing capacity",2,"4+ NGS facilities or equivalent","Has demonstrated sequencing capacity","High income","Strengthen"
"South Sudan","SSD",11194000,"February 14, 2022",TRUE,7,10817,231123,0.0468019193243425,0.0571940250935775,10320,67,0.65,0.589,"Has demonstrated testing capacity",0,"0 NGS facilities or equivalent","Has demonstrated sequencing capacity","Low income","Strengthen"
"Spain","ESP",46755000,"November 15, 2021",TRUE,98,2021908,31609308,0.0639655888702151,2.50393564562317,7645485,81685,1.07,174.745,"Has demonstrated testing capacity",2,"4+ NGS facilities or equivalent","Has demonstrated sequencing capacity","High income","Strengthen"
"Sri Lanka","LKA",21413000,"May 30, 2021",FALSE,267,105207,430816,0.24420402213474,0.199201650889415,553052,2683,0.49,12.481,"Insufficient data",1,"1-3 NGS facilities or equivalent","Has not demonstrated sequencing capacity","Lower middle income","Insufficient Data"
"Saint Martin","MAF",NaN,"No tests reported",NaN,NaN,NaN,NaN,NaN,NaN,NaN,NaN,NaN,NaN,"Insufficient data",0,"0 NGS facilities or equivalent","Has not demonstrated sequencing capacity","High income","Insufficient Data"
"Sudan","SDN",43849000,"October 27, 2021",TRUE,117,10373,353530,0.0293412157384098,0.0321212811187688,29811,80,0.27,0.178,"Has demonstrated testing capacity",0,"0 NGS facilities or equivalent","Has not demonstrated sequencing capacity","Low income","Connect"
"Suriname","SUR",NaN,"No tests reported",NaN,NaN,NaN,NaN,NaN,NaN,68681,829,1.21,140.082,"Insufficient data",0,"0 NGS facilities or equivalent","Has demonstrated sequencing capacity","Upper middle income","Insufficient Data"
"Sweden","SWE",10099000,"May 10, 2021",FALSE,287,391392,3729656,0.104940509258763,4.55937576022073,1787394,125744,7.04,1237.618,"Insufficient data",2,"4+ NGS facilities or equivalent","Has demonstrated sequencing capacity","High income","Insufficient Data"
"Switzerland","CHE",8655000,"February 21, 2022",TRUE,0,2104170,13884955,0.151543163085512,4.39525968835814,2080318,96384,4.63,1105.893,"Has demonstrated testing capacity",2,"4+ NGS facilities or equivalent","Has demonstrated sequencing capacity","High income","Strengthen"
"Syria","SYR",NaN,"No tests reported",NaN,NaN,NaN,NaN,NaN,NaN,38099,21,0.06,0.115,"Insufficient data",0,"0 NGS facilities or equivalent","Has not demonstrated sequencing capacity","Low income","Insufficient Data"
"Taiwan","TWN",23817000,"February 21, 2022",TRUE,0,18927,10866242,0.00174181653602046,1.24996960269544,18855,78,0.41,0.327,"Has demonstrated testing capacity",2,"4+ NGS facilities or equivalent","Has not demonstrated sequencing capacity","High income","Leverage"
"Tajikistan","TJK",9538000,"March 30, 2020",FALSE,693,0,0,NaN,NaN,4069,0,0,0,"Insufficient data",0,"0 NGS facilities or equivalent","Has not demonstrated sequencing capacity","Low income","Insufficient Data"
"Tanzania","TZA",59734000,"February 15, 2022",TRUE,6,32987,335496,0.0983230798578821,0.0155151928614648,33040,2,0.01,0.003,"Has demonstrated testing capacity",0,"0 NGS facilities or equivalent","Has not demonstrated sequencing capacity","Lower middle income","Connect"
"Thailand","THA",69800000,"May 22, 2021",FALSE,275,101047,3489495,0.028957485252164,0.537556613365376,2649062,12827,0.48,18.337,"Insufficient data",1,"1-3 NGS facilities or equivalent","Has not demonstrated sequencing capacity","Upper middle income","Insufficient Data"
"The Bahamas","BHS",393000,"February 20, 2022",TRUE,1,24709,156664,0.157719705867334,1.09215378716581,24602,105,0.43,26.454,"Has demonstrated testing capacity",0,"0 NGS facilities or equivalent","Has not demonstrated sequencing capacity","High income","Connect"
"The Gambia","GMB",2417000,"February 18, 2022",TRUE,3,7398,99774,0.0741475735161465,0.115307539934773,7370,606,8.22,24.367,"Has demonstrated testing capacity",1,"1-3 NGS facilities or equivalent","Has demonstrated sequencing capacity","Low income","Strengthen"
"Togo","TGO",8279000,"February 21, 2022",TRUE,0,30615,456404,0.0670787284949299,0.151035380819932,30391,218,0.72,2.571,"Has demonstrated testing capacity",0,"0 NGS facilities or equivalent","Has demonstrated sequencing capacity","Low income","Strengthen"
"Tonga","TON",NaN,"No tests reported",NaN,NaN,NaN,NaN,NaN,NaN,210,0,0,NaN,"Insufficient data",0,"0 NGS facilities or equivalent","Has not demonstrated sequencing capacity","Upper middle income","Insufficient Data"
"Trinidad and Tobago","TTO",1399000,"July 02, 2021",FALSE,234,25447,140920,0.180577632699404,0.751709643348661,114413,2240,1.96,159.615,"Insufficient data",0,"0 NGS facilities or equivalent","Has demonstrated sequencing capacity","High income","Insufficient Data"
"Tunisia","TUN",11819000,"February 21, 2022",TRUE,0,752162,3310254,0.227221838565862,0.767339795337667,745852,197,0.03,1.651,"Has not demonstrated testing capacity",1,"1-3 NGS facilities or equivalent","Has not demonstrated sequencing capacity","Lower middle income","Test"
"Turkey","TUR",84339000,"September 24, 2021",TRUE,150,4369702,52219304,0.0836798207804531,2.84018178711058,10627843,82728,0.78,97.278,"Has demonstrated testing capacity",2,"4+ NGS facilities or equivalent","Has demonstrated sequencing capacity","Upper middle income","Strengthen"
"Turkmenistan","TKM",NaN,"No tests reported",NaN,NaN,NaN,NaN,NaN,NaN,0,0,NaN,NaN,"Insufficient data",0,"0 NGS facilities or equivalent","Has not demonstrated sequencing capacity","Upper middle income","Insufficient Data"
"Turks and Caicos Islands","TCA",NaN,"No tests reported",NaN,NaN,NaN,NaN,NaN,NaN,3811,53,1.39,135.114,"Insufficient data",0,"0 NGS facilities or equivalent","Has demonstrated sequencing capacity","High income","Insufficient Data"
"Tuvalu","TUV",NaN,"No tests reported",NaN,NaN,NaN,NaN,NaN,NaN,0,0,NaN,NaN,"Insufficient data",0,"0 NGS facilities or equivalent","Has not demonstrated sequencing capacity","Upper middle income","Insufficient Data"
"Uganda","UGA",45741000,"February 21, 2022",TRUE,0,122855,1565150,0.0784940740504105,0.0937470145335874,122719,576,0.47,1.222,"Has demonstrated testing capacity",1,"1-3 NGS facilities or equivalent","Has not demonstrated sequencing capacity","Low income","Leverage"
"Ukraine","UKR",43734000,"February 18, 2022",TRUE,3,3547711,12666758,0.280080427841126,0.793511834621632,3502149,496,0.01,1.141,"Has not demonstrated testing capacity",1,"1-3 NGS facilities or equivalent","Has not demonstrated sequencing capacity","Lower middle income","Test"
"United Arab Emirates","ARE",9890000,"February 21, 2022",TRUE,0,511367,104584356,0.00488951712816399,28.9719395542751,501785,23,0,0.23,"Has demonstrated testing capacity",2,"4+ NGS facilities or equivalent","Has not demonstrated sequencing capacity","High income","Leverage"
"United Kingdom","GBR",67886000,"February 15, 2022",TRUE,6,14446706,383032702,0.0377166386174515,15.5864447270473,13579780,1697069,12.5,2488.111,"Has demonstrated testing capacity",2,"4+ NGS facilities or equivalent","Has demonstrated sequencing capacity","High income","Strengthen"
"United States of America","USA",331003000,"February 21, 2022",TRUE,0,50270897,521737430,0.0963528666133844,4.31844308492176,49995298,2266371,4.53,680.766,"Has demonstrated testing capacity",2,"4+ NGS facilities or equivalent","Has demonstrated sequencing capacity","High income","Strengthen"
"Uruguay","URY",3474000,"February 21, 2022",TRUE,0,754842,4632390,0.162948715457895,3.65327560508198,748018,384,0.05,11.018,"Has demonstrated testing capacity",2,"4+ NGS facilities or equivalent","Has not demonstrated sequencing capacity","High income","Leverage"
"Uzbekistan","UZB",33469000,"July 14, 2020",FALSE,587,0,0,NaN,NaN,154946,56,0.04,0.165,"Insufficient data",0,"0 NGS facilities or equivalent","Has not demonstrated sequencing capacity","Lower middle income","Insufficient Data"
"Vanuatu","VUT",NaN,"No tests reported",NaN,NaN,NaN,NaN,NaN,NaN,6,1,16.67,0.318,"Insufficient data",0,"0 NGS facilities or equivalent","Has demonstrated sequencing capacity","Lower middle income","Insufficient Data"
"Venezuela","VEN",28436000,"May 30, 2021",FALSE,267,98051,361556,0.271191737932713,0.125888394156619,372900,154,0.04,0.536,"Insufficient data",1,"1-3 NGS facilities or equivalent","Has not demonstrated sequencing capacity","Upper middle income","Insufficient Data"
"Vietnam","VNM",97339000,"May 08, 2021",FALSE,289,944,502755,0.00187765412576702,0.0653796252455044,2640641,2328,0.09,2.371,"Insufficient data",1,"1-3 NGS facilities or equivalent","Has not demonstrated sequencing capacity","Lower middle income","Insufficient Data"
"U.S. Virgin Islands","VIR",NaN,"No tests reported",NaN,NaN,NaN,NaN,NaN,NaN,NaN,NaN,NaN,NaN,"Insufficient data",0,"0 NGS facilities or equivalent","Has not demonstrated sequencing capacity","High income","Insufficient Data"
"Yemen","YEM",NaN,"No tests reported",NaN,NaN,NaN,NaN,NaN,NaN,9553,0,0,0,"Insufficient data",0,"0 NGS facilities or equivalent","Has not demonstrated sequencing capacity","Low income","Insufficient Data"
"Zambia","ZMB",18384000,"February 21, 2022",TRUE,0,238277,2208280,0.107901624793957,0.329094984322281,235971,376,0.16,1.987,"Has demonstrated testing capacity",1,"1-3 NGS facilities or equivalent","Has not demonstrated sequencing capacity","Lower middle income","Leverage"
"Zimbabwe","ZWE",14863000,"February 21, 2022",TRUE,0,197258,1680031,0.117413309635358,0.309683419063059,196802,380,0.19,2.518,"Has demonstrated testing capacity",0,"0 NGS facilities or equivalent","Has not demonstrated sequencing capacity","Lower middle income","Connect"
"British Indian Ocean Territory","IOT",NaN,"No tests reported",NaN,NaN,NaN,NaN,NaN,NaN,NaN,NaN,NaN,NaN,"Insufficient data",NaN,"0 NGS facilities or equivalent","Has not demonstrated sequencing capacity",NaN,"Insufficient Data"
"Cook Islands","COK",NaN,"No tests reported",NaN,NaN,NaN,NaN,NaN,NaN,2,0,0,NaN,"Insufficient data",NaN,"0 NGS facilities or equivalent","Has not demonstrated sequencing capacity",NaN,"Insufficient Data"
"Falkland Islands","FLK",NaN,"No tests reported",NaN,NaN,NaN,NaN,NaN,NaN,51,0,0,0,"Insufficient data",NaN,"0 NGS facilities or equivalent","Has not demonstrated sequencing capacity",NaN,"Insufficient Data"
"French Southern and Antarctic Lands","ATF",NaN,"No tests reported",NaN,NaN,NaN,NaN,NaN,NaN,NaN,NaN,NaN,NaN,"Insufficient data",NaN,"0 NGS facilities or equivalent","Has not demonstrated sequencing capacity",NaN,"Insufficient Data"
"Guernsey","GGY",NaN,"No tests reported",NaN,NaN,NaN,NaN,NaN,NaN,0,0,NaN,NaN,"Insufficient data",NaN,"0 NGS facilities or equivalent","Has not demonstrated sequencing capacity",NaN,"Insufficient Data"
"Heard Island and McDonald Islands","HMD",NaN,"No tests reported",NaN,NaN,NaN,NaN,NaN,NaN,NaN,NaN,NaN,NaN,"Insufficient data",NaN,"0 NGS facilities or equivalent","Has not demonstrated sequencing capacity",NaN,"Insufficient Data"
"Jersey","JEY",NaN,"No tests reported",NaN,NaN,NaN,NaN,NaN,NaN,0,0,NaN,NaN,"Insufficient data",NaN,"0 NGS facilities or equivalent","Has not demonstrated sequencing capacity",NaN,"Insufficient Data"
"Montserrat","MSR",NaN,"No tests reported",NaN,NaN,NaN,NaN,NaN,NaN,143,12,8.39,240.915,"Insufficient data",NaN,"0 NGS facilities or equivalent","Has demonstrated sequencing capacity",NaN,"Insufficient Data"
"Niue","NIU",NaN,"No tests reported",NaN,NaN,NaN,NaN,NaN,NaN,0,0,NaN,NaN,"Insufficient data",NaN,"0 NGS facilities or equivalent","Has not demonstrated sequencing capacity",NaN,"Insufficient Data"
"Norfolk Island","NFK",NaN,"No tests reported",NaN,NaN,NaN,NaN,NaN,NaN,NaN,NaN,NaN,NaN,"Insufficient data",NaN,"0 NGS facilities or equivalent","Has not demonstrated sequencing capacity",NaN,"Insufficient Data"
"Pitcairn Islands","PCN",NaN,"No tests reported",NaN,NaN,NaN,NaN,NaN,NaN,0,0,NaN,NaN,"Insufficient data",NaN,"0 NGS facilities or equivalent","Has not demonstrated sequencing capacity",NaN,"Insufficient Data"
"Saint Helena","SHN",NaN,"No tests reported",NaN,NaN,NaN,NaN,NaN,NaN,0,0,NaN,0,"Insufficient data",NaN,"0 NGS facilities or equivalent",NaN,NaN,"Insufficient Data"
"Saint Pierre and Miquelon","SPM",NaN,"No tests reported",NaN,NaN,NaN,NaN,NaN,NaN,1023,0,0,0,"Insufficient data",NaN,"0 NGS facilities or equivalent","Has not demonstrated sequencing capacity",NaN,"Insufficient Data"
"Saint-Barthélemy","BLM",NaN,"No tests reported",NaN,NaN,NaN,NaN,NaN,NaN,NaN,NaN,NaN,NaN,"Insufficient data",NaN,"0 NGS facilities or equivalent","Has not demonstrated sequencing capacity",NaN,"Insufficient Data"
"South Georgia and the South Sandwich Islands","SGS",NaN,"No tests reported",NaN,NaN,NaN,NaN,NaN,NaN,NaN,NaN,NaN,NaN,"Insufficient data",NaN,"0 NGS facilities or equivalent","Has not demonstrated sequencing capacity",NaN,"Insufficient Data"
"Wallis and Futuna","WLF",NaN,"No tests reported",NaN,NaN,NaN,NaN,NaN,NaN,445,10,2.25,90.139,"Insufficient data",NaN,"0 NGS facilities or equivalent","Has demonstrated sequencing capacity",NaN,"Insufficient Data"
"Anguilla","AIA",NaN,"No tests reported",NaN,NaN,NaN,NaN,NaN,NaN,2488,66,2.65,436.364,"Insufficient data",NaN,"0 NGS facilities or equivalent","Has demonstrated sequencing capacity",NaN,"Insufficient Data"
"Vatican City","VAT",NaN,"No tests reported",NaN,NaN,NaN,NaN,NaN,NaN,2,0,0,0,"Insufficient data",NaN,"0 NGS facilities or equivalent","Has not demonstrated sequencing capacity",NaN,"Insufficient Data"
"Western Sahara","ESH",597000,"October 13, 2021",TRUE,131,0,3767,0,0.0266239778357328,NaN,NaN,NaN,NaN,"Insufficient data",NaN,"0 NGS facilities or equivalent","Has not demonstrated sequencing capacity",NaN,"Insufficient Data"
