"name","Date tests last reported","Test positivity rate (%) in past year","Average daily tests in past year","% of cases sequenced in past year","Number of sequences in past year","World Bank Economic Status","COVID-19 Diagnostic Testing Capacity","SARS-CoV-2 Sequencing Capacity","NGS Facility Access","Archetype"
"Afghanistan","December 30, 2021","17.1 %","0.04 per 1000 persons","0.08 %","0.2 per 100k persons","Low income","Has not demonstrated testing capacity","Has not demonstrated sequencing capacity","No NGS facilities","Test"
"Albania","January 04, 2022","12.5 %","1.16 per 1000 persons","0.03 %","1.6 per 100k persons","Upper middle income","Has demonstrated testing capacity","Has not demonstrated sequencing capacity","No NGS facilities","Connect"
"Algeria","November 01, 2020","Insufficient Data","Insufficient Data","0.05 %","0.1 per 100k persons","Lower middle income","Insufficient data","Has not demonstrated sequencing capacity","No NGS facilities","Insufficient Data"
"American Samoa","No tests reported","Insufficient Data","Insufficient Data","Insufficient Data","Insufficient Data","Upper middle income","Insufficient data","Has not demonstrated sequencing capacity","No NGS facilities","Insufficient Data"
"Andorra","January 03, 2022","6.3 %","8.82 per 1000 persons","0.29 %","62.1 per 100k persons","High income","Has demonstrated testing capacity","Has demonstrated sequencing capacity","No NGS facilities","Strengthen"
"Angola","January 03, 2022","6.6 %","0.08 per 1000 persons","1.34 %","2.6 per 100k persons","Lower middle income","Has demonstrated testing capacity","Has demonstrated sequencing capacity","No NGS facilities","Strengthen"
"Antigua and Barbuda","June 07, 2021","10.6 %","0.68 per 1000 persons","2.29 %","100.3 per 100k persons","High income","Insufficient data","Has demonstrated sequencing capacity","No NGS facilities","Insufficient Data"
"Argentina","January 04, 2022","17.4 %","1.41 per 1000 persons","0.17 %","15.3 per 100k persons","Upper middle income","Has demonstrated testing capacity","Has not demonstrated sequencing capacity","1 or more NGS facilities","Leverage"
"Armenia","October 11, 2021","9.7 %","1.76 per 1000 persons","0.05 %","3.2 per 100k persons","Upper middle income","Has demonstrated testing capacity","Has not demonstrated sequencing capacity","No NGS facilities","Connect"
"Aruba","No tests reported","Insufficient Data","Insufficient Data","17.17 %","2794 per 100k persons","High income","Insufficient data","Has demonstrated sequencing capacity","No NGS facilities","Insufficient Data"
"Australia","January 04, 2022","1 %","4.7 per 1000 persons","5.86 %","131.9 per 100k persons","High income","Has demonstrated testing capacity","Has demonstrated sequencing capacity","1 or more NGS facilities","Strengthen"
"Austria","January 04, 2022","0.8 %","36.52 per 1000 persons","1.03 %","105.5 per 100k persons","High income","Has demonstrated testing capacity","Has demonstrated sequencing capacity","1 or more NGS facilities","Strengthen"
"Azerbaijan","January 04, 2022","10.8 %","0.99 per 1000 persons","0 %","0.1 per 100k persons","Upper middle income","Has demonstrated testing capacity","Has not demonstrated sequencing capacity","1 or more NGS facilities","Leverage"
"Bahrain","January 04, 2022","3.4 %","9.1 per 1000 persons","1.11 %","121.2 per 100k persons","High income","Has demonstrated testing capacity","Has demonstrated sequencing capacity","1 or more NGS facilities","Strengthen"
"Bangladesh","December 28, 2021","12.9 %","0.14 per 1000 persons","0.27 %","1.7 per 100k persons","Lower middle income","Has demonstrated testing capacity","Has not demonstrated sequencing capacity","1 or more NGS facilities","Leverage"
"Barbados","January 04, 2022","7.1 %","3.83 per 1000 persons","0.33 %","33 per 100k persons","High income","Has demonstrated testing capacity","Has demonstrated sequencing capacity","No NGS facilities","Strengthen"
"Belarus","January 04, 2022","7.1 %","2.05 per 1000 persons","0 %","0.1 per 100k persons","Upper middle income","Has demonstrated testing capacity","Has not demonstrated sequencing capacity","1 or more NGS facilities","Leverage"
"Belgium","January 04, 2022","6.2 %","5.55 per 1000 persons","4.91 %","633.3 per 100k persons","High income","Has demonstrated testing capacity","Has demonstrated sequencing capacity","1 or more NGS facilities","Strengthen"
"Belize","December 14, 2021","6.8 %","2.23 per 1000 persons","1.19 %","68.2 per 100k persons","Upper middle income","Has demonstrated testing capacity","Has demonstrated sequencing capacity","No NGS facilities","Strengthen"
"Benin","May 18, 2021","1.9 %","0.15 per 1000 persons","3.26 %","5.8 per 100k persons","Lower middle income","Insufficient data","Has demonstrated sequencing capacity","No NGS facilities","Insufficient Data"
"Bermuda","December 31, 2021","0 %","24.67 per 1000 persons","0.74 %","75.7 per 100k persons","High income","Insufficient data","Has demonstrated sequencing capacity","No NGS facilities","Insufficient Data"
"Bhutan","January 01, 2022","0.2 %","3.55 per 1000 persons","0 %","0 per 100k persons","Lower middle income","Has demonstrated testing capacity","Has not demonstrated sequencing capacity","No NGS facilities","Connect"
"Bolivia","January 02, 2022","16.9 %","0.62 per 1000 persons","0.01 %","0.5 per 100k persons","Lower middle income","Has not demonstrated testing capacity","Has not demonstrated sequencing capacity","No NGS facilities","Test"
"Bosnia and Herzegovina","January 04, 2022","25.4 %","0.59 per 1000 persons","0.6 %","33.1 per 100k persons","Upper middle income","Has not demonstrated testing capacity","Has demonstrated sequencing capacity","1 or more NGS facilities","Test"
"Botswana","January 03, 2022","13.8 %","1.73 per 1000 persons","1.01 %","86.9 per 100k persons","Upper middle income","Has demonstrated testing capacity","Has demonstrated sequencing capacity","1 or more NGS facilities","Strengthen"
"Brazil","December 31, 2021","31.4 %","0.6 per 1000 persons","0.6 %","40.5 per 100k persons","Upper middle income","Has not demonstrated testing capacity","Has demonstrated sequencing capacity","1 or more NGS facilities","Test"
"British Virgin Islands","No tests reported","Insufficient Data","Insufficient Data","2.18 %","263 per 100k persons","High income","Insufficient data","Has demonstrated sequencing capacity","No NGS facilities","Insufficient Data"
"Brunei","December 14, 2021","2.6 %","3.87 per 1000 persons","2.47 %","85.8 per 100k persons","High income","Has demonstrated testing capacity","Has demonstrated sequencing capacity","1 or more NGS facilities","Strengthen"
"Bulgaria","January 02, 2022","8.7 %","2.48 per 1000 persons","1.82 %","145.8 per 100k persons","Upper middle income","Has demonstrated testing capacity","Has demonstrated sequencing capacity","1 or more NGS facilities","Strengthen"
"Burkina Faso","December 29, 2021","5.4 %","0.03 per 1000 persons","2.1 %","1.1 per 100k persons","Low income","Has demonstrated testing capacity","Has demonstrated sequencing capacity","1 or more NGS facilities","Strengthen"
"Burundi","January 03, 2022","2.7 %","0.23 per 1000 persons","0.2 %","0.5 per 100k persons","Low income","Has demonstrated testing capacity","Has not demonstrated sequencing capacity","No NGS facilities","Connect"
"Cambodia","December 27, 2021","5 %","0.4 per 1000 persons","1.66 %","11.8 per 100k persons","Lower middle income","Has demonstrated testing capacity","Has demonstrated sequencing capacity","1 or more NGS facilities","Strengthen"
"Cameroon","December 29, 2021","5.4 %","0.16 per 1000 persons","0.58 %","1.8 per 100k persons","Lower middle income","Has demonstrated testing capacity","Has demonstrated sequencing capacity","1 or more NGS facilities","Strengthen"
"Canada","January 04, 2022","4.2 %","2.81 per 1000 persons","9.78 %","446.1 per 100k persons","High income","Has demonstrated testing capacity","Has demonstrated sequencing capacity","1 or more NGS facilities","Strengthen"
"Cape Verde","January 03, 2022","10.6 %","1.41 per 1000 persons","0.7 %","40.4 per 100k persons","Lower middle income","Has demonstrated testing capacity","Has demonstrated sequencing capacity","No NGS facilities","Strengthen"
"Cayman Islands","No tests reported","Insufficient Data","Insufficient Data","0.91 %","124.8 per 100k persons","High income","Insufficient data","Has demonstrated sequencing capacity","No NGS facilities","Insufficient Data"
"Central African Republic","December 29, 2021","17.3 %","0.02 per 1000 persons","0.74 %","1.1 per 100k persons","Low income","Has not demonstrated testing capacity","Has demonstrated sequencing capacity","No NGS facilities","Test"
"Chad","January 03, 2022","3.2 %","0.02 per 1000 persons","0 %","0 per 100k persons","Low income","Has demonstrated testing capacity","Has not demonstrated sequencing capacity","No NGS facilities","Connect"
"Chile","January 04, 2022","5.7 %","3 per 1000 persons","1.4 %","87 per 100k persons","High income","Has demonstrated testing capacity","Has demonstrated sequencing capacity","1 or more NGS facilities","Strengthen"
"China","June 24, 2020","Insufficient Data","Insufficient Data","1.24 %","0 per 100k persons","Upper middle income","Insufficient data","Has demonstrated sequencing capacity","1 or more NGS facilities","Insufficient Data"
"Colombia","January 04, 2022","15 %","1.27 per 1000 persons","0.3 %","20.7 per 100k persons","Upper middle income","Has demonstrated testing capacity","Has not demonstrated sequencing capacity","1 or more NGS facilities","Leverage"
"Comoros","November 27, 2020","Insufficient Data","Insufficient Data","0.27 %","1.9 per 100k persons","Lower middle income","Insufficient data","Has not demonstrated sequencing capacity","No NGS facilities","Insufficient Data"
"Costa Rica","January 04, 2022","16.1 %","1.34 per 1000 persons","0.5 %","39.6 per 100k persons","Upper middle income","Has demonstrated testing capacity","Has demonstrated sequencing capacity","1 or more NGS facilities","Strengthen"
"Croatia","December 30, 2021","18.4 %","1.84 per 1000 persons","2.62 %","330 per 100k persons","High income","Has demonstrated testing capacity","Has demonstrated sequencing capacity","1 or more NGS facilities","Strengthen"
"Cuba","January 04, 2022","9.4 %","2.47 per 1000 persons","0 %","0 per 100k persons","Upper middle income","Has demonstrated testing capacity","Has not demonstrated sequencing capacity","No NGS facilities","Connect"
"Curaçao","No tests reported","Insufficient Data","Insufficient Data","5.05 %","593.5 per 100k persons","High income","Insufficient data","Has demonstrated sequencing capacity","No NGS facilities","Insufficient Data"
"Cyprus","July 11, 2021","0.8 %","34.45 per 1000 persons","0.08 %","13.8 per 100k persons","High income","Has demonstrated testing capacity","Has not demonstrated sequencing capacity","1 or more NGS facilities","Leverage"
"Czech Republic","January 04, 2022","4.1 %","11.04 per 1000 persons","1.22 %","198.1 per 100k persons","High income","Has demonstrated testing capacity","Has demonstrated sequencing capacity","1 or more NGS facilities","Strengthen"
"Democratic Republic of the Congo","January 03, 2022","7.4 %","0.02 per 1000 persons","0.18 %","0.1 per 100k persons","Low income","Has demonstrated testing capacity","Has not demonstrated sequencing capacity","1 or more NGS facilities","Leverage"
"Denmark","December 30, 2021","0.7 %","45.63 per 1000 persons","36.2 %","4323.6 per 100k persons","High income","Has demonstrated testing capacity","Has demonstrated sequencing capacity","1 or more NGS facilities","Strengthen"
"Djibouti","January 03, 2022","5 %","0.44 per 1000 persons","3.99 %","31.5 per 100k persons","Lower middle income","Has demonstrated testing capacity","Has demonstrated sequencing capacity","No NGS facilities","Strengthen"
"Dominica","December 28, 2021","5.6 %","4.49 per 1000 persons","0.36 %","34.6 per 100k persons","Upper middle income","Has demonstrated testing capacity","Has demonstrated sequencing capacity","No NGS facilities","Strengthen"
"Dominican Republic","September 23, 2021","15.9 %","0.4 per 1000 persons","0.28 %","6.4 per 100k persons","Upper middle income","Has not demonstrated testing capacity","Has not demonstrated sequencing capacity","1 or more NGS facilities","Test"
"East Timor","No tests reported","Insufficient Data","Insufficient Data","1.68 %","24.7 per 100k persons","Lower middle income","Insufficient data","Has demonstrated sequencing capacity","No NGS facilities","Insufficient Data"
"Ecuador","January 04, 2022","24.2 %","0.22 per 1000 persons","1.01 %","19.1 per 100k persons","Upper middle income","Has not demonstrated testing capacity","Has demonstrated sequencing capacity","1 or more NGS facilities","Test"
"Egypt","December 29, 2021","5.8 %","0.11 per 1000 persons","0.23 %","0.5 per 100k persons","Lower middle income","Has demonstrated testing capacity","Has not demonstrated sequencing capacity","1 or more NGS facilities","Leverage"
"El Salvador","December 27, 2021","7.5 %","0.42 per 1000 persons","0.4 %","4.6 per 100k persons","Lower middle income","Has demonstrated testing capacity","Has not demonstrated sequencing capacity","1 or more NGS facilities","Leverage"
"Equatorial Guinea","January 03, 2022","4.4 %","0.37 per 1000 persons","0.77 %","4.5 per 100k persons","Upper middle income","Has demonstrated testing capacity","Has demonstrated sequencing capacity","No NGS facilities","Strengthen"
"Eritrea","December 21, 2020","Insufficient Data","Insufficient Data","0 %","0 per 100k persons","Low income","Insufficient data","Has not demonstrated sequencing capacity","No NGS facilities","Insufficient Data"
"Estonia","January 04, 2022","11.3 %","3.9 per 1000 persons","3.74 %","607.6 per 100k persons","High income","Has demonstrated testing capacity","Has demonstrated sequencing capacity","1 or more NGS facilities","Strengthen"
"Eswatini","January 03, 2022","16.1 %","0.83 per 1000 persons","0.19 %","9 per 100k persons","Lower middle income","Has not demonstrated testing capacity","Has not demonstrated sequencing capacity","No NGS facilities","Test"
"Ethiopia","January 03, 2022","13 %","0.05 per 1000 persons","0.17 %","0.4 per 100k persons","Low income","Has demonstrated testing capacity","Has not demonstrated sequencing capacity","No NGS facilities","Connect"
"Faroe Islands","January 04, 2022","0 %","25.01 per 1000 persons","0.08 %","10.2 per 100k persons","High income","Insufficient data","Has not demonstrated sequencing capacity","No NGS facilities","Insufficient Data"
"Fiji","December 29, 2021","11.8 %","1.39 per 1000 persons","0.94 %","57.4 per 100k persons","Upper middle income","Has demonstrated testing capacity","Has demonstrated sequencing capacity","No NGS facilities","Strengthen"
"Finland","September 15, 2021","2.2 %","3.12 per 1000 persons","8.61 %","381.5 per 100k persons","High income","Has demonstrated testing capacity","Has demonstrated sequencing capacity","1 or more NGS facilities","Strengthen"
"France","January 04, 2022","5 %","6.56 per 1000 persons","1.72 %","211.4 per 100k persons","High income","Has demonstrated testing capacity","Has demonstrated sequencing capacity","1 or more NGS facilities","Strengthen"
"French Polynesia","September 07, 2020","Insufficient Data","Insufficient Data","0.12 %","12.7 per 100k persons","High income","Insufficient data","Has not demonstrated sequencing capacity","No NGS facilities","Insufficient Data"
"Gabon","January 03, 2022","2.9 %","1.37 per 1000 persons","0.5 %","7.2 per 100k persons","Upper middle income","Has demonstrated testing capacity","Has demonstrated sequencing capacity","1 or more NGS facilities","Strengthen"
"Georgia","June 16, 2021","8.8 %","2.21 per 1000 persons","0.12 %","20.8 per 100k persons","Upper middle income","Insufficient data","Has not demonstrated sequencing capacity","1 or more NGS facilities","Insufficient Data"
"Germany","December 14, 2021","9.4 %","1.93 per 1000 persons","5.88 %","387.4 per 100k persons","High income","Has demonstrated testing capacity","Has demonstrated sequencing capacity","1 or more NGS facilities","Strengthen"
"Ghana","January 03, 2022","6.1 %","0.13 per 1000 persons","2.24 %","6.5 per 100k persons","Lower middle income","Has demonstrated testing capacity","Has demonstrated sequencing capacity","1 or more NGS facilities","Strengthen"
"Gibraltar","No tests reported","Insufficient Data","Insufficient Data","36.14 %","7022.6 per 100k persons","High income","Insufficient data","Has demonstrated sequencing capacity","No NGS facilities","Insufficient Data"
"Greece","January 04, 2022","2.5 %","11.75 per 1000 persons","0.96 %","111.7 per 100k persons","High income","Has demonstrated testing capacity","Has demonstrated sequencing capacity","1 or more NGS facilities","Strengthen"
"Greenland","August 25, 2021","0 %","3.03 per 1000 persons","0 %","0 per 100k persons","High income","Insufficient data","Has not demonstrated sequencing capacity","No NGS facilities","Insufficient Data"
"Grenada","January 04, 2022","8 %","1.87 per 1000 persons","0.65 %","38 per 100k persons","Upper middle income","Has demonstrated testing capacity","Has demonstrated sequencing capacity","No NGS facilities","Strengthen"
"Guam","No tests reported","Insufficient Data","Insufficient Data","Insufficient Data","Insufficient Data","High income","Insufficient data","Has not demonstrated sequencing capacity","No NGS facilities","Insufficient Data"
"Guatemala","January 04, 2022","18.4 %","0.41 per 1000 persons","0.25 %","6.8 per 100k persons","Upper middle income","Has not demonstrated testing capacity","Has not demonstrated sequencing capacity","1 or more NGS facilities","Test"
"Guinea","January 03, 2022","6.4 %","0.06 per 1000 persons","0.71 %","1 per 100k persons","Low income","Has demonstrated testing capacity","Has demonstrated sequencing capacity","No NGS facilities","Strengthen"
"Guinea-Bissau","January 03, 2022","5.4 %","0.1 per 1000 persons","0.96 %","1.9 per 100k persons","Low income","Has demonstrated testing capacity","Has demonstrated sequencing capacity","No NGS facilities","Strengthen"
"Guyana","December 28, 2021","8.6 %","1.34 per 1000 persons","0.15 %","6.5 per 100k persons","Upper middle income","Has demonstrated testing capacity","Has not demonstrated sequencing capacity","No NGS facilities","Connect"
"Haiti","No tests reported","Insufficient Data","Insufficient Data","0.41 %","0.6 per 100k persons","Low income","Insufficient data","Has not demonstrated sequencing capacity","No NGS facilities","Insufficient Data"
"Honduras","December 22, 2021","30.8 %","0.24 per 1000 persons","0.05 %","1.2 per 100k persons","Lower middle income","Has not demonstrated testing capacity","Has not demonstrated sequencing capacity","No NGS facilities","Test"
"Hong Kong SAR, China","December 14, 2021","0 %","9.41 per 1000 persons","27.04 %","13.1 per 100k persons","High income","Insufficient data","Has demonstrated sequencing capacity","1 or more NGS facilities","Insufficient Data"
"Hungary","January 04, 2022","14.4 %","1.84 per 1000 persons","0.01 %","0.7 per 100k persons","High income","Has demonstrated testing capacity","Has not demonstrated sequencing capacity","1 or more NGS facilities","Leverage"
"Iceland","January 04, 2022","2.4 %","7.52 per 1000 persons","17.18 %","1246.2 per 100k persons","High income","Has demonstrated testing capacity","Has demonstrated sequencing capacity","1 or more NGS facilities","Strengthen"
"India","January 04, 2022","4.9 %","1 per 1000 persons","0.33 %","5.9 per 100k persons","Lower middle income","Has demonstrated testing capacity","Has not demonstrated sequencing capacity","1 or more NGS facilities","Leverage"
"Indonesia","January 04, 2022","6 %","0.58 per 1000 persons","0.32 %","4.1 per 100k persons","Upper middle income","Has demonstrated testing capacity","Has not demonstrated sequencing capacity","1 or more NGS facilities","Leverage"
"Iran","December 30, 2021","14.4 %","1.13 per 1000 persons","0 %","0.3 per 100k persons","Upper middle income","Has demonstrated testing capacity","Has not demonstrated sequencing capacity","1 or more NGS facilities","Leverage"
"Iraq","December 21, 2021","12.2 %","0.84 per 1000 persons","0.01 %","0.4 per 100k persons","Upper middle income","Has demonstrated testing capacity","Has not demonstrated sequencing capacity","1 or more NGS facilities","Leverage"
"Ireland","January 04, 2022","9.4 %","4.25 per 1000 persons","5.87 %","894.1 per 100k persons","High income","Has demonstrated testing capacity","Has demonstrated sequencing capacity","1 or more NGS facilities","Strengthen"
"Isle of Man","No tests reported","Insufficient Data","Insufficient Data","0 %","0 per 100k persons","High income","Insufficient data","Has not demonstrated sequencing capacity","No NGS facilities","Insufficient Data"
"Israel","January 04, 2022","3.4 %","8.99 per 1000 persons","3.72 %","386 per 100k persons","High income","Has demonstrated testing capacity","Has demonstrated sequencing capacity","1 or more NGS facilities","Strengthen"
"Italy","January 04, 2022","3.6 %","5.15 per 1000 persons","1.77 %","129.1 per 100k persons","High income","Has demonstrated testing capacity","Has demonstrated sequencing capacity","1 or more NGS facilities","Strengthen"
"Ivory Coast","January 03, 2022","5 %","0.1 per 1000 persons","0.3 %","0.6 per 100k persons","Lower middle income","Has demonstrated testing capacity","Has not demonstrated sequencing capacity","No NGS facilities","Connect"
"Jamaica","December 26, 2021","14.2 %","0.53 per 1000 persons","0.52 %","14.4 per 100k persons","Upper middle income","Has demonstrated testing capacity","Has demonstrated sequencing capacity","No NGS facilities","Strengthen"
"Japan","December 21, 2021","6.2 %","0.52 per 1000 persons","10.66 %","125.7 per 100k persons","High income","Has demonstrated testing capacity","Has demonstrated sequencing capacity","1 or more NGS facilities","Strengthen"
"Jordan","December 27, 2021","7.5 %","2.78 per 1000 persons","0.09 %","6.3 per 100k persons","Upper middle income","Has demonstrated testing capacity","Has not demonstrated sequencing capacity","1 or more NGS facilities","Leverage"
"Kazakhstan","May 28, 2021","3.7 %","2.3 per 1000 persons","0.05 %","2.1 per 100k persons","Upper middle income","Insufficient data","Has not demonstrated sequencing capacity","1 or more NGS facilities","Insufficient Data"
"Kenya","January 03, 2022","10.1 %","0.1 per 1000 persons","1.91 %","7.1 per 100k persons","Lower middle income","Has demonstrated testing capacity","Has demonstrated sequencing capacity","1 or more NGS facilities","Strengthen"
"Kiribati","No tests reported","Insufficient Data","Insufficient Data","0 %","Insufficient Data","Lower middle income","Insufficient data","Has not demonstrated sequencing capacity","No NGS facilities","Insufficient Data"
"Kosovo","December 30, 2021","0 %","Insufficient Data","Insufficient Data","Insufficient Data","Upper middle income","Insufficient data","Has not demonstrated sequencing capacity","No NGS facilities","Insufficient Data"
"Kuwait","December 29, 2021","4.6 %","3.74 per 1000 persons","0.12 %","7.3 per 100k persons","High income","Has demonstrated testing capacity","Has not demonstrated sequencing capacity","1 or more NGS facilities","Leverage"
"Kyrgyzstan","June 23, 2021","1.5 %","2.19 per 1000 persons","0 %","0 per 100k persons","Lower middle income","Insufficient data","Has not demonstrated sequencing capacity","No NGS facilities","Insufficient Data"
"Laos","July 06, 2021","1.1 %","0.16 per 1000 persons","0 %","0 per 100k persons","Lower middle income","Insufficient data","Has not demonstrated sequencing capacity","No NGS facilities","Insufficient Data"
"Latvia","January 04, 2022","5 %","6.8 per 1000 persons","3 %","380.1 per 100k persons","High income","Has demonstrated testing capacity","Has demonstrated sequencing capacity","1 or more NGS facilities","Strengthen"
"Lebanon","June 23, 2021","13.3 %","2.3 per 1000 persons","0.18 %","14.5 per 100k persons","Upper middle income","Insufficient data","Has not demonstrated sequencing capacity","1 or more NGS facilities","Insufficient Data"
"Lesotho","January 03, 2022","8.8 %","0.38 per 1000 persons","0.06 %","0.7 per 100k persons","Lower middle income","Has demonstrated testing capacity","Has not demonstrated sequencing capacity","No NGS facilities","Connect"
"Liberia","September 26, 2021","5 %","0.06 per 1000 persons","1.67 %","1.5 per 100k persons","Low income","Has demonstrated testing capacity","Has demonstrated sequencing capacity","No NGS facilities","Strengthen"
"Libya","January 03, 2022","19.8 %","0.58 per 1000 persons","0.02 %","0.7 per 100k persons","Upper middle income","Has not demonstrated testing capacity","Has not demonstrated sequencing capacity","No NGS facilities","Test"
"Liechtenstein","No tests reported","Insufficient Data","Insufficient Data","11.56 %","1223.4 per 100k persons","High income","Insufficient data","Has demonstrated sequencing capacity","No NGS facilities","Insufficient Data"
"Lithuania","January 04, 2022","7.2 %","5.31 per 1000 persons","6.85 %","959.3 per 100k persons","High income","Has demonstrated testing capacity","Has demonstrated sequencing capacity","1 or more NGS facilities","Strengthen"
"Luxembourg","December 29, 2021","2.7 %","9.41 per 1000 persons","29.34 %","2738.3 per 100k persons","High income","Has demonstrated testing capacity","Has demonstrated sequencing capacity","1 or more NGS facilities","Strengthen"
"Macao SAR, China","No tests reported","Insufficient Data","Insufficient Data","0 %","0 per 100k persons","High income","Insufficient data","Has not demonstrated sequencing capacity","No NGS facilities","Insufficient Data"
"Madagascar","December 29, 2021","14.5 %","0.02 per 1000 persons","1.21 %","1.5 per 100k persons","Low income","Has demonstrated testing capacity","Has demonstrated sequencing capacity","1 or more NGS facilities","Strengthen"
"Malawi","January 03, 2022","17.2 %","0.06 per 1000 persons","1.12 %","4 per 100k persons","Low income","Has not demonstrated testing capacity","Has demonstrated sequencing capacity","No NGS facilities","Test"
"Malaysia","June 16, 2021","6 %","1.73 per 1000 persons","0.26 %","21.4 per 100k persons","Upper middle income","Insufficient data","Has not demonstrated sequencing capacity","1 or more NGS facilities","Insufficient Data"
"Maldives","November 09, 2021","4.7 %","9.7 per 1000 persons","1.08 %","164.8 per 100k persons","Upper middle income","Has demonstrated testing capacity","Has demonstrated sequencing capacity","No NGS facilities","Strengthen"
"Mali","January 03, 2022","3.6 %","0.05 per 1000 persons","0.3 %","0.2 per 100k persons","Low income","Has demonstrated testing capacity","Has not demonstrated sequencing capacity","1 or more NGS facilities","Leverage"
"Malta","September 06, 2021","3.4 %","6.34 per 1000 persons","1.44 %","119.9 per 100k persons","High income","Has demonstrated testing capacity","Has demonstrated sequencing capacity","No NGS facilities","Strengthen"
"Marshall Islands","No tests reported","Insufficient Data","Insufficient Data","Insufficient Data","0 per 100k persons","Upper middle income","Insufficient data",NaN,"No NGS facilities","Insufficient Data"
"Mauritania","January 03, 2022","4.9 %","0.33 per 1000 persons","0 %","0 per 100k persons","Lower middle income","Has demonstrated testing capacity","Has not demonstrated sequencing capacity","No NGS facilities","Connect"
"Mauritius","September 01, 2021","24.3 %","0.14 per 1000 persons","2.21 %","40.1 per 100k persons","High income","Has not demonstrated testing capacity","Has demonstrated sequencing capacity","No NGS facilities","Test"
"Mexico","January 04, 2022","29.1 %","0.19 per 1000 persons","1.58 %","30.9 per 100k persons","Upper middle income","Has not demonstrated testing capacity","Has demonstrated sequencing capacity","1 or more NGS facilities","Test"
"Micronesia","No tests reported","Insufficient Data","Insufficient Data","0 %","Insufficient Data","Lower middle income","Insufficient data","Has not demonstrated sequencing capacity","No NGS facilities","Insufficient Data"
"Moldova","June 13, 2021","17.8 %","0.94 per 1000 persons","0.06 %","3.6 per 100k persons","Lower middle income","Insufficient data","Has not demonstrated sequencing capacity","No NGS facilities","Insufficient Data"
"Monaco","No tests reported","Insufficient Data","Insufficient Data","2.09 %","215.1 per 100k persons","High income","Insufficient data","Has demonstrated sequencing capacity","No NGS facilities","Insufficient Data"
"Mongolia","No tests reported","Insufficient Data","Insufficient Data","0.06 %","7.4 per 100k persons","Lower middle income","Insufficient data","Has not demonstrated sequencing capacity","No NGS facilities","Insufficient Data"
"Montenegro","June 21, 2021","25.4 %","1.89 per 1000 persons","0.37 %","74.8 per 100k persons","Upper middle income","Insufficient data","Has demonstrated sequencing capacity","No NGS facilities","Insufficient Data"
"Morocco","January 03, 2022","9.7 %","0.4 per 1000 persons","0.06 %","0.9 per 100k persons","Lower middle income","Has demonstrated testing capacity","Has not demonstrated sequencing capacity","1 or more NGS facilities","Leverage"
"Mozambique","January 03, 2022","20.8 %","0.07 per 1000 persons","0.44 %","2.4 per 100k persons","Low income","Has not demonstrated testing capacity","Has not demonstrated sequencing capacity","No NGS facilities","Test"
"Myanmar","December 21, 2021","9.6 %","0.21 per 1000 persons","0.01 %","0.1 per 100k persons","Lower middle income","Has demonstrated testing capacity","Has not demonstrated sequencing capacity","1 or more NGS facilities","Leverage"
"Namibia","January 03, 2022","18.8 %","0.71 per 1000 persons","0.1 %","4.9 per 100k persons","Upper middle income","Has not demonstrated testing capacity","Has not demonstrated sequencing capacity","No NGS facilities","Test"
"Nauru","No tests reported","Insufficient Data","Insufficient Data","Insufficient Data","Insufficient Data","High income","Insufficient data","Has not demonstrated sequencing capacity","No NGS facilities","Insufficient Data"
"Nepal","January 04, 2022","19.4 %","0.28 per 1000 persons","0.15 %","2.9 per 100k persons","Lower middle income","Has not demonstrated testing capacity","Has not demonstrated sequencing capacity","1 or more NGS facilities","Test"
"Netherlands","January 04, 2022","12.4 %","3.08 per 1000 persons","3.36 %","465 per 100k persons","High income","Has demonstrated testing capacity","Has demonstrated sequencing capacity","1 or more NGS facilities","Strengthen"
"New Caledonia","September 07, 2021","0 %","0.33 per 1000 persons","0 %","0 per 100k persons","High income","Insufficient data","Has not demonstrated sequencing capacity","No NGS facilities","Insufficient Data"
"New Zealand","January 04, 2022","0.3 %","2.37 per 1000 persons","36.11 %","86.1 per 100k persons","High income","Has demonstrated testing capacity","Has demonstrated sequencing capacity","1 or more NGS facilities","Strengthen"
"Nicaragua","No tests reported","Insufficient Data","Insufficient Data","0 %","0 per 100k persons","Lower middle income","Insufficient data","Has not demonstrated sequencing capacity","No NGS facilities","Insufficient Data"
"Niger","January 03, 2022","2.9 %","0.02 per 1000 persons","1.94 %","0.3 per 100k persons","Low income","Has demonstrated testing capacity","Has demonstrated sequencing capacity","No NGS facilities","Strengthen"
"Nigeria","December 29, 2021","5.3 %","0.04 per 1000 persons","2.17 %","1.6 per 100k persons","Lower middle income","Has demonstrated testing capacity","Has demonstrated sequencing capacity","1 or more NGS facilities","Strengthen"
"North Korea","No tests reported","Insufficient Data","Insufficient Data","Insufficient Data","Insufficient Data","Low income","Insufficient data","Has not demonstrated sequencing capacity","No NGS facilities","Insufficient Data"
"North Macedonia","December 17, 2021","11.9 %","1.57 per 1000 persons","0.39 %","26.7 per 100k persons","Upper middle income","Has demonstrated testing capacity","Has not demonstrated sequencing capacity","1 or more NGS facilities","Leverage"
"Northern Mariana Islands","No tests reported","Insufficient Data","Insufficient Data","Insufficient Data","Insufficient Data","High income","Insufficient data","Has not demonstrated sequencing capacity","No NGS facilities","Insufficient Data"
"Norway","January 04, 2022","5.3 %","3.32 per 1000 persons","10.04 %","663.6 per 100k persons","High income","Has demonstrated testing capacity","Has demonstrated sequencing capacity","1 or more NGS facilities","Strengthen"
"Oman","May 28, 2021","85.2 %","0.13 per 1000 persons","0.17 %","5.6 per 100k persons","High income","Insufficient data","Has not demonstrated sequencing capacity","1 or more NGS facilities","Insufficient Data"
"Pakistan","December 30, 2021","4.9 %","0.21 per 1000 persons","0.18 %","0.6 per 100k persons","Lower middle income","Has demonstrated testing capacity","Has not demonstrated sequencing capacity","1 or more NGS facilities","Leverage"
"Palau","No tests reported","Insufficient Data","Insufficient Data","25 %","Insufficient Data","High income","Insufficient data","Has not demonstrated sequencing capacity","No NGS facilities","Insufficient Data"
"Palestine","December 30, 2021","16.8 %","1.06 per 1000 persons","0.01 %","0.7 per 100k persons","Lower middle income","Has demonstrated testing capacity","Has not demonstrated sequencing capacity","No NGS facilities","Connect"
"Panama","December 20, 2021","7.5 %","2.09 per 1000 persons","0.23 %","12.6 per 100k persons","High income","Has demonstrated testing capacity","Has not demonstrated sequencing capacity","1 or more NGS facilities","Leverage"
"Papua New Guinea","November 28, 2021","16.3 %","0.07 per 1000 persons","9.01 %","35 per 100k persons","Lower middle income","Has not demonstrated testing capacity","Has demonstrated sequencing capacity","No NGS facilities","Test"
"Paraguay","December 20, 2021","23.2 %","0.59 per 1000 persons","0.22 %","11 per 100k persons","Upper middle income","Has not demonstrated testing capacity","Has not demonstrated sequencing capacity","No NGS facilities","Test"
"Peru","December 17, 2021","7.7 %","1.38 per 1000 persons","0.88 %","33.9 per 100k persons","Upper middle income","Has demonstrated testing capacity","Has demonstrated sequencing capacity","1 or more NGS facilities","Strengthen"
"Philippines","December 21, 2021","12.6 %","0.47 per 1000 persons","0.49 %","10.5 per 100k persons","Lower middle income","Has demonstrated testing capacity","Has not demonstrated sequencing capacity","1 or more NGS facilities","Leverage"
"Poland","December 20, 2021","13.8 %","1.47 per 1000 persons","1.43 %","106.6 per 100k persons","High income","Has demonstrated testing capacity","Has demonstrated sequencing capacity","1 or more NGS facilities","Strengthen"
"Portugal","January 04, 2022","4.7 %","5.66 per 1000 persons","2.15 %","217.1 per 100k persons","High income","Has demonstrated testing capacity","Has demonstrated sequencing capacity","1 or more NGS facilities","Strengthen"
"Puerto Rico","No tests reported","Insufficient Data","Insufficient Data","Insufficient Data","Insufficient Data","High income","Insufficient data","Has not demonstrated sequencing capacity","1 or more NGS facilities","Insufficient Data"
"Qatar","January 04, 2022","5.6 %","1.84 per 1000 persons","2.47 %","93.1 per 100k persons","High income","Has demonstrated testing capacity","Has demonstrated sequencing capacity","1 or more NGS facilities","Strengthen"
"Republic of the Congo","January 03, 2022","5.5 %","0.12 per 1000 persons","2.91 %","7.3 per 100k persons","Lower middle income","Has demonstrated testing capacity","Has demonstrated sequencing capacity","No NGS facilities","Strengthen"
"Romania","January 04, 2022","9.6 %","1.75 per 1000 persons","0.66 %","40.5 per 100k persons","High income","Has demonstrated testing capacity","Has demonstrated sequencing capacity","1 or more NGS facilities","Strengthen"
"Russia","December 20, 2021","4.7 %","2.84 per 1000 persons","0.13 %","6.2 per 100k persons","Upper middle income","Has demonstrated testing capacity","Has not demonstrated sequencing capacity","1 or more NGS facilities","Leverage"
"Rwanda","January 03, 2022","3.2 %","0.69 per 1000 persons","0.44 %","3.5 per 100k persons","Low income","Has demonstrated testing capacity","Has not demonstrated sequencing capacity","No NGS facilities","Connect"
"Saint Kitts and Nevis","September 20, 2021","5.7 %","2.07 per 1000 persons","0.85 %","52.3 per 100k persons","High income","Has demonstrated testing capacity","Has demonstrated sequencing capacity","No NGS facilities","Strengthen"
"Saint Lucia","January 04, 2022","15 %","1.32 per 1000 persons","0.64 %","46.6 per 100k persons","Upper middle income","Has demonstrated testing capacity","Has demonstrated sequencing capacity","No NGS facilities","Strengthen"
"Saint Vincent and the Grenadines","July 06, 2021","6.1 %","1.68 per 1000 persons","1.24 %","65.6 per 100k persons","Upper middle income","Insufficient data","Has demonstrated sequencing capacity","No NGS facilities","Insufficient Data"
"Samoa","No tests reported","Insufficient Data","Insufficient Data","0 %","0 per 100k persons","Upper middle income","Insufficient data","Has not demonstrated sequencing capacity","No NGS facilities","Insufficient Data"
"San Marino","December 16, 2021","7.8 %","6.02 per 1000 persons","0 %","0 per 100k persons","High income","Has demonstrated testing capacity","Has not demonstrated sequencing capacity","No NGS facilities","Connect"
"São Tomé and Príncipe","December 29, 2021","14.5 %","0.25 per 1000 persons","0 %","0 per 100k persons","Lower middle income","Has demonstrated testing capacity","Has not demonstrated sequencing capacity","No NGS facilities","Connect"
"Saudi Arabia","January 04, 2022","0.9 %","1.75 per 1000 persons","0.09 %","0.5 per 100k persons","High income","Has demonstrated testing capacity","Has not demonstrated sequencing capacity","1 or more NGS facilities","Leverage"
"Senegal","January 03, 2022","8.7 %","0.11 per 1000 persons","4.37 %","14.3 per 100k persons","Lower middle income","Has demonstrated testing capacity","Has demonstrated sequencing capacity","1 or more NGS facilities","Strengthen"
"Serbia","January 04, 2022","19.4 %","1.55 per 1000 persons","0.02 %","3.1 per 100k persons","Upper middle income","Has demonstrated testing capacity","Has not demonstrated sequencing capacity","1 or more NGS facilities","Leverage"
"Seychelles","December 21, 2020","Insufficient Data","Insufficient Data","2.93 %","749.2 per 100k persons","High income","Insufficient data","Has demonstrated sequencing capacity","No NGS facilities","Insufficient Data"
"Sierra Leone","November 29, 2021","2.5 %","0.06 per 1000 persons","0.83 %","0.5 per 100k persons","Low income","Has demonstrated testing capacity","Has demonstrated sequencing capacity","1 or more NGS facilities","Strengthen"
"Singapore","September 20, 2021","0.1 %","8.94 per 1000 persons","4.48 %","182.9 per 100k persons","High income","Has demonstrated testing capacity","Has demonstrated sequencing capacity","1 or more NGS facilities","Strengthen"
"Sint Maarten (Dutch part)","No tests reported","Insufficient Data","Insufficient Data","Inf %","Insufficient Data","High income","Insufficient data","Has not demonstrated sequencing capacity","No NGS facilities","Insufficient Data"
"Slovakia","September 20, 2021","1.3 %","28.05 per 1000 persons","1.62 %","323.1 per 100k persons","High income","Has demonstrated testing capacity","Has demonstrated sequencing capacity","1 or more NGS facilities","Strengthen"
"Slovenia","January 04, 2022","2.9 %","15.49 per 1000 persons","11.64 %","1932.1 per 100k persons","High income","Has demonstrated testing capacity","Has demonstrated sequencing capacity","1 or more NGS facilities","Strengthen"
"Solomon Islands","No tests reported","Insufficient Data","Insufficient Data","14.29 %","0.1 per 100k persons","Lower middle income","Insufficient data","Has demonstrated sequencing capacity","No NGS facilities","Insufficient Data"
"Somalia","December 22, 2021","5.6 %","0.06 per 1000 persons","0.06 %","0.1 per 100k persons","Low income","Has demonstrated testing capacity","Has not demonstrated sequencing capacity","No NGS facilities","Connect"
"South Africa","January 03, 2022","16.4 %","0.67 per 1000 persons","0.84 %","32.8 per 100k persons","Upper middle income","Has not demonstrated testing capacity","Has demonstrated sequencing capacity","1 or more NGS facilities","Test"
"South Korea","October 31, 2021","2.6 %","0.74 per 1000 persons","3.34 %","38.1 per 100k persons","High income","Has demonstrated testing capacity","Has demonstrated sequencing capacity","1 or more NGS facilities","Strengthen"
"South Sudan","January 03, 2022","5.1 %","0.06 per 1000 persons","0.72 %","0.8 per 100k persons","Low income","Has demonstrated testing capacity","Has demonstrated sequencing capacity","No NGS facilities","Strengthen"
"Spain","November 15, 2021","7.8 %","2.76 per 1000 persons","1.49 %","153.6 per 100k persons","High income","Has demonstrated testing capacity","Has demonstrated sequencing capacity","1 or more NGS facilities","Strengthen"
"Sri Lanka","May 30, 2021","12.4 %","0.35 per 1000 persons","0.41 %","10.5 per 100k persons","Lower middle income","Insufficient data","Has not demonstrated sequencing capacity","1 or more NGS facilities","Insufficient Data"
"Saint Martin","No tests reported","Insufficient Data","Insufficient Data","Insufficient Data","Insufficient Data","High income","Insufficient data","Has not demonstrated sequencing capacity","No NGS facilities","Insufficient Data"
"Sudan","October 27, 2021","3.6 %","0.03 per 1000 persons","0.38 %","0.2 per 100k persons","Low income","Has demonstrated testing capacity","Has not demonstrated sequencing capacity","No NGS facilities","Connect"
"Suriname","No tests reported","Insufficient Data","Insufficient Data","1.71 %","138.6 per 100k persons","Upper middle income","Insufficient data","Has demonstrated sequencing capacity","No NGS facilities","Insufficient Data"
"Sweden","May 10, 2021","10.6 %","4.19 per 1000 persons","14.81 %","1341.8 per 100k persons","High income","Insufficient data","Has demonstrated sequencing capacity","1 or more NGS facilities","Insufficient Data"
"Switzerland","December 23, 2021","7.9 %","3.55 per 1000 persons","9.62 %","1026 per 100k persons","High income","Has demonstrated testing capacity","Has demonstrated sequencing capacity","1 or more NGS facilities","Strengthen"
"Syria","No tests reported","Insufficient Data","Insufficient Data","0.05 %","0.1 per 100k persons","Low income","Insufficient data","Has not demonstrated sequencing capacity","No NGS facilities","Insufficient Data"
"Taiwan","January 04, 2022","0.2 %","1.04 per 1000 persons","0.56 %","0.4 per 100k persons","High income","Has demonstrated testing capacity","Has demonstrated sequencing capacity","1 or more NGS facilities","Strengthen"
"Tajikistan","March 30, 2020","Insufficient Data","Insufficient Data","0 %","0 per 100k persons","Low income","Insufficient data","Has not demonstrated sequencing capacity","No NGS facilities","Insufficient Data"
"Tanzania","September 23, 2021","9.3 %","0.01 per 1000 persons","0 %","0 per 100k persons","Lower middle income","Has demonstrated testing capacity","Has not demonstrated sequencing capacity","No NGS facilities","Connect"
"Thailand","May 22, 2021","2.7 %","0.46 per 1000 persons","0.42 %","13.3 per 100k persons","Upper middle income","Insufficient data","Has not demonstrated sequencing capacity","1 or more NGS facilities","Insufficient Data"
"The Bahamas","December 18, 2021","12.6 %","0.94 per 1000 persons","0.6 %","27.2 per 100k persons","High income","Has demonstrated testing capacity","Has demonstrated sequencing capacity","No NGS facilities","Strengthen"
"The Gambia","December 29, 2021","6.3 %","0.12 per 1000 persons","9.23 %","24.4 per 100k persons","Low income","Has demonstrated testing capacity","Has demonstrated sequencing capacity","1 or more NGS facilities","Strengthen"
"Togo","January 03, 2022","6.1 %","0.14 per 1000 persons","1.1 %","3.6 per 100k persons","Low income","Has demonstrated testing capacity","Has demonstrated sequencing capacity","No NGS facilities","Strengthen"
"Tonga","No tests reported","Insufficient Data","Insufficient Data","0 %","Insufficient Data","Upper middle income","Insufficient data","Has not demonstrated sequencing capacity","No NGS facilities","Insufficient Data"
"Trinidad and Tobago","July 02, 2021","16.2 %","0.63 per 1000 persons","1.62 %","99.8 per 100k persons","High income","Insufficient data","Has demonstrated sequencing capacity","No NGS facilities","Insufficient Data"
"Tunisia","January 03, 2022","21.4 %","0.64 per 1000 persons","0.04 %","1.9 per 100k persons","Lower middle income","Has not demonstrated testing capacity","Has not demonstrated sequencing capacity","1 or more NGS facilities","Test"
"Turkey","September 24, 2021","8 %","2.65 per 1000 persons","1.08 %","93.7 per 100k persons","Upper middle income","Has demonstrated testing capacity","Has demonstrated sequencing capacity","1 or more NGS facilities","Strengthen"
"Turkmenistan","No tests reported","Insufficient Data","Insufficient Data","Insufficient Data","Insufficient Data","Upper middle income","Insufficient data","Has not demonstrated sequencing capacity","No NGS facilities","Insufficient Data"
"Turks and Caicos Islands","No tests reported","Insufficient Data","Insufficient Data","0.6 %","40.8 per 100k persons","High income","Insufficient data","Has demonstrated sequencing capacity","No NGS facilities","Insufficient Data"
"Tuvalu","No tests reported","Insufficient Data","Insufficient Data","Insufficient Data","Insufficient Data","Upper middle income","Insufficient data","Has not demonstrated sequencing capacity","No NGS facilities","Insufficient Data"
"Uganda","January 03, 2022","7.7 %","0.08 per 1000 persons","0.55 %","1.3 per 100k persons","Low income","Has demonstrated testing capacity","Has demonstrated sequencing capacity","1 or more NGS facilities","Strengthen"
"Ukraine","January 04, 2022","24.6 %","0.7 per 1000 persons","0.02 %","1 per 100k persons","Lower middle income","Has not demonstrated testing capacity","Has not demonstrated sequencing capacity","1 or more NGS facilities","Test"
"United Arab Emirates","January 04, 2022","0.6 %","25.22 per 1000 persons","0.1 %","5.7 per 100k persons","High income","Has demonstrated testing capacity","Has not demonstrated sequencing capacity","1 or more NGS facilities","Leverage"
"United Kingdom","January 04, 2022","3 %","14.11 per 1000 persons","13.25 %","2128.6 per 100k persons","High income","Has demonstrated testing capacity","Has demonstrated sequencing capacity","1 or more NGS facilities","Strengthen"
"United States of America","January 04, 2022","6.9 %","4.17 per 1000 persons","5.53 %","599 per 100k persons","High income","Has demonstrated testing capacity","Has demonstrated sequencing capacity","1 or more NGS facilities","Strengthen"
"Uruguay","December 29, 2021","10.3 %","3.01 per 1000 persons","0.14 %","16.1 per 100k persons","High income","Has demonstrated testing capacity","Has not demonstrated sequencing capacity","1 or more NGS facilities","Leverage"
"Uzbekistan","July 14, 2020","Insufficient Data","Insufficient Data","0.05 %","0.2 per 100k persons","Lower middle income","Insufficient data","Has not demonstrated sequencing capacity","No NGS facilities","Insufficient Data"
"Vanuatu","No tests reported","Insufficient Data","Insufficient Data","16.67 %","0.3 per 100k persons","Lower middle income","Insufficient data","Has demonstrated sequencing capacity","No NGS facilities","Insufficient Data"
"Venezuela","May 30, 2021","15.6 %","0.18 per 1000 persons","0.03 %","0.3 per 100k persons","Upper middle income","Insufficient data","Has not demonstrated sequencing capacity","1 or more NGS facilities","Insufficient Data"
"Vietnam","May 08, 2021","0.2 %","0.09 per 1000 persons","0.1 %","1.9 per 100k persons","Lower middle income","Insufficient data","Has not demonstrated sequencing capacity","1 or more NGS facilities","Insufficient Data"
"U.S. Virgin Islands","No tests reported","Insufficient Data","Insufficient Data","Insufficient Data","Insufficient Data","High income","Insufficient data","Has not demonstrated sequencing capacity","No NGS facilities","Insufficient Data"
"Yemen","No tests reported","Insufficient Data","Insufficient Data","0 %","0 per 100k persons","Low income","Insufficient data","Has not demonstrated sequencing capacity","No NGS facilities","Insufficient Data"
"Zambia","January 03, 2022","10 %","0.35 per 1000 persons","0.22 %","2.9 per 100k persons","Lower middle income","Has demonstrated testing capacity","Has not demonstrated sequencing capacity","1 or more NGS facilities","Leverage"
"Zimbabwe","January 03, 2022","12.4 %","0.3 per 1000 persons","0.17 %","2.2 per 100k persons","Lower middle income","Has demonstrated testing capacity","Has not demonstrated sequencing capacity","No NGS facilities","Connect"
"British Indian Ocean Territory","No tests reported","Insufficient Data","Insufficient Data","Insufficient Data","Insufficient Data",NaN,"Insufficient data","Has not demonstrated sequencing capacity",NaN,"Insufficient Data"
"Cook Islands","No tests reported","Insufficient Data","Insufficient Data","0 %","Insufficient Data",NaN,"Insufficient data","Has not demonstrated sequencing capacity",NaN,"Insufficient Data"
"Falkland Islands","No tests reported","Insufficient Data","Insufficient Data","0 %","0 per 100k persons",NaN,"Insufficient data","Has not demonstrated sequencing capacity",NaN,"Insufficient Data"
"French Southern and Antarctic Lands","No tests reported","Insufficient Data","Insufficient Data","Insufficient Data","Insufficient Data",NaN,"Insufficient data","Has not demonstrated sequencing capacity",NaN,"Insufficient Data"
"Guernsey","No tests reported","Insufficient Data","Insufficient Data","Insufficient Data","Insufficient Data",NaN,"Insufficient data","Has not demonstrated sequencing capacity",NaN,"Insufficient Data"
"Heard Island and McDonald Islands","No tests reported","Insufficient Data","Insufficient Data","Insufficient Data","Insufficient Data",NaN,"Insufficient data","Has not demonstrated sequencing capacity",NaN,"Insufficient Data"
"Jersey","No tests reported","Insufficient Data","Insufficient Data","Insufficient Data","Insufficient Data",NaN,"Insufficient data","Has not demonstrated sequencing capacity",NaN,"Insufficient Data"
"Montserrat","No tests reported","Insufficient Data","Insufficient Data","22.64 %","240.9 per 100k persons",NaN,"Insufficient data","Has demonstrated sequencing capacity",NaN,"Insufficient Data"
"Niue","No tests reported","Insufficient Data","Insufficient Data","Insufficient Data","Insufficient Data",NaN,"Insufficient data","Has not demonstrated sequencing capacity",NaN,"Insufficient Data"
"Norfolk Island","No tests reported","Insufficient Data","Insufficient Data","Insufficient Data","Insufficient Data",NaN,"Insufficient data","Has not demonstrated sequencing capacity",NaN,"Insufficient Data"
"Pitcairn Islands","No tests reported","Insufficient Data","Insufficient Data","Insufficient Data","Insufficient Data",NaN,"Insufficient data","Has not demonstrated sequencing capacity",NaN,"Insufficient Data"
"Saint Helena","No tests reported","Insufficient Data","Insufficient Data","Insufficient Data","0 per 100k persons",NaN,"Insufficient data",NaN,NaN,"Insufficient Data"
"Saint Pierre and Miquelon","No tests reported","Insufficient Data","Insufficient Data","0 %","0 per 100k persons",NaN,"Insufficient data","Has not demonstrated sequencing capacity",NaN,"Insufficient Data"
"Saint-Barthélemy","No tests reported","Insufficient Data","Insufficient Data","Insufficient Data","Insufficient Data",NaN,"Insufficient data","Has not demonstrated sequencing capacity",NaN,"Insufficient Data"
"South Georgia and the South Sandwich Islands","No tests reported","Insufficient Data","Insufficient Data","Insufficient Data","Insufficient Data",NaN,"Insufficient data","Has not demonstrated sequencing capacity",NaN,"Insufficient Data"
"Wallis and Futuna","No tests reported","Insufficient Data","Insufficient Data","2.22 %","90.1 per 100k persons",NaN,"Insufficient data","Has demonstrated sequencing capacity",NaN,"Insufficient Data"
"Anguilla","No tests reported","Insufficient Data","Insufficient Data","1.7 %","198.3 per 100k persons",NaN,"Insufficient data","Has demonstrated sequencing capacity",NaN,"Insufficient Data"
"Vatican City","No tests reported","Insufficient Data","Insufficient Data","Insufficient Data","0 per 100k persons",NaN,"Insufficient data",NaN,NaN,"Insufficient Data"
"Western Sahara","October 13, 2021","0 %","0.02 per 1000 persons","Insufficient Data","Insufficient Data",NaN,"Insufficient data","Has not demonstrated sequencing capacity",NaN,"Insufficient Data"
