"name","code","population_size","date_tests_last_reported","rept_tests_within_last_6_months","days_since_tests_reported","cases_in_last_year_smoothed_truncated","tests_in_last_year_smoothed","tpr_year_smoothed_truncated","avg_daily_tests_per_1000_last_year_smoothed","cases_in_last_year","sequences_in_last_year","pct_cases_sequenced_in_last_year","sequences_per_100k_last_year","dx_testing_capacity","ngs_capacity","sequencing_capacity","sars_cov_2_sequencing","world_bank_economies","archetype","prev_test_rec","dx_testing_rec","old_archetype"
"Afghanistan","AFG",38928000,"February 28, 2022",TRUE,0,117510,597246,0.196753096713917,0.0420337651808185,117945,76,0.06,0.191,"Has not demonstrated testing capacity",0,"0 NGS facilities or equivalent","Has not demonstrated sequencing capacity","Low income","Connect","Reliable testing capacity","Test - Increase diagnostic testing capacity","Connect"
"Albania","ALB",2878000,"February 28, 2022",TRUE,0,166814,1284619,0.129854844121097,1.22289927365846,164396,28,0.02,0.975,"Has demonstrated testing capacity",0,"0 NGS facilities or equivalent","Has not demonstrated sequencing capacity","Upper middle income","Connect","Reliable testing capacity","Sustain - Sustain diagnostic testing capacity","Connect"
"Algeria","DZA",43851000,"November 01, 2020",FALSE,484,0,0,NaN,NaN,151844,54,0.04,0.121,"Insufficient testing data",0,"0 NGS facilities or equivalent","Has not demonstrated sequencing capacity","Lower middle income","Connect","Reliable testing capacity","Insufficient testing data","Connect"
"American Samoa","ASM",NaN,"No tests reported",NaN,NaN,NaN,NaN,NaN,NaN,NaN,NaN,NaN,NaN,"Insufficient testing data",0,"0 NGS facilities or equivalent","Has not demonstrated sequencing capacity","Upper middle income","Connect","Unreliable testing capacity","Insufficient testing data","Test"
"Andorra","AND",77000,"February 18, 2022",TRUE,10,27150,144130,0.18837160896413,5.12826899128269,27133,126,0.46,162.888,"Has demonstrated testing capacity",0,"0 NGS facilities or equivalent","Has demonstrated sequencing capacity","High income","Strengthen","High Income*","Sustain - Sustain diagnostic testing capacity","High Income*"
"Angola","AGO",32866000,"February 26, 2022",TRUE,2,78006,1035153,0.0753569762151102,0.0862908664406486,77934,824,1.06,2.428,"Has demonstrated testing capacity",0,"0 NGS facilities or equivalent","Has demonstrated sequencing capacity","Lower middle income","Strengthen","Reliable testing capacity","Sustain - Sustain diagnostic testing capacity","Leverage"
"Antigua and Barbuda","ATG",98000,"June 07, 2021",FALSE,266,588,4527,0.129887342611001,0.452881152460984,6707,175,2.61,177.255,"Insufficient testing data",0,"0 NGS facilities or equivalent","Has demonstrated sequencing capacity","High income","Strengthen","High Income*","Insufficient testing data","High Income*"
"Argentina","ARG",45196000,"February 28, 2022",TRUE,0,6792189,26836857,0.253091820700166,1.62681732048054,6793291,10255,0.15,22.486,"Has demonstrated testing capacity",2,"4+ NGS facilities or equivalent","Has not demonstrated sequencing capacity","Upper middle income","Leverage","Reliable testing capacity","Sustain - Sustain diagnostic testing capacity","Strengthen"
"Armenia","ARM",2963000,"February 28, 2022",TRUE,0,247308,2166111,0.114171434427876,2.00288582009163,247774,121,0.05,4.077,"Has demonstrated testing capacity",0,"0 NGS facilities or equivalent","Has not demonstrated sequencing capacity","Upper middle income","Connect","Reliable testing capacity","Sustain - Sustain diagnostic testing capacity","Connect"
"Aruba","ABW",NaN,"No tests reported",NaN,NaN,NaN,NaN,NaN,NaN,25793,2776,10.76,2589.673,"Insufficient testing data",0,"0 NGS facilities or equivalent","Has demonstrated sequencing capacity","High income","Strengthen","High Income*","Insufficient testing data","High Income*"
"Australia","AUS",25500000,"February 28, 2022",TRUE,0,3232346,49060241,0.0658852450398684,5.27104388933656,3206039,51078,1.59,198.067,"Has demonstrated testing capacity",2,"4+ NGS facilities or equivalent","Has demonstrated sequencing capacity","High income","Strengthen","High Income*","Sustain - Sustain diagnostic testing capacity","High Income*"
"Austria","AUT",9006000,"February 28, 2022",TRUE,0,2151623,143951327,0.0149468785376324,43.791605292058,2220302,11982,0.54,132.499,"Has demonstrated testing capacity",2,"4+ NGS facilities or equivalent","Has demonstrated sequencing capacity","High income","Strengthen","High Income*","Sustain - Sustain diagnostic testing capacity","High Income*"
"Azerbaijan","AZE",10139000,"February 28, 2022",TRUE,0,548388,3953538,0.138708164686921,1.06831156513503,551133,15,0,0.147,"Has demonstrated testing capacity",1,"1-3 NGS facilities or equivalent","Has not demonstrated sequencing capacity","Upper middle income","Leverage","Unreliable testing capacity","Sustain - Sustain diagnostic testing capacity","Test"
"Bahrain","BHR",1702000,"February 27, 2022",TRUE,1,386405,6311616,0.0612212466664639,10.1598699354506,392489,2116,0.54,121.032,"Has demonstrated testing capacity",2,"4+ NGS facilities or equivalent","Has demonstrated sequencing capacity","High income","Strengthen","High Income*","Sustain - Sustain diagnostic testing capacity","High Income*"
"Bangladesh","BGD",164689000,"February 28, 2022",TRUE,0,1395565,9353148,0.14920805273262,0.155596688386587,1397361,3232,0.23,1.943,"Has demonstrated testing capacity",2,"4+ NGS facilities or equivalent","Has not demonstrated sequencing capacity","Lower middle income","Leverage","Reliable testing capacity","Sustain - Sustain diagnostic testing capacity","Strengthen"
"Barbados","BRB",287000,"February 28, 2022",TRUE,0,51751,459751,0.112563104811083,4.38882153596487,52097,105,0.2,36.495,"Has demonstrated testing capacity",0,"0 NGS facilities or equivalent","Has demonstrated sequencing capacity","High income","Strengthen","High Income*","Sustain - Sustain diagnostic testing capacity","High Income*"
"Belarus","BLR",9449000,"February 28, 2022",TRUE,0,623576,7541256,0.082688613143487,2.18657798099966,632430,239,0.04,2.531,"Has demonstrated testing capacity",1,"1-3 NGS facilities or equivalent","Has not demonstrated sequencing capacity","Upper middle income","Leverage","Reliable testing capacity","Sustain - Sustain diagnostic testing capacity","Leverage"
"Belgium","BEL",11590000,"February 26, 2022",TRUE,2,2775886,22281518,0.124582445415075,5.26706253619677,2785803,81398,2.92,699.756,"Has demonstrated testing capacity",2,"4+ NGS facilities or equivalent","Has demonstrated sequencing capacity","High income","Strengthen","High Income*","Sustain - Sustain diagnostic testing capacity","High Income*"
"Belize","BLZ",398000,"February 24, 2022",TRUE,4,44200,414426,0.106653540077119,2.86063559556022,44401,510,1.15,125.952,"Has demonstrated testing capacity",0,"0 NGS facilities or equivalent","Has demonstrated sequencing capacity","Upper middle income","Strengthen","Unreliable testing capacity","Sustain - Sustain diagnostic testing capacity","Test"
"Benin","BEN",12123000,"January 25, 2022",TRUE,34,2572,158467,0.0162305085601419,0.159409749257107,21133,596,2.82,4.787,"Has demonstrated testing capacity",0,"0 NGS facilities or equivalent","Has demonstrated sequencing capacity","Lower middle income","Strengthen","Unreliable testing capacity","Sustain - Sustain diagnostic testing capacity","Test"
"Bermuda","BMU",62000,"February 25, 2022",TRUE,3,0,620276,0,27.4094564737075,10856,89,0.82,143.336,"Insufficient testing data",0,"0 NGS facilities or equivalent","Has demonstrated sequencing capacity","High income","Strengthen","High Income*","Insufficient testing data","High Income*"
"Bhutan","BTN",772000,"February 24, 2022",TRUE,4,10149,1168392,0.00868629706468377,4.15786027444059,11835,0,0,0,"Has demonstrated testing capacity",0,"0 NGS facilities or equivalent","Has not demonstrated sequencing capacity","Lower middle income","Connect","Unreliable testing capacity","Sustain - Sustain diagnostic testing capacity","Test"
"Bolivia","BOL",11673000,"January 02, 2022",TRUE,57,364710,2352031,0.155061731754386,0.647888344306247,644385,122,0.02,1.031,"Has not demonstrated testing capacity",0,"0 NGS facilities or equivalent","Has not demonstrated sequencing capacity","Lower middle income","Connect","Reliable testing capacity","Test - Increase diagnostic testing capacity","Connect"
"Bosnia and Herzegovina","BIH",3281000,"February 28, 2022",TRUE,0,240230,758406,0.316756460260072,0.633290051061947,240223,1290,0.54,39.529,"Has not demonstrated testing capacity",1,"1-3 NGS facilities or equivalent","Has demonstrated sequencing capacity","Upper middle income","Strengthen","Reliable testing capacity","Test - Increase diagnostic testing capacity","Leverage"
"Botswana","BWA",2352000,"February 18, 2022",TRUE,10,233499,1383642,0.168756802698964,1.6432490594003,235579,2837,1.2,118.344,"Has demonstrated testing capacity",1,"1-3 NGS facilities or equivalent","Has demonstrated sequencing capacity","Upper middle income","Strengthen","Reliable testing capacity","Sustain - Sustain diagnostic testing capacity","Strengthen"
"Brazil","BRA",212559000,"February 17, 2022",TRUE,11,18240792,45278064,0.402861571113111,0.583600272916973,18113602,104437,0.58,48.804,"Has not demonstrated testing capacity",2,"4+ NGS facilities or equivalent","Has demonstrated sequencing capacity","Upper middle income","Strengthen","Reliable testing capacity","Test - Increase diagnostic testing capacity","Strengthen"
"British Virgin Islands","VGB",NaN,"No tests reported",NaN,NaN,NaN,NaN,NaN,NaN,5932,166,2.8,545.64,"Insufficient testing data",0,"0 NGS facilities or equivalent","Has demonstrated sequencing capacity","High income","Strengthen","High Income*","Insufficient testing data","High Income*"
"Brunei","BRN",437000,"December 14, 2021",TRUE,76,15220,569488,0.0267257606832804,4.46293219648287,63356,730,1.15,165.333,"Has demonstrated testing capacity",1,"1-3 NGS facilities or equivalent","Has demonstrated sequencing capacity","High income","Strengthen","High Income*","Sustain - Sustain diagnostic testing capacity","High Income*"
"Bulgaria","BGR",6948000,"January 02, 2022",TRUE,57,508334,5836066,0.0871021677959091,2.70084708269238,844241,12463,1.48,180.711,"Has demonstrated testing capacity",2,"4+ NGS facilities or equivalent","Has demonstrated sequencing capacity","Upper middle income","Strengthen","Reliable testing capacity","Sustain - Sustain diagnostic testing capacity","Strengthen"
"Burkina Faso","BFA",20903000,"February 21, 2022",TRUE,7,8833,163666,0.0539696699375558,0.0216891556739526,8769,99,1.13,0.461,"Has demonstrated testing capacity",1,"1-3 NGS facilities or equivalent","Has demonstrated sequencing capacity","Low income","Strengthen","Reliable testing capacity","Sustain - Sustain diagnostic testing capacity","Leverage"
"Burundi","BDI",11891000,"February 26, 2022",TRUE,2,35946,1287914,0.0279102486656718,0.296739677642697,35918,63,0.18,0.514,"Has demonstrated testing capacity",0,"0 NGS facilities or equivalent","Has not demonstrated sequencing capacity","Low income","Connect","Reliable testing capacity","Sustain - Sustain diagnostic testing capacity","Connect"
"Cambodia","KHM",16719000,"February 28, 2022",TRUE,0,128302,2387004,0.0537502241303324,0.391155989371456,129456,2543,1.96,15.006,"Has demonstrated testing capacity",1,"1-3 NGS facilities or equivalent","Has demonstrated sequencing capacity","Lower middle income","Strengthen","Reliable testing capacity","Sustain - Sustain diagnostic testing capacity","Strengthen"
"Cameroon","CMR",26546000,"February 24, 2022",TRUE,4,84346,1503813,0.0560880907400056,0.155203632051471,83526,483,0.58,1.774,"Has demonstrated testing capacity",1,"1-3 NGS facilities or equivalent","Has demonstrated sequencing capacity","Lower middle income","Strengthen","Reliable testing capacity","Sustain - Sustain diagnostic testing capacity","Leverage"
"Canada","CAN",37742000,"February 28, 2022",TRUE,0,2423102,33797579,0.071694543564792,2.45339692780762,2425825,200215,8.25,525.942,"Has demonstrated testing capacity",2,"4+ NGS facilities or equivalent","Has demonstrated sequencing capacity","High income","Strengthen","High Income*","Sustain - Sustain diagnostic testing capacity","High Income*"
"Cape Verde","CPV",556000,"February 28, 2022",TRUE,0,40655,333207,0.122011242260817,1.64189908347295,40486,196,0.48,34.882,"Has demonstrated testing capacity",0,"0 NGS facilities or equivalent","Has demonstrated sequencing capacity","Lower middle income","Strengthen","Unreliable testing capacity","Sustain - Sustain diagnostic testing capacity","Test"
"Cayman Islands","CYM",NaN,"No tests reported",NaN,NaN,NaN,NaN,NaN,NaN,18929,75,0.4,112.785,"Insufficient testing data",0,"0 NGS facilities or equivalent","Has demonstrated sequencing capacity","High income","Strengthen","High Income*","Insufficient testing data","High Income*"
"Central African Republic","CAF",4830000,"February 08, 2022",TRUE,20,9189,47751,0.192435760507633,0.0270858504211691,9221,41,0.44,0.833,"Has not demonstrated testing capacity",0,"0 NGS facilities or equivalent","Has not demonstrated sequencing capacity","Low income","Connect","Reliable testing capacity","Test - Increase diagnostic testing capacity","Connect"
"Chad","TCD",16426000,"February 09, 2022",TRUE,19,3273,104609,0.0312879388962709,0.0182478543172,3282,32,0.98,0.189,"Has demonstrated testing capacity",0,"0 NGS facilities or equivalent","Has demonstrated sequencing capacity","Low income","Strengthen","Reliable testing capacity","Sustain - Sustain diagnostic testing capacity","Connect"
"Chile","CHL",19116000,"February 02, 2022",TRUE,26,1416255,20934056,0.0676531580884278,3.20206581180579,2236394,19484,0.87,101.414,"Has demonstrated testing capacity",2,"4+ NGS facilities or equivalent","Has demonstrated sequencing capacity","High income","Strengthen","High Income*","Sustain - Sustain diagnostic testing capacity","High Income*"
"China","CHN",1439324000,"June 24, 2020",FALSE,614,0,0,NaN,NaN,19614,508,2.59,0.035,"Insufficient testing data",2,"4+ NGS facilities or equivalent","Has demonstrated sequencing capacity","Upper middle income","Strengthen","High Income*","Insufficient testing data","High Income*"
"Colombia","COL",50883000,"February 27, 2022",TRUE,1,3817593,21840209,0.174796541553242,1.17595639095761,3812893,13445,0.35,26.226,"Has demonstrated testing capacity",2,"4+ NGS facilities or equivalent","Has not demonstrated sequencing capacity","Upper middle income","Leverage","Reliable testing capacity","Sustain - Sustain diagnostic testing capacity","Strengthen"
"Comoros","COM",870000,"November 27, 2020",FALSE,458,0,0,NaN,NaN,4462,11,0.25,1.238,"Insufficient testing data",0,"0 NGS facilities or equivalent","Has not demonstrated sequencing capacity","Lower middle income","Connect","Unreliable testing capacity","Insufficient testing data","Test"
"Costa Rica","CRI",5094000,"February 23, 2022",TRUE,5,591901,3038323,0.194811743188595,1.64311657099964,602587,2651,0.44,51.585,"Has demonstrated testing capacity",1,"1-3 NGS facilities or equivalent","Has demonstrated sequencing capacity","Upper middle income","Strengthen","Reliable testing capacity","Sustain - Sustain diagnostic testing capacity","Strengthen"
"Croatia","HRV",4105000,"February 28, 2022",TRUE,0,809155,3179310,0.254506480965996,2.12190946556989,811821,24595,3.03,602.574,"Has demonstrated testing capacity",1,"1-3 NGS facilities or equivalent","Has demonstrated sequencing capacity","High income","Strengthen","High Income*","Sustain - Sustain diagnostic testing capacity","High Income*"
"Cuba","CUB",11327000,"February 23, 2022",TRUE,5,1020520,10722206,0.0951781750882234,2.59344105670655,1020083,0,0,0,"Has demonstrated testing capacity",0,"0 NGS facilities or equivalent","Has not demonstrated sequencing capacity","Upper middle income","Connect","Unreliable testing capacity","Sustain - Sustain diagnostic testing capacity","Test"
"Cura√ßao","CUW",NaN,"No tests reported",NaN,NaN,NaN,NaN,NaN,NaN,34214,1216,3.55,737.882,"Insufficient testing data",0,"0 NGS facilities or equivalent","Has demonstrated sequencing capacity","High income","Strengthen","High Income*","Insufficient testing data","High Income*"
"Cyprus","CYP",1207000,"July 11, 2021",FALSE,232,50591,6812072,0.00742666842041599,41.4985623081047,287581,1,0,0.112,"Insufficient testing data",1,"1-3 NGS facilities or equivalent","Has not demonstrated sequencing capacity","High income","Leverage","High Income*","Insufficient testing data","High Income*"
"Czech Republic","CZE",10709000,"February 27, 2022",TRUE,1,2372462,47238967,0.0502225630801791,12.0853326545205,2338848,29184,1.25,272.123,"Has demonstrated testing capacity",1,"1-3 NGS facilities or equivalent","Has demonstrated sequencing capacity","High income","Strengthen","High Income*","Sustain - Sustain diagnostic testing capacity","High Income*"
"Democratic Republic of the Congo","COD",89561000,"February 28, 2022",TRUE,0,60533,830717,0.0728683775581817,0.025412143525657,60105,428,0.71,0.463,"Has demonstrated testing capacity",1,"1-3 NGS facilities or equivalent","Has demonstrated sequencing capacity","Low income","Strengthen","Reliable testing capacity","Sustain - Sustain diagnostic testing capacity","Strengthen"
"Denmark","DNK",5792000,"December 30, 2021",TRUE,60,581760,89853208,0.00647456015148619,50.3679549042118,2553643,321161,12.58,5524.588,"Has demonstrated testing capacity",2,"4+ NGS facilities or equivalent","Has demonstrated sequencing capacity","High income","Strengthen","High Income*","Sustain - Sustain diagnostic testing capacity","High Income*"
"Djibouti","DJI",988000,"February 28, 2022",TRUE,0,9478,168866,0.0561273435741949,0.468265764516666,9481,470,4.96,46.897,"Has demonstrated testing capacity",0,"0 NGS facilities or equivalent","Has demonstrated sequencing capacity","Lower middle income","Strengthen","Reliable testing capacity","Sustain - Sustain diagnostic testing capacity","Connect"
"Dominica","DMA",72000,"December 28, 2021",TRUE,62,6529,112723,0.0579207437701268,5.11633079157589,10966,24,0.22,33.254,"Has demonstrated testing capacity",0,"0 NGS facilities or equivalent","Has demonstrated sequencing capacity","Upper middle income","Strengthen","Reliable testing capacity","Sustain - Sustain diagnostic testing capacity","Connect"
"Dominican Republic","DOM",10848000,"September 23, 2021",TRUE,158,118688,842353,0.140900548819794,0.369764450765557,334939,1009,0.3,9.211,"Has demonstrated testing capacity",1,"1-3 NGS facilities or equivalent","Has not demonstrated sequencing capacity","Upper middle income","Leverage","Unreliable testing capacity","Sustain - Sustain diagnostic testing capacity","Test"
"East Timor","TLS",NaN,"No tests reported",NaN,NaN,NaN,NaN,NaN,NaN,22580,313,1.39,23.291,"Insufficient testing data",0,"0 NGS facilities or equivalent","Has demonstrated sequencing capacity","Lower middle income","Strengthen","Reliable testing capacity","Insufficient testing data","Connect"
"Ecuador","ECU",17643000,"February 01, 2022",TRUE,27,461282,1481928,0.311271532760026,0.246320348694863,541605,3991,0.74,22.31,"Has not demonstrated testing capacity",1,"1-3 NGS facilities or equivalent","Has demonstrated sequencing capacity","Upper middle income","Strengthen","Reliable testing capacity","Test - Increase diagnostic testing capacity","Strengthen"
"Egypt","EGY",102334000,"February 25, 2022",TRUE,3,298193,3706300,0.0804557105469066,0.099226518804527,301347,886,0.29,0.85,"Has demonstrated testing capacity",1,"1-3 NGS facilities or equivalent","Has not demonstrated sequencing capacity","Lower middle income","Leverage","Reliable testing capacity","Sustain - Sustain diagnostic testing capacity","Strengthen"
"El Salvador","SLV",6486000,"February 14, 2022",TRUE,14,89320,982234,0.0909355611799225,0.414901642737361,96183,368,0.38,5.645,"Has demonstrated testing capacity",1,"1-3 NGS facilities or equivalent","Has not demonstrated sequencing capacity","Lower middle income","Leverage","Unreliable testing capacity","Sustain - Sustain diagnostic testing capacity","Test"
"Equatorial Guinea","GNQ",1403000,"February 24, 2022",TRUE,4,9979,190145,0.0524810013410818,0.371308058075162,9879,19,0.19,1.31,"Has demonstrated testing capacity",0,"0 NGS facilities or equivalent","Has not demonstrated sequencing capacity","Upper middle income","Connect","Unreliable testing capacity","Sustain - Sustain diagnostic testing capacity","Test"
"Eritrea","ERI",3546000,"December 21, 2020",FALSE,434,0,0,NaN,NaN,6854,0,0,0,"Insufficient testing data",0,"0 NGS facilities or equivalent","Has not demonstrated sequencing capacity","Low income","Connect","Unreliable testing capacity","Insufficient testing data","Test"
"Estonia","EST",1327000,"February 28, 2022",TRUE,0,421023,2165870,0.194389783320329,4.47165818459601,428830,8595,2,648.587,"Has demonstrated testing capacity",1,"1-3 NGS facilities or equivalent","Has demonstrated sequencing capacity","High income","Strengthen","High Income*","Sustain - Sustain diagnostic testing capacity","High Income*"
"Eswatini","SWZ",1160000,"February 28, 2022",TRUE,0,52175,337986,0.154370299361512,0.798266414737837,52146,478,0.92,40.772,"Has not demonstrated testing capacity",0,"0 NGS facilities or equivalent","Has demonstrated sequencing capacity","Lower middle income","Strengthen","Reliable testing capacity","Test - Increase diagnostic testing capacity","Connect"
"Ethiopia","ETH",114964000,"February 28, 2022",TRUE,0,312405,2373391,0.131628121957149,0.0565606720007168,309655,482,0.16,0.409,"Has demonstrated testing capacity",0,"0 NGS facilities or equivalent","Has not demonstrated sequencing capacity","Low income","Connect","Reliable testing capacity","Sustain - Sustain diagnostic testing capacity","Connect"
"Faroe Islands","FRO",49000,"February 27, 2022",TRUE,1,0,546578,0,30.5606933184233,33579,3,0.01,6.116,"Insufficient testing data",0,"0 NGS facilities or equivalent","Has not demonstrated sequencing capacity","High income","Connect","High Income*","Insufficient testing data","High Income*"
"Fiji","FJI",896000,"December 29, 2021",TRUE,61,53221,441880,0.12044220150267,1.60641577477897,63871,516,0.81,57.149,"Has demonstrated testing capacity",0,"0 NGS facilities or equivalent","Has demonstrated sequencing capacity","Upper middle income","Strengthen","Reliable testing capacity","Sustain - Sustain diagnostic testing capacity","Leverage"
"Finland","FIN",5541000,"September 15, 2021",TRUE,166,78889,3627256,0.0217489474136923,3.24069894807564,579662,21230,3.66,382.636,"Has demonstrated testing capacity",2,"4+ NGS facilities or equivalent","Has demonstrated sequencing capacity","High income","Strengthen","High Income*","Sustain - Sustain diagnostic testing capacity","High Income*"
"France","FRA",65274000,"February 28, 2022",TRUE,0,19364318,194043606,0.0997936412292812,8.14453408414099,19307162,184952,0.96,274.32,"Has demonstrated testing capacity",2,"4+ NGS facilities or equivalent","Has demonstrated sequencing capacity","High income","Strengthen","High Income*","Sustain - Sustain diagnostic testing capacity","High Income*"
"French Polynesia","PYF",281000,"September 07, 2020",FALSE,539,0,0,NaN,NaN,48312,35,0.07,12.388,"Insufficient testing data",0,"0 NGS facilities or equivalent","Has not demonstrated sequencing capacity","High income","Connect","High Income*","Insufficient testing data","High Income*"
"Gabon","GAB",2226000,"February 24, 2022",TRUE,4,33253,1050114,0.0316660857773537,1.29246390724809,32979,329,1,14.437,"Has demonstrated testing capacity",1,"1-3 NGS facilities or equivalent","Has demonstrated sequencing capacity","Upper middle income","Strengthen","Reliable testing capacity","Sustain - Sustain diagnostic testing capacity","Leverage"
"Georgia","GEO",3989000,"June 16, 2021",FALSE,257,86360,1112455,0.0776301063863257,2.51243848511334,1334714,1471,0.11,36.962,"Insufficient testing data",1,"1-3 NGS facilities or equivalent","Has demonstrated sequencing capacity","Upper middle income","Strengthen","Reliable testing capacity","Insufficient testing data","Leverage"
"Germany","DEU",83784000,"February 22, 2022",TRUE,6,11703814,64873993,0.180408411117842,2.13895165442524,12462331,396328,3.18,472.379,"Has demonstrated testing capacity",2,"4+ NGS facilities or equivalent","Has demonstrated sequencing capacity","High income","Strengthen","High Income*","Sustain - Sustain diagnostic testing capacity","High Income*"
"Ghana","GHA",31073000,"February 24, 2022",TRUE,4,77220,1429853,0.054005551619642,0.126071041722784,75651,2188,2.89,6.895,"Has demonstrated testing capacity",1,"1-3 NGS facilities or equivalent","Has demonstrated sequencing capacity","Lower middle income","Strengthen","Reliable testing capacity","Sustain - Sustain diagnostic testing capacity","Strengthen"
"Gibraltar","GIB",NaN,"No tests reported",NaN,NaN,NaN,NaN,NaN,NaN,11189,2193,19.6,6509.157,"Insufficient testing data",0,"0 NGS facilities or equivalent","Has demonstrated sequencing capacity","High income","Strengthen","High Income*","Insufficient testing data","High Income*"
"Greece","GRC",10423000,"February 28, 2022",TRUE,0,2195063,59740966,0.0367430114872933,15.7031449152888,2230564,11833,0.53,114.1,"Has demonstrated testing capacity",2,"4+ NGS facilities or equivalent","Has demonstrated sequencing capacity","High income","Strengthen","High Income*","Sustain - Sustain diagnostic testing capacity","High Income*"
"Greenland","GRL",57000,"August 25, 2021",FALSE,187,0,37280,0,3.61345352331104,11695,0,0,0,"Insufficient testing data",0,"0 NGS facilities or equivalent","Has not demonstrated sequencing capacity","High income","Connect","High Income*","Insufficient testing data","High Income*"
"Grenada","GRD",113000,"January 23, 2022",TRUE,36,11194,99085,0.112973709441389,2.64113978036038,13542,52,0.38,46.012,"Has demonstrated testing capacity",0,"0 NGS facilities or equivalent","Has demonstrated sequencing capacity","Upper middle income","Strengthen","Unreliable testing capacity","Sustain - Sustain diagnostic testing capacity","Test"
"Guam","GUM",NaN,"No tests reported",NaN,NaN,NaN,NaN,NaN,NaN,NaN,NaN,NaN,NaN,"Insufficient testing data",0,"0 NGS facilities or equivalent","Has not demonstrated sequencing capacity","High income","Connect","High Income*","Insufficient testing data","High Income*"
"Guatemala","GTM",17916000,"February 16, 2022",TRUE,12,571852,2876063,0.198831527682113,0.450928145327383,602449,1204,0.2,6.597,"Has not demonstrated testing capacity",1,"1-3 NGS facilities or equivalent","Has not demonstrated sequencing capacity","Upper middle income","Leverage","Unreliable testing capacity","Test - Increase diagnostic testing capacity","Test"
"Guinea","GIN",13133000,"February 11, 2022",TRUE,17,20666,278439,0.0742209245112933,0.0580862388900073,20405,305,1.49,2.26,"Has demonstrated testing capacity",0,"0 NGS facilities or equivalent","Has demonstrated sequencing capacity","Low income","Strengthen","Unreliable testing capacity","Sustain - Sustain diagnostic testing capacity","Test"
"Guinea-Bissau","GNB",1968000,"February 28, 2022",TRUE,0,4773,71825,0.0664531848242255,0.0999902550395367,4739,0,0,0,"Has demonstrated testing capacity",0,"0 NGS facilities or equivalent","Has not demonstrated sequencing capacity","Low income","Connect","Unreliable testing capacity","Sustain - Sustain diagnostic testing capacity","Test"
"Guyana","GUY",787000,"December 28, 2021",TRUE,62,30751,353032,0.0871054182057151,1.46594580229381,54336,54,0.1,6.833,"Has demonstrated testing capacity",0,"0 NGS facilities or equivalent","Has not demonstrated sequencing capacity","Upper middle income","Connect","Reliable testing capacity","Sustain - Sustain diagnostic testing capacity","Connect"
"Haiti","HTI",NaN,"No tests reported",NaN,NaN,NaN,NaN,NaN,NaN,17912,64,0.36,0.555,"Insufficient testing data",0,"0 NGS facilities or equivalent","Has not demonstrated sequencing capacity","Low income","Connect","Unreliable testing capacity","Insufficient testing data","Test"
"Honduras","HND",9905000,"December 22, 2021",TRUE,68,210597,676719,0.311203025184752,0.227736496718829,240908,202,0.08,2.007,"Has not demonstrated testing capacity",0,"0 NGS facilities or equivalent","Has not demonstrated sequencing capacity","Lower middle income","Connect","Unreliable testing capacity","Test - Increase diagnostic testing capacity","Test"
"Hong Kong SAR, China","HKG",7497000,"February 08, 2022",TRUE,20,0,27311917,0,10.4685234246955,194775,1618,0.83,21.423,"Insufficient testing data",2,"4+ NGS facilities or equivalent","Has demonstrated sequencing capacity","High income","Strengthen","High Income*","Insufficient testing data","High Income*"
"Hungary","HUN",9660000,"February 28, 2022",TRUE,0,1360327,7146875,0.190338714473109,2.02696474658952,1358945,113,0.01,1.173,"Has demonstrated testing capacity",2,"4+ NGS facilities or equivalent","Has not demonstrated sequencing capacity","High income","Leverage","High Income*","Sustain - Sustain diagnostic testing capacity","High Income*"
"Iceland","ISL",341000,"February 08, 2022",TRUE,20,73472,1210909,0.0606750796302612,10.2041746721947,123795,4368,3.53,1184.407,"Has demonstrated testing capacity",1,"1-3 NGS facilities or equivalent","Has demonstrated sequencing capacity","High income","Strengthen","High Income*","Sustain - Sustain diagnostic testing capacity","High Income*"
"India","IND",1380004000,"February 28, 2022",TRUE,0,31839105,550687292,0.057817032393041,1.09328111139483,31818804,109307,0.34,7.845,"Has demonstrated testing capacity",2,"4+ NGS facilities or equivalent","Has not demonstrated sequencing capacity","Lower middle income","Leverage","Reliable testing capacity","Sustain - Sustain diagnostic testing capacity","Strengthen"
"Indonesia","IDN",273524000,"February 28, 2022",TRUE,0,4131408,76169231,0.0542398544105034,0.76294155049478,4229814,17756,0.42,6.425,"Has demonstrated testing capacity",2,"4+ NGS facilities or equivalent","Has not demonstrated sequencing capacity","Upper middle income","Leverage","Reliable testing capacity","Sustain - Sustain diagnostic testing capacity","Strengthen"
"Iran","IRN",83993000,"February 24, 2022",TRUE,4,5400432,36262656,0.148925439989834,1.18608314167468,5420260,332,0.01,0.39,"Has demonstrated testing capacity",2,"4+ NGS facilities or equivalent","Has not demonstrated sequencing capacity","Upper middle income","Leverage","Reliable testing capacity","Sustain - Sustain diagnostic testing capacity","Leverage"
"Iraq","IRQ",40223000,"February 24, 2022",TRUE,4,1613725,11186756,0.144253168657652,0.764061510922759,1607304,207,0.01,0.503,"Has demonstrated testing capacity",1,"1-3 NGS facilities or equivalent","Has not demonstrated sequencing capacity","Upper middle income","Leverage","Reliable testing capacity","Sustain - Sustain diagnostic testing capacity","Leverage"
"Ireland","IRL",4938000,"February 28, 2022",TRUE,0,1089122,7855892,0.138637598378389,4.3586455611223,1080830,49288,4.56,989.142,"Has demonstrated testing capacity",2,"4+ NGS facilities or equivalent","Has demonstrated sequencing capacity","High income","Strengthen","High Income*","Sustain - Sustain diagnostic testing capacity","High Income*"
"Isle of Man","IMN",NaN,"No tests reported",NaN,NaN,NaN,NaN,NaN,NaN,22360,0,0,0,"Insufficient testing data",0,"0 NGS facilities or equivalent","Has not demonstrated sequencing capacity","High income","Connect","High Income*","Insufficient testing data","High Income*"
"Israel","ISR",8656000,"January 23, 2022",TRUE,36,1553431,34549543,0.0449624181714936,12.0222837978532,2858696,41986,1.47,451.9,"Has demonstrated testing capacity",2,"4+ NGS facilities or equivalent","Has demonstrated sequencing capacity","High income","Strengthen","High Income*","Sustain - Sustain diagnostic testing capacity","High Income*"
"Italy","ITA",60462000,"February 28, 2022",TRUE,0,9813282,147091963,0.0667152834176263,6.66520590539603,9857571,84991,0.86,140.789,"Has demonstrated testing capacity",2,"4+ NGS facilities or equivalent","Has demonstrated sequencing capacity","High income","Strengthen","High Income*","Sustain - Sustain diagnostic testing capacity","High Income*"
"Ivory Coast","CIV",26378000,"February 28, 2022",TRUE,0,49065,995627,0.0492805036424283,0.103409856906492,48729,372,0.76,1.375,"Has demonstrated testing capacity",0,"0 NGS facilities or equivalent","Has demonstrated sequencing capacity","Lower middle income","Strengthen","Reliable testing capacity","Sustain - Sustain diagnostic testing capacity","Connect"
"Jamaica","JAM",2961000,"December 26, 2021",TRUE,64,70298,496476,0.141593954189125,0.551551751719725,104723,563,0.54,18.934,"Has demonstrated testing capacity",0,"0 NGS facilities or equivalent","Has demonstrated sequencing capacity","Upper middle income","Strengthen","Reliable testing capacity","Sustain - Sustain diagnostic testing capacity","Connect"
"Japan","JPN",126476000,"February 28, 2022",TRUE,0,4389012,28356956,0.154777261706087,0.614269034527965,4573245,171825,3.76,136.314,"Has not demonstrated testing capacity",2,"4+ NGS facilities or equivalent","Has demonstrated sequencing capacity","High income","Strengthen","High Income*","Test - Increase diagnostic testing capacity","High Income*"
"Jordan","JOR",10203000,"December 27, 2021",TRUE,63,675559,8907801,0.0758390314287443,2.86248210507035,1240618,694,0.06,6.758,"Has demonstrated testing capacity",2,"4+ NGS facilities or equivalent","Has not demonstrated sequencing capacity","Upper middle income","Leverage","Reliable testing capacity","Sustain - Sustain diagnostic testing capacity","Strengthen"
"Kazakhstan","KAZ",18777000,"May 28, 2021",FALSE,276,177846,4104982,0.0433244287063865,2.37627787001211,1127955,390,0.03,2.053,"Insufficient testing data",1,"1-3 NGS facilities or equivalent","Has not demonstrated sequencing capacity","Upper middle income","Leverage","Reliable testing capacity","Insufficient testing data","Leverage"
"Kenya","KEN",53771000,"February 28, 2022",TRUE,0,217753,2075642,0.104908746305962,0.105757572129194,216973,4309,1.99,7.837,"Has demonstrated testing capacity",1,"1-3 NGS facilities or equivalent","Has demonstrated sequencing capacity","Lower middle income","Strengthen","Reliable testing capacity","Sustain - Sustain diagnostic testing capacity","Strengthen"
"Kiribati","KIR",NaN,"No tests reported",NaN,NaN,NaN,NaN,NaN,NaN,2914,0,0,NaN,"Insufficient testing data",0,"0 NGS facilities or equivalent","Has not demonstrated sequencing capacity","Lower middle income","Connect","Reliable testing capacity","Insufficient testing data","Connect"
"Kosovo","XKX",NaN,"February 28, 2022",TRUE,0,0,1462320,0,NaN,NaN,NaN,NaN,NaN,"Insufficient testing data",0,"0 NGS facilities or equivalent","Has not demonstrated sequencing capacity","Upper middle income","Connect","Unreliable testing capacity","Insufficient testing data","Test"
"Kuwait","KWT",4271000,"February 24, 2022",TRUE,4,429107,5788969,0.0741249434916649,3.72366213744111,429042,306,0.07,7.069,"Has demonstrated testing capacity",1,"1-3 NGS facilities or equivalent","Has not demonstrated sequencing capacity","High income","Leverage","High Income*","Sustain - Sustain diagnostic testing capacity","High Income*"
"Kyrgyzstan","KGZ",6524000,"June 23, 2021",FALSE,250,31254,2377245,0.0131471514294909,3.08800491535816,114276,100,0.09,1.509,"Insufficient testing data",0,"0 NGS facilities or equivalent","Has not demonstrated sequencing capacity","Lower middle income","Connect","Unreliable testing capacity","Insufficient testing data","Test"
"Laos","LAO",7276000,"July 06, 2021",FALSE,237,2311,192593,0.0119993976935818,0.202058215024613,142698,0,0,0,"Insufficient testing data",0,"0 NGS facilities or equivalent","Has not demonstrated sequencing capacity","Lower middle income","Connect","Reliable testing capacity","Insufficient testing data","Connect"
"Latvia","LVA",1886000,"January 24, 2022",TRUE,35,258002,4476413,0.0576358794418656,7.1276148895449,566934,11303,1.99,605.431,"Has demonstrated testing capacity",1,"1-3 NGS facilities or equivalent","Has demonstrated sequencing capacity","High income","Strengthen","High Income*","Sustain - Sustain diagnostic testing capacity","High Income*"
"Lebanon","LBN",6825000,"June 23, 2021",FALSE,250,177774,1761470,0.100923660351865,2.18721052958341,693660,592,0.09,8.746,"Insufficient testing data",2,"4+ NGS facilities or equivalent","Has not demonstrated sequencing capacity","Upper middle income","Leverage","Reliable testing capacity","Insufficient testing data","Strengthen"
"Lesotho","LSO",2142000,"February 26, 2022",TRUE,2,22127,337767,0.0655096560646836,0.432021027589118,22121,5,0.02,0.232,"Has demonstrated testing capacity",0,"0 NGS facilities or equivalent","Has not demonstrated sequencing capacity","Lower middle income","Connect","Reliable testing capacity","Sustain - Sustain diagnostic testing capacity","Connect"
"Liberia","LBR",5058000,"September 26, 2021",TRUE,155,3915,67189,0.0582684665644674,0.0623648308726751,5374,77,1.43,1.486,"Has demonstrated testing capacity",0,"0 NGS facilities or equivalent","Has demonstrated sequencing capacity","Low income","Strengthen","Reliable testing capacity","Sustain - Sustain diagnostic testing capacity","Connect"
"Libya","LBY",6871000,"February 28, 2022",TRUE,0,359966,1696424,0.212191056009583,0.676428028860627,361108,9,0,0.129,"Has not demonstrated testing capacity",0,"0 NGS facilities or equivalent","Has not demonstrated sequencing capacity","Upper middle income","Connect","Reliable testing capacity","Test - Increase diagnostic testing capacity","Connect"
"Liechtenstein","LIE",NaN,"No tests reported",NaN,NaN,NaN,NaN,NaN,NaN,9353,590,6.31,1542.322,"Insufficient testing data",0,"0 NGS facilities or equivalent","Has demonstrated sequencing capacity","High income","Strengthen","High Income*","Insufficient testing data","High Income*"
"Lithuania","LTU",2722000,"January 26, 2022",TRUE,33,435388,5327452,0.081725372654695,5.84233717525524,703409,30411,4.32,1130.578,"Has demonstrated testing capacity",1,"1-3 NGS facilities or equivalent","Has demonstrated sequencing capacity","High income","Strengthen","High Income*","Sustain - Sustain diagnostic testing capacity","High Income*"
"Luxembourg","LUX",626000,"February 28, 2022",TRUE,0,126626,1968335,0.0643315289318129,8.61453455293448,128067,20276,15.83,3194.006,"Has demonstrated testing capacity",2,"4+ NGS facilities or equivalent","Has demonstrated sequencing capacity","High income","Strengthen","High Income*","Sustain - Sustain diagnostic testing capacity","High Income*"
"Macao SAR, China","MAC",NaN,"No tests reported",NaN,NaN,NaN,NaN,NaN,NaN,33,0,0,0,"Insufficient testing data",0,"0 NGS facilities or equivalent","Has not demonstrated sequencing capacity","High income","Connect","High Income*","Insufficient testing data","High Income*"
"Madagascar","MDG",27691000,"February 26, 2022",TRUE,2,43705,277865,0.157288611376028,0.0274917472320516,43828,294,0.67,1.034,"Has not demonstrated testing capacity",1,"1-3 NGS facilities or equivalent","Has demonstrated sequencing capacity","Low income","Strengthen","Reliable testing capacity","Test - Increase diagnostic testing capacity","Strengthen"
"Malawi","MWI",19130000,"February 28, 2022",TRUE,0,53835,354300,0.15194750211685,0.0507415019083559,53394,562,1.05,2.86,"Has not demonstrated testing capacity",0,"0 NGS facilities or equivalent","Has demonstrated sequencing capacity","Low income","Strengthen","Reliable testing capacity","Test - Increase diagnostic testing capacity","Leverage"
"Malaysia","MYS",32366000,"June 16, 2021",FALSE,257,380204,7169726,0.0530290836776747,1.99567837008361,3141984,8570,0.27,26.147,"Insufficient testing data",1,"1-3 NGS facilities or equivalent","Has not demonstrated sequencing capacity","Upper middle income","Leverage","Reliable testing capacity","Insufficient testing data","Strengthen"
"Maldives","MDV",541000,"November 09, 2021",TRUE,111,69763,1161881,0.0600431541612265,8.35663168796795,150399,1128,0.75,207.498,"Has demonstrated testing capacity",0,"0 NGS facilities or equivalent","Has demonstrated sequencing capacity","Upper middle income","Strengthen","Unreliable testing capacity","Sustain - Sustain diagnostic testing capacity","Test"
"Mali","MLI",20251000,"February 28, 2022",TRUE,0,22015,432353,0.050919040691287,0.0584923592476069,22005,39,0.18,0.187,"Has demonstrated testing capacity",1,"1-3 NGS facilities or equivalent","Has not demonstrated sequencing capacity","Low income","Leverage","Reliable testing capacity","Sustain - Sustain diagnostic testing capacity","Leverage"
"Malta","MLT",442000,"September 06, 2021",TRUE,175,14751,523684,0.0281677500171859,6.13888823763862,48793,878,1.8,170.122,"Has demonstrated testing capacity",0,"0 NGS facilities or equivalent","Has demonstrated sequencing capacity","High income","Strengthen","High Income*","Sustain - Sustain diagnostic testing capacity","High Income*"
"Marshall Islands","MHL",NaN,"No tests reported",NaN,NaN,NaN,NaN,NaN,NaN,3,0,0,0,"Insufficient testing data",0,"0 NGS facilities or equivalent","Has not demonstrated sequencing capacity","Upper middle income","Connect","Unreliable testing capacity","Insufficient testing data","Test"
"Mauritania","MRT",4650000,"February 28, 2022",TRUE,0,41444,669446,0.0619079059401356,0.394429812932685,41426,0,0,0,"Has demonstrated testing capacity",0,"0 NGS facilities or equivalent","Has not demonstrated sequencing capacity","Lower middle income","Connect","Reliable testing capacity","Sustain - Sustain diagnostic testing capacity","Connect"
"Mauritius","MUS",1272000,"September 01, 2021",FALSE,180,10269,18728,0.548323366082871,0.0783152682992105,70252,882,1.26,69.262,"Insufficient testing data",0,"0 NGS facilities or equivalent","Has demonstrated sequencing capacity","High income","Strengthen","High Income*","Insufficient testing data","High Income*"
"Mexico","MEX",128933000,"February 28, 2022",TRUE,0,3411325,9651763,0.353440609762175,0.205092461211403,3421691,48448,1.42,37.193,"Has not demonstrated testing capacity",2,"4+ NGS facilities or equivalent","Has demonstrated sequencing capacity","Upper middle income","Strengthen","Reliable testing capacity","Test - Increase diagnostic testing capacity","Strengthen"
"Micronesia","FSM",NaN,"No tests reported",NaN,NaN,NaN,NaN,NaN,NaN,0,0,NaN,0,"Insufficient testing data",0,"0 NGS facilities or equivalent","Insufficient data","Lower middle income","Insufficient data","Unreliable testing capacity","Insufficient testing data","Test"
"Moldova","MDA",4034000,"June 13, 2021",FALSE,260,74141,472979,0.156753259658463,1.08563093336271,316347,200,0.06,4.97,"Insufficient testing data",0,"0 NGS facilities or equivalent","Has not demonstrated sequencing capacity","Lower middle income","Connect","Unreliable testing capacity","Insufficient testing data","Test"
"Monaco","MCO",NaN,"No tests reported",NaN,NaN,NaN,NaN,NaN,NaN,7403,78,1.05,197.368,"Insufficient testing data",0,"0 NGS facilities or equivalent","Has demonstrated sequencing capacity","High income","Strengthen","High Income*","Insufficient testing data","High Income*"
"Mongolia","MNG",NaN,"No tests reported",NaN,NaN,NaN,NaN,NaN,NaN,905250,649,0.07,19.494,"Insufficient testing data",0,"0 NGS facilities or equivalent","Has not demonstrated sequencing capacity","Lower middle income","Connect","Reliable testing capacity","Insufficient testing data","Connect"
"Montenegro","MNE",628000,"June 21, 2021",FALSE,252,25924,135380,0.191490618998375,1.85839007247968,154373,601,0.39,95.693,"Insufficient testing data",0,"0 NGS facilities or equivalent","Has demonstrated sequencing capacity","Upper middle income","Strengthen","Unreliable testing capacity","Insufficient testing data","Test"
"Morocco","MAR",36911000,"February 28, 2022",TRUE,0,677902,5856766,0.115746813173004,0.434719575372527,677321,390,0.06,1.044,"Has demonstrated testing capacity",2,"4+ NGS facilities or equivalent","Has not demonstrated sequencing capacity","Lower middle income","Leverage","Reliable testing capacity","Sustain - Sustain diagnostic testing capacity","Leverage"
"Mozambique","MOZ",31255000,"February 26, 2022",TRUE,2,167402,852908,0.196272048098974,0.074763533725015,165697,659,0.4,2.049,"Has not demonstrated testing capacity",0,"0 NGS facilities or equivalent","Has not demonstrated sequencing capacity","Low income","Connect","Reliable testing capacity","Test - Increase diagnostic testing capacity","Leverage"
"Myanmar","MMR",54410000,"February 28, 2022",TRUE,0,439052,4563296,0.0962137893312202,0.229777261935633,445995,47,0.01,0.086,"Has demonstrated testing capacity",1,"1-3 NGS facilities or equivalent","Has not demonstrated sequencing capacity","Lower middle income","Leverage","Reliable testing capacity","Sustain - Sustain diagnostic testing capacity","Leverage"
"Namibia","NAM",2541000,"February 28, 2022",TRUE,0,118883,653433,0.181936020984554,0.70453655933108,118380,298,0.25,11.518,"Has not demonstrated testing capacity",0,"0 NGS facilities or equivalent","Has not demonstrated sequencing capacity","Upper middle income","Connect","Unreliable testing capacity","Test - Increase diagnostic testing capacity","Test"
"Nauru","NRU",NaN,"No tests reported",NaN,NaN,NaN,NaN,NaN,NaN,0,0,NaN,NaN,"Insufficient testing data",0,"0 NGS facilities or equivalent","Has not demonstrated sequencing capacity","High income","Connect","High Income*","Insufficient testing data","High Income*"
"Nepal","NPL",29137000,"February 28, 2022",TRUE,0,702752,3253067,0.216027521105468,0.305882977958167,702841,1483,0.21,4.997,"Has not demonstrated testing capacity",1,"1-3 NGS facilities or equivalent","Has not demonstrated sequencing capacity","Lower middle income","Leverage","Unreliable testing capacity","Test - Increase diagnostic testing capacity","Test"
"Netherlands","NLD",17135000,"January 25, 2022",TRUE,34,3062700,19456104,0.157415893747278,3.39958029665792,5360801,85500,1.59,497.872,"Has demonstrated testing capacity",2,"4+ NGS facilities or equivalent","Has demonstrated sequencing capacity","High income","Strengthen","High Income*","Sustain - Sustain diagnostic testing capacity","High Income*"
"New Caledonia","NCL",285000,"September 07, 2021",TRUE,174,0,20306,0,0.367263519623802,54119,0,0,0,"Insufficient testing data",0,"0 NGS facilities or equivalent","Has not demonstrated sequencing capacity","High income","Connect","High Income*","Insufficient testing data","High Income*"
"New Zealand","NZL",4822000,"February 28, 2022",TRUE,0,67566,4943331,0.0136681116437479,2.8086629205184,116434,6746,5.79,131.596,"Has demonstrated testing capacity",2,"4+ NGS facilities or equivalent","Has demonstrated sequencing capacity","High income","Strengthen","High Income*","Sustain - Sustain diagnostic testing capacity","High Income*"
"Nicaragua","NIC",NaN,"No tests reported",NaN,NaN,NaN,NaN,NaN,NaN,11559,393,3.4,5.864,"Insufficient testing data",0,"0 NGS facilities or equivalent","Has demonstrated sequencing capacity","Lower middle income","Strengthen","Unreliable testing capacity","Insufficient testing data","Test"
"Niger","NER",24207000,"February 28, 2022",TRUE,0,4005,147710,0.0271139394760003,0.0167176821376812,4014,69,1.72,0.275,"Has demonstrated testing capacity",0,"0 NGS facilities or equivalent","Has demonstrated sequencing capacity","Low income","Strengthen","Reliable testing capacity","Sustain - Sustain diagnostic testing capacity","Connect"
"Nigeria","NGA",206140000,"February 24, 2022",TRUE,4,100119,2837539,0.035283744117702,0.0377126198314485,98903,3755,3.8,1.776,"Has demonstrated testing capacity",2,"4+ NGS facilities or equivalent","Has demonstrated sequencing capacity","Lower middle income","Strengthen","Reliable testing capacity","Sustain - Sustain diagnostic testing capacity","Strengthen"
"North Korea","PRK",NaN,"No tests reported",NaN,NaN,NaN,NaN,NaN,NaN,NaN,NaN,NaN,NaN,"Insufficient testing data",0,"0 NGS facilities or equivalent","Has not demonstrated sequencing capacity","Low income","Connect","Unreliable testing capacity","Insufficient testing data","Test"
"North Macedonia","MKD",2083000,"February 24, 2022",TRUE,4,194360,1340061,0.145038173635379,1.7673961899838,194475,424,0.22,20.359,"Has demonstrated testing capacity",1,"1-3 NGS facilities or equivalent","Has not demonstrated sequencing capacity","Upper middle income","Leverage","Reliable testing capacity","Sustain - Sustain diagnostic testing capacity","Strengthen"
"Northern Mariana Islands","MNP",NaN,"No tests reported",NaN,NaN,NaN,NaN,NaN,NaN,NaN,NaN,NaN,NaN,"Insufficient testing data",0,"0 NGS facilities or equivalent","Has not demonstrated sequencing capacity","High income","Connect","High Income*","Insufficient testing data","High Income*"
"Norway","NOR",5421000,"January 22, 2022",TRUE,37,538922,6047936,0.0891084164911798,3.37054232978943,1171154,42266,3.61,773.305,"Has demonstrated testing capacity",2,"4+ NGS facilities or equivalent","Has demonstrated sequencing capacity","High income","Strengthen","High Income*","Sustain - Sustain diagnostic testing capacity","High Income*"
"Oman","OMN",5107000,"May 28, 2021",FALSE,276,73779,62652,NaN,0.133346387311533,240748,294,0.12,5.629,"Insufficient testing data",2,"4+ NGS facilities or equivalent","Has not demonstrated sequencing capacity","High income","Leverage","High Income*","Insufficient testing data","High Income*"
"Pakistan","PAK",220892000,"February 28, 2022",TRUE,0,929981,17508441,0.0531161512324256,0.217157395952997,928856,1549,0.17,0.688,"Has demonstrated testing capacity",2,"4+ NGS facilities or equivalent","Has not demonstrated sequencing capacity","Lower middle income","Leverage","Reliable testing capacity","Sustain - Sustain diagnostic testing capacity","Strengthen"
"Palau","PLW",NaN,"No tests reported",NaN,NaN,NaN,NaN,NaN,NaN,3781,12,0.32,NaN,"Insufficient testing data",0,"0 NGS facilities or equivalent","Has not demonstrated sequencing capacity","High income","Connect","High Income*","Insufficient testing data","High Income*"
"Palestine","PSE",5101000,"February 03, 2022",TRUE,25,368212,1931244,0.190660527618468,1.10379317380746,462335,19,0,0.364,"Has demonstrated testing capacity",0,"0 NGS facilities or equivalent","Has not demonstrated sequencing capacity","Lower middle income","Connect","Unreliable testing capacity","Sustain - Sustain diagnostic testing capacity","Test"
"Panama","PAN",4315000,"February 27, 2022",TRUE,1,414961,3615953,0.114758405322193,2.29587961713678,414583,360,0.09,8.216,"Has demonstrated testing capacity",2,"4+ NGS facilities or equivalent","Has not demonstrated sequencing capacity","High income","Leverage","High Income*","Sustain - Sustain diagnostic testing capacity","High Income*"
"Papua New Guinea","PNG",8947000,"November 28, 2021",TRUE,92,33843,203573,0.166245032494486,0.0824391788681495,40015,3059,7.64,33.545,"Has not demonstrated testing capacity",0,"0 NGS facilities or equivalent","Has demonstrated sequencing capacity","Lower middle income","Strengthen","Unreliable testing capacity","Test - Increase diagnostic testing capacity","Test"
"Paraguay","PRY",7133000,"February 26, 2022",TRUE,2,483154,1808592,0.26714372285181,0.694665158466629,481847,916,0.19,12.688,"Has not demonstrated testing capacity",0,"0 NGS facilities or equivalent","Has not demonstrated sequencing capacity","Upper middle income","Connect","Reliable testing capacity","Test - Increase diagnostic testing capacity","Connect"
"Peru","PER",32972000,"February 26, 2022",TRUE,2,2205289,19862463,0.111027972714159,1.65042177754807,2193397,14773,0.67,44.284,"Has demonstrated testing capacity",2,"4+ NGS facilities or equivalent","Has demonstrated sequencing capacity","Upper middle income","Strengthen","Reliable testing capacity","Sustain - Sustain diagnostic testing capacity","Strengthen"
"Philippines","PHL",109581000,"February 28, 2022",TRUE,0,3089302,19471745,0.15865563153174,0.48682934610327,3085645,11046,0.36,9.947,"Has not demonstrated testing capacity",1,"1-3 NGS facilities or equivalent","Has not demonstrated sequencing capacity","Lower middle income","Leverage","Reliable testing capacity","Test - Increase diagnostic testing capacity","Strengthen"
"Poland","POL",37847000,"February 28, 2022",TRUE,0,3958287,23791686,0.166372698429191,1.72226864401044,3960068,68884,1.74,182.247,"Has demonstrated testing capacity",2,"4+ NGS facilities or equivalent","Has demonstrated sequencing capacity","High income","Strengthen","High Income*","Sustain - Sustain diagnostic testing capacity","High Income*"
"Portugal","PRT",10197000,"February 28, 2022",TRUE,0,2437134,29971934,0.0813138718375664,8.05284766806246,2458056,24136,0.98,237.374,"Has demonstrated testing capacity",2,"4+ NGS facilities or equivalent","Has demonstrated sequencing capacity","High income","Strengthen","High Income*","Sustain - Sustain diagnostic testing capacity","High Income*"
"Puerto Rico","PRI",NaN,"No tests reported",NaN,NaN,NaN,NaN,NaN,NaN,NaN,NaN,NaN,NaN,"Insufficient testing data",1,"1-3 NGS facilities or equivalent","Has not demonstrated sequencing capacity","High income","Leverage","High Income*","Insufficient testing data","High Income*"
"Qatar","QAT",2881000,"February 28, 2022",TRUE,0,193760,1846377,0.10494064863243,1.75583725209569,193318,2955,1.53,100.835,"Has demonstrated testing capacity",2,"4+ NGS facilities or equivalent","Has demonstrated sequencing capacity","High income","Strengthen","High Income*","Sustain - Sustain diagnostic testing capacity","High Income*"
"Republic of the Congo","COG",5518000,"January 19, 2022",TRUE,40,14500,234957,0.0617134199023651,0.129817382579408,15200,417,2.74,7.371,"Has demonstrated testing capacity",0,"0 NGS facilities or equivalent","Has demonstrated sequencing capacity","Lower middle income","Strengthen","Reliable testing capacity","Sustain - Sustain diagnostic testing capacity","Connect"
"Romania","ROU",19238000,"February 28, 2022",TRUE,0,1921858,14959267,0.128472738670952,2.13038222012085,1931490,9679,0.5,50.602,"Has demonstrated testing capacity",1,"1-3 NGS facilities or equivalent","Has demonstrated sequencing capacity","High income","Strengthen","High Income*","Sustain - Sustain diagnostic testing capacity","High Income*"
"Russia","RUS",145934000,"February 28, 2022",TRUE,0,11645783,165118426,0.0705298813834381,3.0998893288409,11963196,9288,0.08,6.365,"Has demonstrated testing capacity",2,"4+ NGS facilities or equivalent","Has not demonstrated sequencing capacity","Upper middle income","Leverage","High Income*","Sustain - Sustain diagnostic testing capacity","High Income*"
"Rwanda","RWA",12952000,"February 28, 2022",TRUE,0,110924,3779595,0.0293481179861864,0.799494656772741,110652,447,0.4,3.367,"Has demonstrated testing capacity",0,"0 NGS facilities or equivalent","Has not demonstrated sequencing capacity","Low income","Connect","Reliable testing capacity","Sustain - Sustain diagnostic testing capacity","Leverage"
"Saint Kitts and Nevis","KNA",53000,"September 20, 2021",TRUE,161,1629,26950,0.0604452690166976,2.45647616443351,5489,71,1.29,132.596,"Has demonstrated testing capacity",0,"0 NGS facilities or equivalent","Has demonstrated sequencing capacity","High income","Strengthen","High Income*","Sustain - Sustain diagnostic testing capacity","High Income*"
"Saint Lucia","LCA",184000,"February 28, 2022",TRUE,0,19388,104189,0.186084903396712,1.55135497319833,19304,124,0.64,67.245,"Has demonstrated testing capacity",0,"0 NGS facilities or equivalent","Has demonstrated sequencing capacity","Upper middle income","Strengthen","Unreliable testing capacity","Sustain - Sustain diagnostic testing capacity","Test"
"Saint Vincent and the Grenadines","VCT",111000,"July 06, 2021",FALSE,237,712,21648,0.032889874353289,1.48875593150402,6753,209,3.09,187.833,"Insufficient testing data",0,"0 NGS facilities or equivalent","Has demonstrated sequencing capacity","Upper middle income","Strengthen","Unreliable testing capacity","Insufficient testing data","Test"
"Samoa","WSM",NaN,"No tests reported",NaN,NaN,NaN,NaN,NaN,NaN,30,0,0,0,"Insufficient testing data",0,"0 NGS facilities or equivalent","Has not demonstrated sequencing capacity","Upper middle income","Connect","Unreliable testing capacity","Insufficient testing data","Test"
"San Marino","SMR",34000,"January 17, 2022",TRUE,42,7106,74868,0.094913714804723,6.75460122699386,10653,0,0,0,"Has demonstrated testing capacity",0,"0 NGS facilities or equivalent","Has not demonstrated sequencing capacity","High income","Connect","High Income*","Sustain - Sustain diagnostic testing capacity","High Income*"
"S√£o Tom√© and Pr√≠ncipe","STP",219000,"February 24, 2022",TRUE,4,4215,23760,0.17739898989899,0.29724150872584,4148,10,0.24,4.477,"Has not demonstrated testing capacity",0,"0 NGS facilities or equivalent","Has not demonstrated sequencing capacity","Lower middle income","Connect","Unreliable testing capacity","Test - Increase diagnostic testing capacity","Test"
"Saudi Arabia","SAU",34814000,"February 28, 2022",TRUE,0,366779,27012019,0.0135783630242523,2.12574054997556,367644,104,0.03,0.294,"Has demonstrated testing capacity",2,"4+ NGS facilities or equivalent","Has not demonstrated sequencing capacity","High income","Leverage","High Income*","Sustain - Sustain diagnostic testing capacity","High Income*"
"Senegal","SEN",16744000,"February 28, 2022",TRUE,0,51883,623908,0.083158093821525,0.102086537643417,51173,2244,4.39,13.049,"Has demonstrated testing capacity",1,"1-3 NGS facilities or equivalent","Has demonstrated sequencing capacity","Lower middle income","Strengthen","Reliable testing capacity","Sustain - Sustain diagnostic testing capacity","Strengthen"
"Serbia","SRB",8737000,"February 28, 2022",TRUE,0,1452903,5813877,0.249902603718655,1.82310062229441,1451716,306,0.02,4.453,"Has demonstrated testing capacity",1,"1-3 NGS facilities or equivalent","Has not demonstrated sequencing capacity","Upper middle income","Leverage","Reliable testing capacity","Sustain - Sustain diagnostic testing capacity","Leverage"
"Seychelles","SYC",98000,"December 21, 2020",FALSE,434,0,0,NaN,NaN,36744,732,1.99,740.067,"Insufficient testing data",0,"0 NGS facilities or equivalent","Has demonstrated sequencing capacity","High income","Strengthen","High Income*","Insufficient testing data","High Income*"
"Sierra Leone","SLE",7977000,"February 18, 2022",TRUE,10,3786,230729,0.0164088606113666,0.0792446090730027,3778,20,0.53,0.246,"Has demonstrated testing capacity",1,"1-3 NGS facilities or equivalent","Has demonstrated sequencing capacity","Low income","Strengthen","Unreliable testing capacity","Sustain - Sustain diagnostic testing capacity","Test"
"Singapore","SGP",5850000,"September 20, 2021",TRUE,161,19130,11746265,0.00162860279416478,9.70004128989636,664488,11650,1.75,213.62,"Has demonstrated testing capacity",2,"4+ NGS facilities or equivalent","Has demonstrated sequencing capacity","High income","Strengthen","High Income*","Sustain - Sustain diagnostic testing capacity","High Income*"
"Sint Maarten (Dutch part)","SXM",NaN,"No tests reported",NaN,NaN,NaN,NaN,NaN,NaN,0,2153,Inf,NaN,"Insufficient testing data",0,"0 NGS facilities or equivalent","Has not demonstrated sequencing capacity","High income","Connect","High Income*","Insufficient testing data","High Income*"
"Slovakia","SVK",5460000,"September 20, 2021",TRUE,161,221516,39557692,0.0055998211422446,34.9999929217321,1530687,20407,1.33,374.491,"Has demonstrated testing capacity",1,"1-3 NGS facilities or equivalent","Has demonstrated sequencing capacity","High income","Strengthen","High Income*","Sustain - Sustain diagnostic testing capacity","High Income*"
"Slovenia","SVN",2079000,"February 28, 2022",TRUE,0,700739,16796093,0.0417203572283149,22.134051539531,702539,45845,6.53,2205.441,"Has demonstrated testing capacity",2,"4+ NGS facilities or equivalent","Has demonstrated sequencing capacity","High income","Strengthen","High Income*","Sustain - Sustain diagnostic testing capacity","High Income*"
"Solomon Islands","SLB",NaN,"No tests reported",NaN,NaN,NaN,NaN,NaN,NaN,7031,1,0.01,0.142,"Insufficient testing data",0,"0 NGS facilities or equivalent","Has not demonstrated sequencing capacity","Lower middle income","Connect","Reliable testing capacity","Insufficient testing data","Connect"
"Somalia","SOM",15893000,"January 10, 2022",TRUE,49,17594,316482,0.0555924191581196,0.0624241227629837,19056,1,0.01,0.006,"Has demonstrated testing capacity",0,"0 NGS facilities or equivalent","Has not demonstrated sequencing capacity","Low income","Connect","Unreliable testing capacity","Sustain - Sustain diagnostic testing capacity","Test"
"South Africa","ZAF",59309000,"February 28, 2022",TRUE,0,2160078,14004874,0.154237588999373,0.646942585580927,2142063,22957,1.07,38.235,"Has not demonstrated testing capacity",2,"4+ NGS facilities or equivalent","Has demonstrated sequencing capacity","Upper middle income","Strengthen","Reliable testing capacity","Test - Increase diagnostic testing capacity","Strengthen"
"South Korea","KOR",51269000,"October 31, 2021",TRUE,120,277675,9262562,0.0299782068935139,0.728491687424772,3183418,23673,0.74,46.142,"Has demonstrated testing capacity",2,"4+ NGS facilities or equivalent","Has demonstrated sequencing capacity","High income","Strengthen","High Income*","Sustain - Sustain diagnostic testing capacity","High Income*"
"South Sudan","SSD",11194000,"February 14, 2022",TRUE,14,9542,232031,0.041123815352259,0.0567894738130261,9047,66,0.73,0.58,"Has demonstrated testing capacity",0,"0 NGS facilities or equivalent","Has demonstrated sequencing capacity","Low income","Strengthen","Reliable testing capacity","Sustain - Sustain diagnostic testing capacity","Connect"
"Spain","ESP",46755000,"November 15, 2021",TRUE,105,1961756,30235283,0.0648830044025055,2.45883976541416,7788971,82756,1.06,177.036,"Has demonstrated testing capacity",2,"4+ NGS facilities or equivalent","Has demonstrated sequencing capacity","High income","Strengthen","High Income*","Sustain - Sustain diagnostic testing capacity","High Income*"
"Sri Lanka","LKA",21413000,"May 30, 2021",FALSE,274,101638,338059,0.300651661396383,0.16795275488841,562940,2833,0.5,13.178,"Insufficient testing data",1,"1-3 NGS facilities or equivalent","Has demonstrated sequencing capacity","Lower middle income","Strengthen","Reliable testing capacity","Insufficient testing data","Strengthen"
"Saint Martin","MAF",NaN,"No tests reported",NaN,NaN,NaN,NaN,NaN,NaN,NaN,NaN,NaN,NaN,"Insufficient testing data",0,"0 NGS facilities or equivalent","Has not demonstrated sequencing capacity","High income","Connect","High Income*","Insufficient testing data","High Income*"
"Sudan","SDN",43849000,"October 27, 2021",TRUE,124,10203,345823,0.0295035321537318,0.0323224560890597,31111,80,0.26,0.178,"Has demonstrated testing capacity",0,"0 NGS facilities or equivalent","Has not demonstrated sequencing capacity","Low income","Connect","Unreliable testing capacity","Sustain - Sustain diagnostic testing capacity","Test"
"Suriname","SUR",NaN,"No tests reported",NaN,NaN,NaN,NaN,NaN,NaN,69287,810,1.17,136.871,"Insufficient testing data",0,"0 NGS facilities or equivalent","Has demonstrated sequencing capacity","Upper middle income","Strengthen","Reliable testing capacity","Insufficient testing data","Leverage"
"Sweden","SWE",10099000,"May 10, 2021",FALSE,294,366216,3416913,0.107177443499439,4.57218536488761,1783833,122075,6.84,1201.507,"Insufficient testing data",2,"4+ NGS facilities or equivalent","Has demonstrated sequencing capacity","High income","Strengthen","High Income*","Insufficient testing data","High Income*"
"Switzerland","CHE",8655000,"February 28, 2022",TRUE,0,2201983,14025329,0.157000452538404,4.43969484738412,2247019,99312,4.42,1139.488,"Has demonstrated testing capacity",2,"4+ NGS facilities or equivalent","Has demonstrated sequencing capacity","High income","Strengthen","High Income*","Sustain - Sustain diagnostic testing capacity","High Income*"
"Syria","SYR",NaN,"No tests reported",NaN,NaN,NaN,NaN,NaN,NaN,38987,54,0.14,0.295,"Insufficient testing data",0,"0 NGS facilities or equivalent","Has not demonstrated sequencing capacity","Low income","Connect","Unreliable testing capacity","Insufficient testing data","Test"
"Taiwan","TWN",23817000,"February 27, 2022",TRUE,1,19351,11111740,0.00174149143158497,1.27820982019865,19534,78,0.4,0.327,"Has demonstrated testing capacity",2,"4+ NGS facilities or equivalent","Has not demonstrated sequencing capacity","High income","Leverage","High Income*","Sustain - Sustain diagnostic testing capacity","High Income*"
"Tajikistan","TJK",9538000,"March 30, 2020",FALSE,700,0,0,NaN,NaN,4072,0,0,0,"Insufficient testing data",0,"0 NGS facilities or equivalent","Has not demonstrated sequencing capacity","Low income","Connect","Unreliable testing capacity","Insufficient testing data","Test"
"Tanzania","TZA",59734000,"February 15, 2022",TRUE,13,33105,337542,0.0980766837904616,0.0154815114129261,33111,2,0.01,0.003,"Has demonstrated testing capacity",0,"0 NGS facilities or equivalent","Has not demonstrated sequencing capacity","Lower middle income","Connect","Reliable testing capacity","Sustain - Sustain diagnostic testing capacity","Connect"
"Thailand","THA",69800000,"May 22, 2021",FALSE,282,100383,3384068,0.0296634110189275,0.563748250816286,2865976,14022,0.49,20.046,"Insufficient testing data",1,"1-3 NGS facilities or equivalent","Has not demonstrated sequencing capacity","Upper middle income","Leverage","Reliable testing capacity","Insufficient testing data","Strengthen"
"The Bahamas","BHS",393000,"February 28, 2022",TRUE,0,24680,157447,0.156751160708048,1.09761232528147,24616,105,0.43,26.454,"Has demonstrated testing capacity",0,"0 NGS facilities or equivalent","Has not demonstrated sequencing capacity","High income","Connect","High Income*","Sustain - Sustain diagnostic testing capacity","High Income*"
"The Gambia","GMB",2417000,"February 18, 2022",TRUE,10,7267,98377,0.0738688921190929,0.111512630284344,7227,626,8.66,25.172,"Has demonstrated testing capacity",1,"1-3 NGS facilities or equivalent","Has demonstrated sequencing capacity","Low income","Strengthen","Reliable testing capacity","Sustain - Sustain diagnostic testing capacity","Strengthen"
"Togo","TGO",8279000,"February 28, 2022",TRUE,0,30140,455107,0.0662261841720738,0.150606171415713,29897,215,0.72,2.536,"Has demonstrated testing capacity",0,"0 NGS facilities or equivalent","Has demonstrated sequencing capacity","Low income","Strengthen","Unreliable testing capacity","Sustain - Sustain diagnostic testing capacity","Test"
"Tonga","TON",NaN,"No tests reported",NaN,NaN,NaN,NaN,NaN,NaN,355,0,0,NaN,"Insufficient testing data",0,"0 NGS facilities or equivalent","Has not demonstrated sequencing capacity","Upper middle income","Connect","Reliable testing capacity","Insufficient testing data","Connect"
"Trinidad and Tobago","TTO",1399000,"July 02, 2021",FALSE,241,25416,137676,0.184607338969755,0.774884197373827,120054,2263,1.88,161.254,"Insufficient testing data",0,"0 NGS facilities or equivalent","Has demonstrated sequencing capacity","High income","Strengthen","High Income*","Insufficient testing data","High Income*"
"Tunisia","TUN",11819000,"February 28, 2022",TRUE,0,762760,3350574,0.227650545846771,0.776686250488243,764953,490,0.06,4.105,"Has not demonstrated testing capacity",1,"1-3 NGS facilities or equivalent","Has not demonstrated sequencing capacity","Lower middle income","Leverage","Reliable testing capacity","Test - Increase diagnostic testing capacity","Leverage"
"Turkey","TUR",84339000,"September 24, 2021",TRUE,157,4311931,51389208,0.0839073254446731,2.88775950408667,11387868,83755,0.74,98.486,"Has demonstrated testing capacity",2,"4+ NGS facilities or equivalent","Has demonstrated sequencing capacity","Upper middle income","Strengthen","Reliable testing capacity","Sustain - Sustain diagnostic testing capacity","Strengthen"
"Turkmenistan","TKM",NaN,"No tests reported",NaN,NaN,NaN,NaN,NaN,NaN,0,0,NaN,NaN,"Insufficient testing data",0,"0 NGS facilities or equivalent","Has not demonstrated sequencing capacity","Upper middle income","Connect","Reliable testing capacity","Insufficient testing data","Connect"
"Turks and Caicos Islands","TCA",NaN,"No tests reported",NaN,NaN,NaN,NaN,NaN,NaN,3753,53,1.41,135.114,"Insufficient testing data",0,"0 NGS facilities or equivalent","Has demonstrated sequencing capacity","High income","Strengthen","High Income*","Insufficient testing data","High Income*"
"Tuvalu","TUV",NaN,"No tests reported",NaN,NaN,NaN,NaN,NaN,NaN,0,0,NaN,NaN,"Insufficient testing data",0,"0 NGS facilities or equivalent","Has not demonstrated sequencing capacity","Upper middle income","Connect","Unreliable testing capacity","Insufficient testing data","Test"
"Uganda","UGA",45741000,"February 28, 2022",TRUE,0,122930,1574186,0.0780911531420048,0.094288239351225,122950,572,0.47,1.214,"Has demonstrated testing capacity",1,"1-3 NGS facilities or equivalent","Has not demonstrated sequencing capacity","Low income","Leverage","Reliable testing capacity","Sustain - Sustain diagnostic testing capacity","Strengthen"
"Ukraine","UKR",43734000,"February 18, 2022",TRUE,10,3507951,12479338,0.281100728259784,0.797056890143128,3644990,473,0.01,1.088,"Has not demonstrated testing capacity",1,"1-3 NGS facilities or equivalent","Has not demonstrated sequencing capacity","Lower middle income","Leverage","Reliable testing capacity","Test - Increase diagnostic testing capacity","Leverage"
"United Arab Emirates","ARE",9890000,"February 28, 2022",TRUE,0,496058,106320909,0.00466566740884429,29.4529991550895,488449,23,0,0.23,"Has demonstrated testing capacity",2,"4+ NGS facilities or equivalent","Has not demonstrated sequencing capacity","High income","Leverage","High Income*","Sustain - Sustain diagnostic testing capacity","High Income*"
"United Kingdom","GBR",67886000,"February 15, 2022",TRUE,13,14376073,378425045,0.0379892218814429,15.7025902579843,13908814,1869557,13.44,2741,"Has demonstrated testing capacity",2,"4+ NGS facilities or equivalent","Has demonstrated sequencing capacity","High income","Strengthen","High Income*","Sustain - Sustain diagnostic testing capacity","High Income*"
"United States of America","USA",331003000,"February 28, 2022",TRUE,0,50307306,517182426,0.0972718782985097,4.28074112145406,50290830,2404981,4.78,722.401,"Has demonstrated testing capacity",2,"4+ NGS facilities or equivalent","Has demonstrated sequencing capacity","High income","Strengthen","High Income*","Sustain - Sustain diagnostic testing capacity","High Income*"
"Uruguay","URY",3474000,"February 28, 2022",TRUE,0,778638,4685990,0.166162966630317,3.69554656509018,784468,331,0.04,9.497,"Has demonstrated testing capacity",2,"4+ NGS facilities or equivalent","Has not demonstrated sequencing capacity","High income","Leverage","High Income*","Sustain - Sustain diagnostic testing capacity","High Income*"
"Uzbekistan","UZB",33469000,"July 14, 2020",FALSE,594,0,0,NaN,NaN,156479,56,0.04,0.165,"Insufficient testing data",0,"0 NGS facilities or equivalent","Has not demonstrated sequencing capacity","Lower middle income","Connect","Reliable testing capacity","Insufficient testing data","Connect"
"Vanuatu","VUT",NaN,"No tests reported",NaN,NaN,NaN,NaN,NaN,NaN,18,1,5.56,0.318,"Insufficient testing data",0,"0 NGS facilities or equivalent","Has demonstrated sequencing capacity","Lower middle income","Strengthen","Reliable testing capacity","Insufficient testing data","Connect"
"Venezuela","VEN",28436000,"May 30, 2021",FALSE,274,94965,305235,0.311120939603912,0.114192602724146,376008,228,0.06,0.794,"Insufficient testing data",1,"1-3 NGS facilities or equivalent","Has not demonstrated sequencing capacity","Upper middle income","Leverage","Reliable testing capacity","Insufficient testing data","Leverage"
"Vietnam","VNM",97339000,"May 08, 2021",FALSE,296,863,412735,0.00209093001562746,0.0588914058656402,3441037,2602,0.08,2.651,"Insufficient testing data",1,"1-3 NGS facilities or equivalent","Has not demonstrated sequencing capacity","Lower middle income","Leverage","Reliable testing capacity","Insufficient testing data","Strengthen"
"U.S. Virgin Islands","VIR",NaN,"No tests reported",NaN,NaN,NaN,NaN,NaN,NaN,NaN,NaN,NaN,NaN,"Insufficient testing data",0,"0 NGS facilities or equivalent","Has not demonstrated sequencing capacity","High income","Connect","High Income*","Insufficient testing data","High Income*"
"Yemen","YEM",NaN,"No tests reported",NaN,NaN,NaN,NaN,NaN,NaN,9486,0,0,0,"Insufficient testing data",0,"0 NGS facilities or equivalent","Has not demonstrated sequencing capacity","Low income","Connect","Reliable testing capacity","Insufficient testing data","Connect"
"Zambia","ZMB",18384000,"February 28, 2022",TRUE,0,235345,2193256,0.107303935336322,0.32685599151138,234216,560,0.24,2.96,"Has demonstrated testing capacity",1,"1-3 NGS facilities or equivalent","Has not demonstrated sequencing capacity","Lower middle income","Leverage","Reliable testing capacity","Sustain - Sustain diagnostic testing capacity","Strengthen"
"Zimbabwe","ZWE",14863000,"February 28, 2022",TRUE,0,199294,1686358,0.118180125453789,0.310849687419067,200291,372,0.19,2.465,"Has demonstrated testing capacity",0,"0 NGS facilities or equivalent","Has not demonstrated sequencing capacity","Lower middle income","Connect","Reliable testing capacity","Sustain - Sustain diagnostic testing capacity","Leverage"
"British Indian Ocean Territory","IOT",NaN,"No tests reported",NaN,NaN,NaN,NaN,NaN,NaN,NaN,NaN,NaN,NaN,"Insufficient testing data",NaN,"0 NGS facilities or equivalent","Has not demonstrated sequencing capacity",NaN,"Connect","Unreliable testing capacity","Insufficient testing data","Test"
"Cook Islands","COK",NaN,"No tests reported",NaN,NaN,NaN,NaN,NaN,NaN,2,0,0,NaN,"Insufficient testing data",NaN,"0 NGS facilities or equivalent","Has not demonstrated sequencing capacity",NaN,"Connect","Unreliable testing capacity","Insufficient testing data","Test"
"Falkland Islands","FLK",NaN,"No tests reported",NaN,NaN,NaN,NaN,NaN,NaN,56,0,0,0,"Insufficient testing data",NaN,"0 NGS facilities or equivalent","Has not demonstrated sequencing capacity",NaN,"Connect","Unreliable testing capacity","Insufficient testing data","Test"
"French Southern and Antarctic Lands","ATF",NaN,"No tests reported",NaN,NaN,NaN,NaN,NaN,NaN,NaN,NaN,NaN,NaN,"Insufficient testing data",NaN,"0 NGS facilities or equivalent","Has not demonstrated sequencing capacity",NaN,"Connect","Unreliable testing capacity","Insufficient testing data","Test"
"Guernsey","GGY",NaN,"No tests reported",NaN,NaN,NaN,NaN,NaN,NaN,0,0,NaN,0,"Insufficient testing data",NaN,"0 NGS facilities or equivalent","Insufficient data",NaN,"Insufficient data","Unreliable testing capacity","Insufficient testing data","Test"
"Heard Island and McDonald Islands","HMD",NaN,"No tests reported",NaN,NaN,NaN,NaN,NaN,NaN,NaN,NaN,NaN,NaN,"Insufficient testing data",NaN,"0 NGS facilities or equivalent","Has not demonstrated sequencing capacity",NaN,"Connect","Unreliable testing capacity","Insufficient testing data","Test"
"Jersey","JEY",NaN,"No tests reported",NaN,NaN,NaN,NaN,NaN,NaN,0,0,NaN,NaN,"Insufficient testing data",NaN,"0 NGS facilities or equivalent","Has not demonstrated sequencing capacity",NaN,"Connect","Unreliable testing capacity","Insufficient testing data","Test"
"Montserrat","MSR",NaN,"No tests reported",NaN,NaN,NaN,NaN,NaN,NaN,144,14,9.72,281.068,"Insufficient testing data",NaN,"0 NGS facilities or equivalent","Has demonstrated sequencing capacity",NaN,"Strengthen","Unreliable testing capacity","Insufficient testing data","Test"
"Niue","NIU",NaN,"No tests reported",NaN,NaN,NaN,NaN,NaN,NaN,0,0,NaN,NaN,"Insufficient testing data",NaN,"0 NGS facilities or equivalent","Has not demonstrated sequencing capacity",NaN,"Connect","Unreliable testing capacity","Insufficient testing data","Test"
"Norfolk Island","NFK",NaN,"No tests reported",NaN,NaN,NaN,NaN,NaN,NaN,NaN,NaN,NaN,NaN,"Insufficient testing data",NaN,"0 NGS facilities or equivalent","Has not demonstrated sequencing capacity",NaN,"Connect","Unreliable testing capacity","Insufficient testing data","Test"
"Pitcairn Islands","PCN",NaN,"No tests reported",NaN,NaN,NaN,NaN,NaN,NaN,0,0,NaN,NaN,"Insufficient testing data",NaN,"0 NGS facilities or equivalent","Has not demonstrated sequencing capacity",NaN,"Connect","Unreliable testing capacity","Insufficient testing data","Test"
"Saint Helena","SHN",NaN,"No tests reported",NaN,NaN,NaN,NaN,NaN,NaN,0,0,NaN,0,"Insufficient testing data",NaN,"0 NGS facilities or equivalent","Insufficient data",NaN,"Insufficient data","Unreliable testing capacity","Insufficient testing data","Test"
"Saint Pierre and Miquelon","SPM",NaN,"No tests reported",NaN,NaN,NaN,NaN,NaN,NaN,1046,0,0,0,"Insufficient testing data",NaN,"0 NGS facilities or equivalent","Has not demonstrated sequencing capacity",NaN,"Connect","Unreliable testing capacity","Insufficient testing data","Test"
"Saint-Barth√©lemy","BLM",NaN,"No tests reported",NaN,NaN,NaN,NaN,NaN,NaN,NaN,NaN,NaN,NaN,"Insufficient testing data",NaN,"0 NGS facilities or equivalent","Has not demonstrated sequencing capacity",NaN,"Connect","Unreliable testing capacity","Insufficient testing data","Test"
"South Georgia and the South Sandwich Islands","SGS",NaN,"No tests reported",NaN,NaN,NaN,NaN,NaN,NaN,NaN,NaN,NaN,NaN,"Insufficient testing data",NaN,"0 NGS facilities or equivalent","Has not demonstrated sequencing capacity",NaN,"Connect","Unreliable testing capacity","Insufficient testing data","Test"
"Wallis and Futuna","WLF",NaN,"No tests reported",NaN,NaN,NaN,NaN,NaN,NaN,445,10,2.25,90.139,"Insufficient testing data",NaN,"0 NGS facilities or equivalent","Has demonstrated sequencing capacity",NaN,"Strengthen","Unreliable testing capacity","Insufficient testing data","Test"
"Anguilla","AIA",NaN,"No tests reported",NaN,NaN,NaN,NaN,NaN,NaN,2537,68,2.68,449.587,"Insufficient testing data",NaN,"0 NGS facilities or equivalent","Has demonstrated sequencing capacity",NaN,"Strengthen","Unreliable testing capacity","Insufficient testing data","Test"
"Vatican City","VAT",NaN,"No tests reported",NaN,NaN,NaN,NaN,NaN,NaN,2,0,0,0,"Insufficient testing data",NaN,"0 NGS facilities or equivalent","Has not demonstrated sequencing capacity",NaN,"Connect","Unreliable testing capacity","Insufficient testing data","Test"
"Western Sahara","ESH",597000,"October 13, 2021",TRUE,138,0,3762,0,0.027397858859515,NaN,NaN,NaN,NaN,"Insufficient testing data",NaN,"0 NGS facilities or equivalent","Has not demonstrated sequencing capacity",NaN,"Connect","Unreliable testing capacity","Insufficient testing data","Test"
