"","name","code","region","ngs_capacity","facility_access","sequencing_capacity","date_tests_last_reported","rept_tests_within_last_6_months","days_since_tests_reported","tests_in_last_year_raw","cases_in_last_year_raw","tests_in_last_year_smoothed","cases_in_last_year_smoothed","cases_in_last_year_smoothed_truncated","avg_tpr_find","tpr_year_raw","tpr_year_smoothed","tpr_year_smoothed_truncated","tpr","avg_daily_test_per_1000_last_year_raw","avg_daily_tests_per_1000_last_year_smoothed","population_size","dx_testing_capacity","dx_testing_rec","dx_archetype","cases_in_last_year","cases_per_100k_last_year","sequences_in_last_year","pct_cases_sequenced_in_last_year","sequences_per_100k_last_year","cum_seq","cum_cases","cum_cases_per_100k","country","prev_test_rec","sars_cov_2_sequencing","old_archetype","world_bank_economies","LMIC_status","archetype_orig","archetype_orig_w_HICs","archetype_draft"
"1","Antigua and Barbuda","ATG","Americas",0,"Does not have access to sequencing facilities","0 NGS facilities or equivalent","June 07, 2021",FALSE,298,3087,6347,2380,6356,134,0.0563025210084034,2.05604146420473,2.67058823529412,0.0563025210084034,5.63025210084034,0.0863013698630137,0.346938775510204,98000,"Insufficient testing data","Insufficient testing data","Insufficient testing data",6345,6426.748,117,1.84,118.507,128,7493,NA,"Antigua and Barbuda","Insufficient testing data","Meets sequencing target","Sustain","High income","High Income","Strengthen","Sustain","Sustain"
"2","Aruba","ABW","Americas",0,"Does not have access to sequencing facilities","0 NGS facilities or equivalent","No tests reported",NA,NA,NA,NA,NA,NA,NA,NA,NA,NA,NA,NA,NA,NA,NA,"Insufficient testing data","Insufficient testing data","Insufficient testing data",24463,22821.027,2400,9.81,2238.91,3020,33966,NA,"Aruba","Insufficient testing data","Meets sequencing target","Sustain","High income","High Income","Strengthen","Sustain","Sustain"
"3","Australia","AUS","Western Pacific",2,"Has access to sequencing facilities","4+ NGS facilities or equivalent","April 01, 2022",TRUE,0,50981140,4628260,50787229,4512327,4512327,0.0917319559373035,0.0907837682719531,0.088847670740217,0.088847670740217,8.8847670740217,5.47742573193661,5.45659188826215,25500000,"Meets testing target","Sustain - Sustain diagnostic testing capacity","Sustain",4573163,17733.537,54842,1.2,212.663,74929,4602496,NA,"Australia","Meets testing target","Meets sequencing target","Sustain","High income","High Income","Strengthen","Sustain","Sustain"
"4","Austria","AUT","Europe",2,"Has access to sequencing facilities","4+ NGS facilities or equivalent","April 01, 2022",TRUE,0,152364422,3304813,151849665,3232459,3232459,0.0172888984875853,0.0216901882776807,0.0212872316840475,0.0212872316840475,2.12872316840475,46.3509629805396,46.1943681381362,9006000,"Meets testing target","Sustain - Sustain diagnostic testing capacity","Sustain",3281456,36286.961,74774,2.28,826.865,98267,3831048,NA,"Austria","Meets testing target","Meets sequencing target","Sustain","High income","High Income","Strengthen","Sustain","Sustain"
"5","Bahrain","BHR","Eastern Mediterranean",2,"Has access to sequencing facilities","4+ NGS facilities or equivalent","April 01, 2022",TRUE,0,6027381,409623,6058651,410182,410182,0.0647420473904065,0.067960362883979,0.0677018696076074,0.0677018696076074,6.77018696076074,9.70233407916553,9.75266970365243,1702000,"Meets testing target","Sustain - Sustain diagnostic testing capacity","Sustain",409089,23399.312,2110,0.52,120.689,2271,554469,NA,"Bahrain","Meets testing target","Meets sequencing target","Sustain","High income","High Income","Strengthen","Sustain","Sustain"
"6","Belgium","BEL","Europe",2,"Has access to sequencing facilities","4+ NGS facilities or equivalent","April 01, 2022",TRUE,0,21710999,2963128,21762428,2938710,2938710,0.116153001392308,0.136480500045161,0.135035943599676,0.135035943599676,13.5035943599676,5.13219922701431,5.14435637713192,11590000,"Meets testing target","Sustain - Sustain diagnostic testing capacity","Sustain",2963128,25473.203,74172,2.5,637.636,91335,3851048,NA,"Belgium","Meets testing target","Meets sequencing target","Sustain","High income","High Income","Strengthen","Sustain","Sustain"
"7","Belize","BLZ","Americas",0,"Does not have access to sequencing facilities","0 NGS facilities or equivalent","March 29, 2022",TRUE,3,420071,44833,421824,44834,44834,0.0764794252162703,0.106727196116847,0.106286033985738,0.106286033985738,10.6286033985738,2.89165691471054,2.90372409995181,398000,"Meets testing target","Sustain - Sustain diagnostic testing capacity","Sustain",44824,11069.978,476,1.06,117.556,587,57280,NA,"Belize","Meets testing target","Meets sequencing target","Sustain","Upper middle income","LMIC","Strengthen","Sustain","Sustain"
"8","Bermuda","BMU","Americas",0,"Does not have access to sequencing facilities","0 NGS facilities or equivalent","April 01, 2022",TRUE,0,641732,0,641994,0,0,NA,0,0,0,0,28.3575784357048,28.369155987627,62000,"Insufficient testing data","Insufficient testing data","Insufficient testing data",11272,18153.707,58,0.51,93.41,98,12564,NA,"Bermuda","Insufficient testing data","Meets sequencing target","Sustain","High income","High Income","Strengthen","Sustain","Sustain"
"9","Bosnia and Herzegovina","BIH","Europe",1,"Has access to sequencing facilities","1-3 NGS facilities or equivalent","April 01, 2022",TRUE,0,688723,204230,697320,209401,209401,0.250543955038618,0.296534310600924,0.300293982676533,0.300293982676533,30.0293982676533,0.575102812790955,0.582281546304376,3281000,"Does not meet testing target","Test - Increase diagnostic testing capacity","Test",204116,6254.591,1244,0.61,38.119,1348,375440,NA,"Bosnia and Herzegovina","Does not meet testing target","Meets sequencing target","Sustain","Upper middle income","LMIC","Strengthen","Sustain","Sustain"
"10","Botswana","BWA","Africa",1,"Has access to sequencing facilities","1-3 NGS facilities or equivalent","March 17, 2022",TRUE,15,1293280,264648,1297423,242344,224527,0.196957169784081,0.204633180749722,0.186788734283268,0.173056127415654,17.3056127415654,1.50647656322803,1.56267825827215,2352000,"Meets testing target","Sustain - Sustain diagnostic testing capacity","Sustain",264648,11039.696,2079,0.79,86.725,2354,305526,NA,"Botswana","Meets testing target","Meets sequencing target","Sustain","Upper middle income","LMIC","Strengthen","Sustain","Sustain"
"11","Brazil","BRA","Americas",2,"Has access to sequencing facilities","4+ NGS facilities or equivalent","March 11, 2022",TRUE,21,47361718,17127348,41161006,17277973,16673059,2.19658040907519,0.361628520316767,0.419765566468419,0.405069278433088,40.5069278433088,0.610457009615445,0.558055005117887,212559000,"Does not meet testing target","Test - Increase diagnostic testing capacity","Test",16975627,7932.779,91451,0.54,42.735,108592,29846588,NA,"Brazil","Does not meet testing target","Meets sequencing target","Sustain","Upper middle income","LMIC","Strengthen","Sustain","Sustain"
"12","British Virgin Islands","VGB","Americas",0,"Does not have access to sequencing facilities","0 NGS facilities or equivalent","No tests reported",NA,NA,NA,NA,NA,NA,NA,NA,NA,NA,NA,NA,NA,NA,NA,"Insufficient testing data","Insufficient testing data","Insufficient testing data",5988,19682.477,71,1.19,233.376,82,6141,NA,"British Virgin Islands","Insufficient testing data","Meets sequencing target","Sustain","High income","High Income","Strengthen","Sustain","Sustain"
"13","Brunei","BRN","Western Pacific",1,"Has access to sequencing facilities","1-3 NGS facilities or equivalent","December 14, 2021",TRUE,108,555754,134720,555991,132722,15197,0.0154294242816155,0.242409411358263,0.238712497144738,0.0273331762564502,2.73331762564502,3.48424187329551,4.89342545326527,437000,"Meets testing target","Sustain - Sustain diagnostic testing capacity","Sustain",134217,30398.023,1173,0.87,265.666,1183,134430,NA,"Brunei","Meets testing target","Meets sequencing target","Sustain","High income","High Income","Strengthen","Sustain","Sustain"
"14","Brunei","BRN","Western Pacific",1,"Has access to sequencing facilities","1-3 NGS facilities or equivalent","December 14, 2021",TRUE,108,555754,134720,555991,132722,15197,0.0154294242816155,0.242409411358263,0.238712497144738,0.0273331762564502,2.73331762564502,3.48424187329551,4.89342545326527,437000,"Meets testing target","Sustain - Sustain diagnostic testing capacity","Sustain",134217,30398.023,1173,0.87,265.666,1183,134430,NA,"Brunei","Meets testing target","Meets sequencing target","Sustain","High income","High Income","Strengthen","Sustain","Sustain"
"15","Bulgaria","BGR","Europe",2,"Has access to sequencing facilities","4+ NGS facilities or equivalent","April 01, 2022",TRUE,0,7486665,793629,7497813,801765,801765,0.0961489071266301,0.106005678095654,0.106933181715788,0.106933181715788,10.6933181715788,2.95213168665862,2.95652755104455,6948000,"Meets testing target","Sustain - Sustain diagnostic testing capacity","Sustain",792596,11492.47,8682,1.1,125.887,10958,1138923,NA,"Bulgaria","Meets testing target","Meets sequencing target","Sustain","Upper middle income","LMIC","Strengthen","Sustain","Sustain"
"16","Cambodia","KHM","Western Pacific",1,"Has access to sequencing facilities","1-3 NGS facilities or equivalent","March 31, 2022",TRUE,1,2245933,133205,2236862,133257,133257,0.0590279492260093,0.0593094273070479,0.059573187796118,0.059573187796118,5.9573187796118,0.368038823846546,0.366552368030139,16719000,"Does not meet testing target","Test - Increase diagnostic testing capacity","Test",133148,785.699,2344,1.76,13.832,2437,135625,NA,"Cambodia","Does not meet testing target","Meets sequencing target","Sustain","Lower middle income","LMIC","Strengthen","Sustain","Sustain"
"17","Canada","CAN","Americas",2,"Has access to sequencing facilities","4+ NGS facilities or equivalent","April 01, 2022",TRUE,0,31735267,2505904,31911594,2493055,2493055,0.0713828893679746,0.0789627514399044,0.0781238003968088,0.0781238003968088,7.81238003968088,2.30369182836896,2.31649156529951,37742000,"Meets testing target","Sustain - Sustain diagnostic testing capacity","Sustain",2492889,6548.531,215108,8.63,565.064,288204,3489910,NA,"Canada","Meets testing target","Meets sequencing target","Sustain","High income","High Income","Strengthen","Sustain","Sustain"
"18","Chile","CHL","Americas",2,"Has access to sequencing facilities","4+ NGS facilities or equivalent","April 01, 2022",TRUE,0,24298998,2473508,24273920,2476649,2476649,0.0833704375564414,0.10179465013331,0.10202921489401,0.10202921489401,10.202921489401,3.48255896946401,3.4789647630759,19116000,"Meets testing target","Sustain - Sustain diagnostic testing capacity","Sustain",2467530,12843.449,18246,0.74,94.97,20195,3470936,NA,"Chile","Meets testing target","Meets sequencing target","Sustain","High income","High Income","Strengthen","Sustain","Sustain"
"19","Croatia","HRV","Europe",1,"Has access to sequencing facilities","1-3 NGS facilities or equivalent","March 31, 2022",TRUE,1,3143978,826564,3139779,827749,827749,0.219896687904467,0.26290387528157,0.263632886263651,0.263632886263651,26.3632886263651,2.09832846678791,2.09552600403784,4105000,"Does not meet testing target","Test - Increase diagnostic testing capacity","Test",825122,20215.368,21273,2.58,521.185,24068,1099176,NA,"Croatia","Does not meet testing target","Meets sequencing target","Sustain","High income","High Income","Strengthen","Sustain","Sustain"
"20","Curaçao","CUW","Americas",0,"Does not have access to sequencing facilities","0 NGS facilities or equivalent","No tests reported",NA,NA,NA,NA,NA,NA,NA,NA,NA,NA,NA,NA,NA,NA,NA,"Insufficient testing data","Insufficient testing data","Insufficient testing data",31512,19121.823,1008,3.2,611.665,1277,40346,NA,"Curaçao","Insufficient testing data","Meets sequencing target","Sustain","High income","High Income","Strengthen","Sustain","Sustain"
"21","Czech Republic","CZE","Europe",1,"Has access to sequencing facilities","1-3 NGS facilities or equivalent","April 01, 2022",TRUE,0,42000860,2289500,42478894,2289282,2289282,0.0694555862512692,0.0545107885886146,0.0538922223351672,0.0538922223351672,5.38922223351672,10.7452469245558,10.8675442624754,10709000,"Meets testing target","Sustain - Sustain diagnostic testing capacity","Sustain",2283514,21292.393,24859,1.09,231.795,28197,3825345,NA,"Czech Republic","Meets testing target","Meets sequencing target","Sustain","High income","High Income","Strengthen","Sustain","Sustain"
"22","Denmark","DNK","Europe",2,"Has access to sequencing facilities","4+ NGS facilities or equivalent","March 30, 2022",TRUE,2,101405277,2876445,101942328,2867565,2867565,0.0351130975537273,0.0283658314941539,0.028129286982734,0.028129286982734,2.8129286982734,47.966622360554,48.2206576856127,5792000,"Meets testing target","Sustain - Sustain diagnostic testing capacity","Sustain",2827508,48638.588,367003,12.98,6313.159,443484,3060774,NA,"Denmark","Meets testing target","Meets sequencing target","Sustain","High income","High Income","Strengthen","Sustain","Sustain"
"23","Djibouti","DJI","Eastern Mediterranean",0,"Does not have access to sequencing facilities","0 NGS facilities or equivalent","April 01, 2022",TRUE,0,168146,7407,168329,7949,7949,0.0393622856007623,0.0440510032947557,0.0472229978197459,0.0472229978197459,4.72229978197459,0.46626920303921,0.46677666241473,988000,"Does not meet testing target","Test - Increase diagnostic testing capacity","Test",7407,739.076,449,6.06,44.802,687,15587,NA,"Djibouti","Does not meet testing target","Meets sequencing target","Sustain","Lower middle income","LMIC","Strengthen","Sustain","Sustain"
"24","East Timor","TLS","South-East Asia",0,"Does not have access to sequencing facilities","0 NGS facilities or equivalent","No tests reported",NA,NA,NA,NA,NA,NA,NA,NA,NA,NA,NA,NA,NA,NA,NA,"Insufficient testing data","Insufficient testing data","Insufficient testing data",22192,1651.344,272,1.23,20.24,356,22835,NA,"East Timor","Insufficient testing data","Meets sequencing target","Sustain","Lower middle income","LMIC","Strengthen","Sustain","Sustain"
"25","Ecuador","ECU","Americas",1,"Has access to sequencing facilities","1-3 NGS facilities or equivalent","February 01, 2022",TRUE,59,1342433,529909,1334197,533786,416076,0.247244127510272,0.394737763448902,0.400080347954612,0.311854995926389,31.1854995926389,0.208462202014226,0.244731034632032,17643000,"Does not meet testing target","Test - Increase diagnostic testing capacity","Test",529909,2962.293,3993,0.75,22.322,4288,871363,NA,"Ecuador","Does not meet testing target","Meets sequencing target","Sustain","Upper middle income","LMIC","Strengthen","Sustain","Sustain"
"26","Estonia","EST","Europe",1,"Has access to sequencing facilities","1-3 NGS facilities or equivalent","April 01, 2022",TRUE,0,2098105,450061,2102674,449469,449469,0.167504934616519,0.214508330136004,0.213760668558226,0.213760668558226,21.3760668558226,4.33175047227757,4.34118363596949,1327000,"Does not meet testing target","Test - Increase diagnostic testing capacity","Test",449051,33885.834,6232,1.39,470.273,9267,556304,NA,"Estonia","Meets testing target","Meets sequencing target","Sustain","High income","High Income","Strengthen","Sustain","Sustain"
"27","Fiji","FJI","Western Pacific",0,"Does not have access to sequencing facilities","0 NGS facilities or equivalent","April 01, 2022",TRUE,0,467644,64350,467811,64333,64333,0.142387043075047,0.137604673640633,0.137519211818448,0.137519211818448,13.7519211818448,1.42992906066536,1.43043970156556,896000,"Meets testing target","Sustain - Sustain diagnostic testing capacity","Sustain",64337,7125.603,515,0.8,57.038,531,64404,NA,"Fiji","Meets testing target","Meets sequencing target","Sustain","Upper middle income","LMIC","Strengthen","Sustain","Sustain"
"28","Finland","FIN","Europe",2,"Has access to sequencing facilities","4+ NGS facilities or equivalent","April 01, 2022",TRUE,0,6453551,811033,6465187,788894,788894,0.123309972307106,0.125672362393975,0.122021837883421,0.122021837883421,12.2021837883421,3.19093334124447,3.19668671645739,5541000,"Meets testing target","Sustain - Sustain diagnostic testing capacity","Sustain",805083,14510.285,15771,1.96,284.246,25480,883676,NA,"Finland","Meets testing target","Meets sequencing target","Sustain","High income","High Income","Strengthen","Sustain","Sustain"
"29","France","FRA","Europe",2,"Has access to sequencing facilities","4+ NGS facilities or equivalent","April 01, 2022",TRUE,0,193198583,21545204,193207062,21217717,21217717,0.0879795786621578,0.111518436964934,0.109818537585339,0.109818537585339,10.9818537585339,8.10906618717054,8.10942207369483,65274000,"Meets testing target","Sustain - Sustain diagnostic testing capacity","Sustain",21280350,31562.917,205233,0.96,304.401,251949,26091936,NA,"France","Meets testing target","Meets sequencing target","Sustain","High income","High Income","Strengthen","Sustain","Sustain"
"30","Germany","DEU","Europe",2,"Has access to sequencing facilities","4+ NGS facilities or equivalent","March 29, 2022",TRUE,3,69971665,18561574,70382653,17953870,17953870,0.181136582655931,0.265272721465182,0.255089418126935,0.255089418126935,25.5089418126935,2.28806444883059,2.30150370358744,83784000,"Does not meet testing target","Test - Increase diagnostic testing capacity","Test",18561574,22123.325,442995,2.39,528.001,513525,21394747,NA,"Germany","Meets testing target","Meets sequencing target","Sustain","High income","High Income","Strengthen","Sustain","Sustain"
"31","Gibraltar","GIB","Europe",0,"Does not have access to sequencing facilities","0 NGS facilities or equivalent","No tests reported",NA,NA,NA,NA,NA,NA,NA,NA,NA,NA,NA,NA,NA,NA,NA,"Insufficient testing data","Insufficient testing data","Insufficient testing data",12667,37597.578,2009,15.86,5963.017,2800,16943,NA,"Gibraltar","Insufficient testing data","Meets sequencing target","Sustain","High income","High Income","Strengthen","Sustain","Sustain"
"32","Iceland","ISL","Europe",1,"Has access to sequencing facilities","1-3 NGS facilities or equivalent","April 01, 2022",TRUE,0,1407156,175625,1407142,173896,173896,0.089980249558763,0.124808478946186,0.123580988983344,0.123580988983344,12.3580988983344,11.3056361226047,11.3055236411843,341000,"Meets testing target","Sustain - Sustain diagnostic testing capacity","Sustain",175186,47502.657,4228,2.41,1146.446,9832,181392,NA,"Iceland","Meets testing target","Meets sequencing target","Sustain","High income","High Income","Strengthen","Sustain","Sustain"
"33","Ireland","IRL","Europe",2,"Has access to sequencing facilities","4+ NGS facilities or equivalent","April 01, 2022",TRUE,0,7807753,1236988,7816365,1227052,1227052,Inf,0.15843072904586,0.156984992384568,0.156984992384568,15.6984992384568,4.33193683871791,4.3367149919273,4938000,"Insufficient testing data","Insufficient testing data","Insufficient testing data",1231263,24709.748,46125,3.75,925.665,56394,1467863,NA,"Ireland","Insufficient testing data","Meets sequencing target","Sustain","High income","High Income","Strengthen","Sustain","Sustain"
"34","Israel","ISR","Europe",2,"Has access to sequencing facilities","4+ NGS facilities or equivalent","January 23, 2022",TRUE,68,32531372,3094558,32635619,3059835,1487709,0.022106212090714,0.0951253454665238,0.0937575291585553,0.0455854384131645,4.55854384131645,10.2965626819943,12.5676290049291,8656000,"Meets testing target","Sustain - Sustain diagnostic testing capacity","Sustain",3085971,33214.627,34823,1.13,374.804,45183,3919455,NA,"Israel","Meets testing target","Meets sequencing target","Sustain","High income","High Income","Strengthen","Sustain","Sustain"
"35","Italy","ITA","Europe",2,"Has access to sequencing facilities","4+ NGS facilities or equivalent","April 01, 2022",TRUE,0,151164176,11112311,150601143,10951481,10951481,0.0506858203903195,0.0735115375484202,0.072718445437031,0.072718445437031,7.2718445437031,6.84973086231452,6.82421804162741,60462000,"Meets testing target","Sustain - Sustain diagnostic testing capacity","Sustain",11035271,18280.161,80135,0.73,132.745,106551,14642502,NA,"Italy","Meets testing target","Meets sequencing target","Sustain","High income","High Income","Strengthen","Sustain","Sustain"
"36","Jamaica","JAM","Americas",0,"Does not have access to sequencing facilities","0 NGS facilities or equivalent","December 26, 2021",TRUE,96,438410,89243,419358,90205,54123,0.126116277257541,0.203560593964554,0.215102609226484,0.129061565535891,12.9061565535891,0.405647851290521,0.520688062459026,2961000,"Meets testing target","Sustain - Sustain diagnostic testing capacity","Sustain",89214,3000.341,620,0.69,20.851,775,128757,NA,"Jamaica","Meets testing target","Meets sequencing target","Sustain","Upper middle income","LMIC","Strengthen","Sustain","Sustain"
"37","Japan","JPN","Western Pacific",2,"Has access to sequencing facilities","4+ NGS facilities or equivalent","April 01, 2022",TRUE,0,32116745,6127035,31098900,5990604,5990604,0.131084074605797,0.190773847100632,0.192630736135362,0.192630736135362,19.2630736135362,0.695713670512831,0.673665088660494,126476000,"Meets testing target","Sustain - Sustain diagnostic testing capacity","Sustain",6077894,4821.782,190322,3.13,150.988,231481,6555583,NA,"Japan","Meets testing target","Meets sequencing target","Sustain","High income","High Income","Strengthen","Sustain","Sustain"
"38","Latvia","LVA","Europe",1,"Has access to sequencing facilities","1-3 NGS facilities or equivalent","April 01, 2022",TRUE,0,5153341,697686,5174535,693195,693195,0.119107352541896,0.135385180216097,0.133962761871357,0.133962761871357,13.3962761871357,7.48607765946629,7.51686543964904,1886000,"Meets testing target","Sustain - Sustain diagnostic testing capacity","Sustain",695894,37274.697,9088,1.31,486.787,12682,798895,NA,"Latvia","Meets testing target","Meets sequencing target","Sustain","High income","High Income","Strengthen","Sustain","Sustain"
"39","Liechtenstein","LIE","Europe",0,"Does not have access to sequencing facilities","0 NGS facilities or equivalent","No tests reported",NA,NA,NA,NA,NA,NA,NA,NA,NA,NA,NA,NA,NA,NA,NA,"Insufficient testing data","Insufficient testing data","Insufficient testing data",13622,35609.348,951,6.98,2486.015,987,16382,NA,"Liechtenstein","Insufficient testing data","Meets sequencing target","Sustain","High income","High Income","Strengthen","Sustain","Sustain"
"40","Lithuania","LTU","Europe",1,"Has access to sequencing facilities","1-3 NGS facilities or equivalent","April 01, 2022",TRUE,0,6084977,810427,6092012,804909,804909,0.125594734575182,0.133184891249384,0.13212531426399,0.13212531426399,13.212531426399,6.12460318259137,6.13168399545057,2722000,"Meets testing target","Sustain - Sustain diagnostic testing capacity","Sustain",807834,30032.544,24866,3.08,924.434,30867,1024839,NA,"Lithuania","Meets testing target","Meets sequencing target","Sustain","High income","High Income","Strengthen","Sustain","Sustain"
"41","Luxembourg","LUX","Europe",2,"Has access to sequencing facilities","4+ NGS facilities or equivalent","March 25, 2022",TRUE,7,1719397,155098,2468989,151408,129467,0.0859224757096068,0.0902048799666395,0.0613238860116428,0.0524372526568567,5.24372526568567,7.5250426714517,11.3990516907053,626000,"Meets testing target","Sustain - Sustain diagnostic testing capacity","Sustain",153950,24251.198,14140,9.18,2227.424,21192,217179,NA,"Luxembourg","Meets testing target","Meets sequencing target","Sustain","High income","High Income","Strengthen","Sustain","Sustain"
"42","Maldives","MDV","South-East Asia",0,"Does not have access to sequencing facilities","0 NGS facilities or equivalent","November 09, 2021",TRUE,143,1021854,152621,1029138,152608,65367,0.0651663685874886,0.149356953145948,0.148287207352172,0.063516263125062,6.35162631250619,5.17486136783734,8.45461491065927,541000,"Meets testing target","Sustain - Sustain diagnostic testing capacity","Sustain",152621,28074.942,937,0.61,172.363,975,177000,NA,"Maldives","Meets testing target","Meets sequencing target","Sustain","Upper middle income","LMIC","Strengthen","Sustain","Sustain"
"43","Malta","MLT","Europe",0,"Does not have access to sequencing facilities","0 NGS facilities or equivalent","September 06, 2021",FALSE,207,400354,51113,406626,49161,7591,0.0160213752470236,0.127669512481454,0.120899794897523,0.0186682602686498,1.86682602686498,2.48158433025476,5.71408898007363,442000,"Insufficient testing data","Insufficient testing data","Insufficient testing data",50454,9776.012,840,1.66,162.759,893,79581,NA,"Malta","Meets testing target","Meets sequencing target","Sustain","High income","High Income","Strengthen","Sustain","Sustain"
"44","Mexico","MEX","Americas",2,"Has access to sequencing facilities","4+ NGS facilities or equivalent","April 01, 2022",TRUE,0,9480706,3417805,9500089,3423496,3423496,0.297567607884093,0.360501106141252,0.36036462395247,0.36036462395247,36.036462395247,0.201457632927965,0.201869506611111,128933000,"Does not meet testing target","Test - Increase diagnostic testing capacity","Test",3415267,2621.84,41431,1.21,31.806,50385,5659535,NA,"Mexico","Does not meet testing target","Meets sequencing target","Sustain","Upper middle income","LMIC","Strengthen","Sustain","Sustain"
"45","Monaco","MCO","Europe",0,"Does not have access to sequencing facilities","0 NGS facilities or equivalent","No tests reported",NA,NA,NA,NA,NA,NA,NA,NA,NA,NA,NA,NA,NA,NA,NA,"Insufficient testing data","Insufficient testing data","Insufficient testing data",8453,21389.17,90,1.06,227.733,97,10770,NA,"Monaco","Insufficient testing data","Meets sequencing target","Sustain","High income","High Income","Strengthen","Sustain","Sustain"
"46","Netherlands","NLD","Europe",2,"Has access to sequencing facilities","4+ NGS facilities or equivalent","January 25, 2022",TRUE,66,16937542,6749788,17175908,6696410,2870759,0.135576193530984,0.398510480446336,0.389872255952931,0.167138703816998,16.7138703816998,2.70815434242978,3.31916355702766,17135000,"Meets testing target","Sustain - Sustain diagnostic testing capacity","Sustain",6663273,38800.655,75030,1.13,436.904,100381,7953120,NA,"Netherlands","Meets testing target","Meets sequencing target","Sustain","High income","High Income","Strengthen","Sustain","Sustain"
"47","New Zealand","NZL","Western Pacific",2,"Has access to sequencing facilities","4+ NGS facilities or equivalent","April 01, 2022",TRUE,0,5019452,683992,5025055,641572,641572,0.298849149675422,0.136268261953695,0.127674622466819,0.127674622466819,12.7674622466819,2.85191275148719,2.8550962199508,4822000,"Meets testing target","Sustain - Sustain diagnostic testing capacity","Sustain",670212,13073.991,7831,1.17,152.761,8842,672717,NA,"New Zealand","Meets testing target","Meets sequencing target","Sustain","High income","High Income","Strengthen","Sustain","Sustain"
"48","Norway","NOR","Europe",2,"Has access to sequencing facilities","4+ NGS facilities or equivalent","January 22, 2022",TRUE,69,5164770,1310652,5243712,1307751,514639,0.084510458075086,0.253767737963162,0.249394131485482,0.098144024690906,9.8144024690906,2.61022962451956,3.23510391583826,5421000,"Meets testing target","Sustain - Sustain diagnostic testing capacity","Sustain",1309190,23953.144,34180,2.61,625.363,44976,1405960,NA,"Norway","Meets testing target","Meets sequencing target","Sustain","High income","High Income","Strengthen","Sustain","Sustain"
"49","Papua New Guinea","PNG","Western Pacific",0,"Does not have access to sequencing facilities","0 NGS facilities or equivalent","November 28, 2021",TRUE,124,185449,37091,184865,37803,29661,0.164821597745187,0.200006470781724,0.204489762799881,0.16044681253888,16.044681253888,0.0567876888403705,0.0846812834048229,8947000,"Does not meet testing target","Test - Increase diagnostic testing capacity","Test",37091,406.744,2929,7.9,32.12,4303,43219,NA,"Papua New Guinea","Does not meet testing target","Meets sequencing target","Sustain","Lower middle income","LMIC","Strengthen","Sustain","Sustain"
"50","Peru","PER","Americas",2,"Has access to sequencing facilities","4+ NGS facilities or equivalent","March 24, 2022",TRUE,8,19196858,1985883,19538830,2011794,2011794,0.0750916756897424,0.103448335139011,0.102963892925011,0.102963892925011,10.2963892925011,1.59511499171568,1.62353030134327,32972000,"Meets testing target","Sustain - Sustain diagnostic testing capacity","Sustain",1984973,5950.263,13205,0.67,39.584,15390,3546696,NA,"Peru","Meets testing target","Meets sequencing target","Sustain","Upper middle income","LMIC","Strengthen","Sustain","Sustain"
"51","Poland","POL","Europe",2,"Has access to sequencing facilities","4+ NGS facilities or equivalent","March 25, 2022",TRUE,7,23411420,3610000,23483911,3681492,3658534,0.118416898335308,0.154198250255644,0.156766562435022,0.15578895695866,15.578895695866,1.694741372165,1.71882540337547,37847000,"Meets testing target","Sustain - Sustain diagnostic testing capacity","Sustain",3605961,9540.337,53460,1.48,141.44,60927,5962931,NA,"Poland","Meets testing target","Meets sequencing target","Sustain","High income","High Income","Strengthen","Sustain","Sustain"
"52","Portugal","PRT","Europe",2,"Has access to sequencing facilities","4+ NGS facilities or equivalent","April 01, 2022",TRUE,0,31014592,2781800,30921612,2730999,2730999,0.0596494585600383,0.0896932643834231,0.088320072058339,0.088320072058339,8.8320072058339,8.33298861738814,8.30800678684706,10197000,"Meets testing target","Sustain - Sustain diagnostic testing capacity","Sustain",2766462,27207.739,20749,0.75,204.063,26646,3588937,NA,"Portugal","Meets testing target","Meets sequencing target","Sustain","High income","High Income","Strengthen","Sustain","Sustain"
"53","Qatar","QAT","Eastern Mediterranean",2,"Has access to sequencing facilities","4+ NGS facilities or equivalent","April 01, 2022",TRUE,0,1669262,180741,1687094,182587,182587,0.13125358015904,0.108275992624285,0.10822574201556,0.10822574201556,10.822574201556,1.58740734048775,1.60436492275798,2881000,"Meets testing target","Sustain - Sustain diagnostic testing capacity","Sustain",180611,6163.096,2600,1.44,88.721,4736,361415,NA,"Qatar","Meets testing target","Meets sequencing target","Sustain","High income","High Income","Strengthen","Sustain","Sustain"
"54","Saint Kitts and Nevis","KNA","Americas",0,"Does not have access to sequencing facilities","0 NGS facilities or equivalent","April 01, 2022",TRUE,0,55660,5505,56059,5520,5520,0.0852939413524551,0.098904060366511,0.0984676858309995,0.0984676858309995,9.84676858309995,2.87722925820625,2.8978547428276,53000,"Meets testing target","Sustain - Sustain diagnostic testing capacity","Sustain",5505,10280.88,37,0.67,69.099,40,5549,NA,"Saint Kitts and Nevis","Meets testing target","Meets sequencing target","Sustain","High income","High Income","Strengthen","Sustain","Sustain"
"55","Saint Vincent and the Grenadines","VCT","Americas",0,"Does not have access to sequencing facilities","0 NGS facilities or equivalent","July 06, 2021",FALSE,269,15863,8129,15072,8293,503,0.0332093631890083,0.512450356174746,0.550225583864119,0.0333731422505308,3.33731422505308,0.391533999753178,1.37155337155337,111000,"Insufficient testing data","Insufficient testing data","Insufficient testing data",8129,7305.719,97,1.19,87.176,105,9879,NA,"Saint Vincent and the Grenadines","Insufficient testing data","Meets sequencing target","Sustain","Upper middle income","LMIC","Strengthen","Sustain","Sustain"
"56","Saint Vincent and the Grenadines","VCT","Americas",0,"Does not have access to sequencing facilities","0 NGS facilities or equivalent","July 06, 2021",FALSE,269,15863,8129,15072,8293,503,0.0332093631890083,0.512450356174746,0.550225583864119,0.0333731422505308,3.33731422505308,0.391533999753178,1.37155337155337,111000,"Insufficient testing data","Insufficient testing data","Insufficient testing data",8129,7305.719,97,1.19,87.176,105,9879,NA,"Saint Vincent and the Grenadines","Insufficient testing data","Meets sequencing target","Sustain","Upper middle income","LMIC","Strengthen","Sustain","Sustain"
"57","Saint Vincent and the Grenadines","VCT","Americas",0,"Does not have access to sequencing facilities","0 NGS facilities or equivalent","July 06, 2021",FALSE,269,15863,8129,15072,8293,503,0.0332093631890083,0.512450356174746,0.550225583864119,0.0333731422505308,3.33731422505308,0.391533999753178,1.37155337155337,111000,"Insufficient testing data","Insufficient testing data","Insufficient testing data",8129,7305.719,97,1.19,87.176,105,9879,NA,"Saint Vincent and the Grenadines","Insufficient testing data","Meets sequencing target","Sustain","Upper middle income","LMIC","Strengthen","Sustain","Sustain"
"58","Seychelles","SYC","Africa",0,"Does not have access to sequencing facilities","0 NGS facilities or equivalent","December 21, 2020",FALSE,466,0,36232,0,36173,0,NA,Inf,Inf,NA,NA,0,NA,98000,"Insufficient testing data","Insufficient testing data","Insufficient testing data",36232,36631.281,685,1.89,692.549,697,40426,NA,"Seychelles","Insufficient testing data","Meets sequencing target","Sustain","High income","High Income","Strengthen","Sustain","Sustain"
"59","Singapore","SGP","Western Pacific",2,"Has access to sequencing facilities","4+ NGS facilities or equivalent","September 20, 2021",FALSE,193,10561846,1041031,10595659,1022539,18704,0.00170508249266231,0.0985652508093756,0.0965054651154779,0.00176525122222223,0.176525122222223,4.94642126214729,10.3498500610501,5850000,"Insufficient testing data","Insufficient testing data","Insufficient testing data",1036021,18997.011,10837,1.05,198.713,12891,1096428,NA,"Singapore","Meets testing target","Meets sequencing target","Sustain","High income","High Income","Strengthen","Sustain","Sustain"
"60","Slovakia","SVK","Europe",1,"Has access to sequencing facilities","1-3 NGS facilities or equivalent","April 01, 2022",TRUE,0,24941035,1739679,25822652,1725539,1725539,0.099354212412483,0.06975167630373,0.0668226873057035,0.0668226873057035,6.68226873057035,12.5149455567264,12.957324501982,5460000,"Meets testing target","Sustain - Sustain diagnostic testing capacity","Sustain",1732715,31797.195,21895,1.26,401.797,24086,2443137,NA,"Slovakia","Meets testing target","Meets sequencing target","Sustain","High income","High Income","Strengthen","Sustain","Sustain"
"61","Slovenia","SVN","Europe",2,"Has access to sequencing facilities","4+ NGS facilities or equivalent","April 01, 2022",TRUE,0,15432616,753602,15480747,748717,748717,0.0466956824765825,0.0488317729152336,0.0483643974027868,0.0483643974027868,4.83643974027868,20.3372485454677,20.4006760362925,2079000,"Meets testing target","Sustain - Sustain diagnostic testing capacity","Sustain",751170,36136.128,43498,5.79,2092.535,56904,968109,NA,"Slovenia","Meets testing target","Meets sequencing target","Sustain","High income","High Income","Strengthen","Sustain","Sustain"
"62","South Africa","ZAF","Africa",2,"Has access to sequencing facilities","4+ NGS facilities or equivalent","April 01, 2022",TRUE,0,13959563,2169502,13970963,2169486,2169486,0.129005463210467,0.155413317737812,0.155285358639916,0.155285358639916,15.5285358639916,0.644849484600849,0.645376097369777,59309000,"Meets testing target","Sustain - Sustain diagnostic testing capacity","Sustain",2150916,3582.353,21962,1.02,36.578,31678,3700367,NA,"South Africa","Meets testing target","Meets sequencing target","Sustain","Upper middle income","LMIC","Strengthen","Sustain","Sustain"
"63","Spain","ESP","Europe",2,"Has access to sequencing facilities","4+ NGS facilities or equivalent","November 15, 2021",TRUE,137,26686274,8260263,26692425,8241789,1787562,0.0600879439354038,0.309532271159323,0.308768836102377,0.0669688872404812,6.69688872404812,1.56374889214105,2.47142815477753,46755000,"Meets testing target","Sustain - Sustain diagnostic testing capacity","Sustain",8216998,17578.267,72866,0.89,155.879,100835,11593145,NA,"Spain","Meets testing target","Meets sequencing target","Sustain","High income","High Income","Strengthen","Sustain","Sustain"
"64","Spain","ESP","Europe",2,"Has access to sequencing facilities","4+ NGS facilities or equivalent","November 15, 2021",TRUE,137,26686274,8260263,26692425,8241789,1787562,0.0600879439354038,0.309532271159323,0.308768836102377,0.0669688872404812,6.69688872404812,1.56374889214105,2.47142815477753,46755000,"Meets testing target","Sustain - Sustain diagnostic testing capacity","Sustain",8216998,17578.267,72866,0.89,155.879,100835,11593145,NA,"Spain","Meets testing target","Meets sequencing target","Sustain","High income","High Income","Strengthen","Sustain","Sustain"
"65","Suriname","SUR","Americas",0,"Does not have access to sequencing facilities","0 NGS facilities or equivalent","No tests reported",NA,NA,NA,NA,NA,NA,NA,NA,NA,NA,NA,NA,NA,NA,NA,"Insufficient testing data","Insufficient testing data","Insufficient testing data",70099,11845.089,779,1.11,131.633,1019,79221,NA,"Suriname","Insufficient testing data","Meets sequencing target","Sustain","Upper middle income","LMIC","Strengthen","Sustain","Sustain"
"66","Sweden","SWE","Europe",2,"Has access to sequencing facilities","4+ NGS facilities or equivalent","May 10, 2021",FALSE,326,2261910,1674661,2021292,1692823,224863,0.111247162705834,0.740374727553263,0.837495522665701,0.111247162705834,11.1247162705834,0.613626467831482,4.76542231904149,10099000,"Insufficient testing data","Insufficient testing data","Insufficient testing data",1674661,16482.626,117852,7.04,1159.942,172450,2487852,NA,"Sweden","Insufficient testing data","Meets sequencing target","Sustain","High income","High Income","Strengthen","Sustain","Sustain"
"67","Switzerland","CHE","Europe",2,"Has access to sequencing facilities","4+ NGS facilities or equivalent","April 01, 2022",TRUE,0,14735790,2904217,14737371,2867778,2867778,0.139990053718728,0.197085938385387,0.194592237652157,0.194592237652157,19.4592237652157,4.66459010944659,4.66509057239857,8655000,"Meets testing target","Sustain - Sustain diagnostic testing capacity","Sustain",2894407,33209.902,101170,3.5,1160.806,133137,3497499,NA,"Switzerland","Meets testing target","Meets sequencing target","Sustain","High income","High Income","Strengthen","Sustain","Sustain"
"68","The Bahamas","BHS","Americas",0,"Does not have access to sequencing facilities","0 NGS facilities or equivalent","April 01, 2022",TRUE,0,166840,24168,153588,24307,24307,0.139227101880112,0.144857348357708,0.15826106206214,0.15826106206214,15.826106206214,1.16309386873018,1.07071002823382,393000,"Meets testing target","Sustain - Sustain diagnostic testing capacity","Sustain",24160,6086.961,224,0.93,56.435,263,33331,NA,"The Bahamas","Meets testing target","Meets sequencing target","Connect/Build","High income","High Income","Strengthen","Sustain","Sustain"
"69","The Gambia","GMB","Africa",1,"Has access to sequencing facilities","1-3 NGS facilities or equivalent","March 24, 2022",TRUE,8,100444,6529,100615,6558,6554,0.0735701754438941,0.065001393811477,0.0651791482383342,0.0651393927346817,6.51393927346817,0.113855623126144,0.115633475842413,2417000,"Does not meet testing target","Test - Increase diagnostic testing capacity","Test",6529,262.532,573,8.78,23.04,1123,12088,NA,"The Gambia","Does not meet testing target","Meets sequencing target","Sustain","Low income","LMIC","Strengthen","Sustain","Sustain"
"70","Trinidad and Tobago","TTO","Americas",0,"Does not have access to sequencing facilities","0 NGS facilities or equivalent","July 02, 2021",FALSE,273,124640,130087,124466,129425,25119,0.186463057870602,1.04370186136072,1.03984220590362,0.201814150049009,20.1814150049009,0.244088243069903,0.93650351755013,1399000,"Insufficient testing data","Insufficient testing data","Insufficient testing data",129788,9248.283,1330,1.02,94.772,1400,137860,NA,"Trinidad and Tobago","Insufficient testing data","Meets sequencing target","Sustain","High income","High Income","Strengthen","Sustain","Sustain"
"71","Turkey","TUR","Europe",2,"Has access to sequencing facilities","4+ NGS facilities or equivalent","April 01, 2022",TRUE,0,108235335,11515939,108771987,11583874,11583874,0.102651144428979,0.106397222311919,0.106496850149478,0.106496850149478,10.6496850149478,3.51599099329565,3.53342396561041,84339000,"Meets testing target","Sustain - Sustain diagnostic testing capacity","Sustain",11502572,13525.637,79518,0.69,93.504,85245,14037335,NA,"Turkey","Meets testing target","Meets sequencing target","Sustain","Upper middle income","LMIC","Strengthen","Sustain","Sustain"
"72","United Kingdom","GBR","Europe",2,"Has access to sequencing facilities","4+ NGS facilities or equivalent","April 01, 2022",TRUE,0,372306269,17022150,373383918,16779353,16779353,0.0426311041468366,0.0457208256141397,0.0449386065952632,0.0449386065952632,4.49386065952632,15.0254422906412,15.068933776569,67886000,"Meets testing target","Sustain - Sustain diagnostic testing capacity","Sustain",16021266,23489.142,2093933,13.07,3069.963,2476883,20375579,NA,"United Kingdom","Meets testing target","Meets sequencing target","Sustain","High income","High Income","Strengthen","Sustain","Sustain"
"73","United States of America","USA","Americas",2,"Has access to sequencing facilities","4+ NGS facilities or equivalent","April 01, 2022",TRUE,0,502989464,49500332,504163918,49594252,49594252,0.0788967524901826,0.0984122641582807,0.0983693005971919,0.0983693005971919,9.83693005971919,4.1632653662577,4.17298637238689,331003000,"Meets testing target","Sustain - Sustain diagnostic testing capacity","Sustain",49462059,14857.26,2348527,4.75,705.443,2827735,80102064,NA,"United States of America","Meets testing target","Meets sequencing target","Sustain","High income","High Income","Strengthen","Sustain","Sustain"
"74","Montserrat","MSR","",NA,NA,NA,"No tests reported",NA,NA,NA,NA,NA,NA,NA,NA,NA,NA,NA,NA,NA,NA,NA,"Insufficient testing data","Insufficient testing data","Insufficient testing data",155,3111.825,8,5.16,160.61,10,175,NA,"Montserrat","Insufficient testing data","Meets sequencing target","Sustain",NA,NA,"Strengthen","Sustain","Sustain"
"75","Wallis and Futuna","WLF","",NA,NA,NA,"No tests reported",NA,NA,NA,NA,NA,NA,NA,NA,NA,NA,NA,NA,NA,NA,NA,"Insufficient testing data","Insufficient testing data","Insufficient testing data",42,378.583,3,7.14,27.042,10,454,NA,"Wallis and Futuna","Insufficient testing data","Meets sequencing target","Sustain",NA,NA,"Strengthen","Sustain","Sustain"
"76","Anguilla","AIA","",NA,NA,NA,"No tests reported",NA,NA,NA,NA,NA,NA,NA,NA,NA,NA,NA,NA,NA,NA,NA,"Insufficient testing data","Insufficient testing data","Insufficient testing data",2675,17685.95,29,1.08,191.736,32,2700,NA,"Anguilla","Insufficient testing data","Meets sequencing target","Sustain",NA,NA,"Strengthen","Sustain","Sustain"
