,country,code,region,pop_100k,max_new_tests_cap_avg,cap_cum_tests,cum_tpr,dx_testing_capacity,ngs_capacity,sequencing_capacity,total_sequences,submission_count,total_viable_sequences,all_cases,percent_cases_sequenced,sequences_per_capita_per_100k,sars_cov_2_sequencing,cases_newly_reported_in_last_7_days_per_100000_population,world_bank_economies,archetype_full,archetype,label,dx_testing_capacity_clean,sequencing_capacity_clean,sars_cov_2_sequencing_clean,month,who_testing_capacity,owid_testing_capacity_cat,archetype_clean
0,Afghanistan,AFG,Eastern Mediterranean,389.28,10.65,1883.2716810522,0.206736959842863,Reliable testing capacity,,0 NGS facilities or equivalent,16,16,16.0,149810.0,0.01,0.04,1-499 sequences,25.42,Low income,2 - Connect,Connect,– Set-up sample referral networks or build NGS capacity from scratch,Reliable testing capacity,0 NGS facilities or equivalent,1-499 sequences,August,1 - Reliable,1 - Reliable,
1,Algeria,DZA,Africa,438.51,4.46,525.764520763495,0.80260070352587,Reliable testing capacity,,0 NGS facilities or equivalent,35,35,23.0,180356.0,0.02,0.08,1-499 sequences,7.77,Lower middle income,2 - Connect,Connect,– Set-up sample referral networks or build NGS capacity from scratch,Reliable testing capacity,0 NGS facilities or equivalent,1-499 sequences,August,1 - Reliable,1 - Reliable,
2,Angola,AGO,Africa,328.66,16.29,2577.06444349784,0.0521548375518609,Reliable testing capacity,,0 NGS facilities or equivalent,784,784,780.0,43592.0,1.8,2.39,500+ sequences,1.95,Lower middle income,3 - Leverage,Leverage,– Leverage existing NGS capacity,Reliable testing capacity,0 NGS facilities or equivalent,500+ sequences,August,1 - Reliable,1 - Reliable,
3,Bangladesh,BGD,South-East Asia,1646.89,25.03,5040.74285471404,0.16826594651191,Reliable testing capacity,2.0,4+ NGS facilities or equivalent,2056,2118,1987.0,1343396.0,0.15,1.25,500+ sequences,41.08,Lower middle income,4 - Strengthen,Strengthen,– Build additional NGS capacity for scale-up,Reliable testing capacity,4+ NGS facilities or equivalent,500+ sequences,August,1 - Reliable,1 - Reliable,
4,Belize,BLZ,Americas,3.98,241.63,46102.7638190955,0.0803208911705879,Reliable testing capacity,,0 NGS facilities or equivalent,52,52,52.0,14438.0,0.36,13.08,1-499 sequences,45.77,Upper middle income,2 - Connect,Connect,– Set-up sample referral networks or build NGS capacity from scratch,Reliable testing capacity,0 NGS facilities or equivalent,1-499 sequences,August,0 - Unreliable,1 - Reliable,
5,Benin,BEN,Africa,121.23,28.81,5284.05510187247,0.0141511053941235,Unreliable testing capacity,,0 NGS facilities or equivalent,65,80,65.0,8608.0,0.76,0.54,1-499 sequences,0.23,Lower middle income,1 - Test,Test,– Increase diagnostic testing capacity,Unreliable testing capacity,0 NGS facilities or equivalent,1-499 sequences,August,0 - Unreliable,1 - Reliable,
6,Bolivia,BOL,Americas,116.73,103.68,18362.2804763129,0.224047075970326,Reliable testing capacity,,0 NGS facilities or equivalent,66,66,64.0,477262.0,0.01,0.57,1-499 sequences,90.72,Lower middle income,2 - Connect,Connect,– Set-up sample referral networks or build NGS capacity from scratch,Reliable testing capacity,0 NGS facilities or equivalent,1-499 sequences,August,1 - Reliable,1 - Reliable,
7,Burundi,BDI,Africa,118.91,25.93,3520.97384576571,0.0224706756250015,Reliable testing capacity,,0 NGS facilities or equivalent,9,9,9.0,8088.0,0.11,0.08,1-499 sequences,0.87,Low income,2 - Connect,Connect,– Set-up sample referral networks or build NGS capacity from scratch,Reliable testing capacity,0 NGS facilities or equivalent,1-499 sequences,August,1 - Reliable,1 - Reliable,
8,Cambodia,KHM,Western Pacific,167.19,90.12,11391.7339553801,0.0440195864293725,Reliable testing capacity,1.0,1-3 NGS facilities or equivalent,661,663,643.0,81335.0,0.81,3.95,500+ sequences,40.18,Lower middle income,4 - Strengthen,Strengthen,– Build additional NGS capacity for scale-up,Reliable testing capacity,1-3 NGS facilities or equivalent,500+ sequences,August,1 - Reliable,1 - Reliable,
9,Cameroon,CMR,Africa,265.46,41.15,7016.81985986589,0.044266207114998,Reliable testing capacity,1.0,1-3 NGS facilities or equivalent,208,217,208.0,82064.0,0.25,0.78,1-499 sequences,0.0,Lower middle income,3 - Leverage,Leverage,– Leverage existing NGS capacity,Reliable testing capacity,1-3 NGS facilities or equivalent,1-499 sequences,August,1 - Reliable,1 - Reliable,
10,Central African Republic,CAF,Africa,48.3,10.12,1277.26708074534,0.181465992349089,Reliable testing capacity,,0 NGS facilities or equivalent,56,100,56.0,7151.0,0.78,1.16,1-499 sequences,0.02,Low income,2 - Connect,Connect,– Set-up sample referral networks or build NGS capacity from scratch,Reliable testing capacity,0 NGS facilities or equivalent,1-499 sequences,August,1 - Reliable,1 - Reliable,
11,Chad,TCD,Africa,164.26,3.4,888.299038110313,0.0341370140906848,Reliable testing capacity,,0 NGS facilities or equivalent,0,9,0.0,4977.0,0.0,0.0,0 sequences,0.13,Low income,2 - Connect,Connect,– Set-up sample referral networks or build NGS capacity from scratch,Reliable testing capacity,0 NGS facilities or equivalent,1-499 sequences,August,1 - Reliable,1 - Reliable,
12,Comoros,COM,Africa,8.7,8.86,715.747126436782,0.64798458326642,Unreliable testing capacity,,0 NGS facilities or equivalent,6,6,6.0,4031.0,0.15,0.69,1-499 sequences,2.64,Lower middle income,1 - Test,Test,– Increase diagnostic testing capacity,Unreliable testing capacity,0 NGS facilities or equivalent,1-499 sequences,August,0 - Unreliable,,
13,Democratic Republic of the Congo,COD,Africa,895.61,2.25,304.118980359755,0.192501431865243,Reliable testing capacity,1.0,1-3 NGS facilities or equivalent,649,870,628.0,51523.0,1.26,0.72,500+ sequences,2.44,Low income,4 - Strengthen,Strengthen,– Build additional NGS capacity for scale-up,Reliable testing capacity,1-3 NGS facilities or equivalent,500+ sequences,August,1 - Reliable,1 - Reliable,
14,Djibouti,DJI,Eastern Mediterranean,9.88,85.26,20047.0647773279,0.0589301491934466,Reliable testing capacity,,0 NGS facilities or equivalent,139,139,139.0,11659.0,1.19,14.07,1-499 sequences,0.71,Lower middle income,2 - Connect,Connect,– Set-up sample referral networks or build NGS capacity from scratch,Reliable testing capacity,0 NGS facilities or equivalent,1-499 sequences,August,1 - Reliable,1 - Reliable,
15,Egypt,EGY,Eastern Mediterranean,1023.34,13.94,3393.52023765317,0.0820856819932474,Reliable testing capacity,1.0,1-3 NGS facilities or equivalent,1008,1016,907.0,284641.0,0.35,0.99,500+ sequences,1.27,Lower middle income,4 - Strengthen,Strengthen,– Build additional NGS capacity for scale-up,Reliable testing capacity,1-3 NGS facilities or equivalent,500+ sequences,August,1 - Reliable,1 - Reliable,
16,El Salvador,SLV,Americas,64.86,337.26,26906.5988282455,0.0516450621776087,Reliable testing capacity,1.0,1-3 NGS facilities or equivalent,6,104,1.0,88371.0,0.01,0.09,1-499 sequences,22.65,Lower middle income,3 - Leverage,Leverage,– Leverage existing NGS capacity,Reliable testing capacity,1-3 NGS facilities or equivalent,1-499 sequences,August,0 - Unreliable,1 - Reliable,
17,Eswatini,SWZ,Africa,11.6,127.63,25477.5862068966,0.117023076402517,Reliable testing capacity,,0 NGS facilities or equivalent,33,33,33.0,30787.0,0.11,2.84,1-499 sequences,37.75,Lower middle income,2 - Connect,Connect,– Set-up sample referral networks or build NGS capacity from scratch,Reliable testing capacity,0 NGS facilities or equivalent,1-499 sequences,August,1 - Reliable,1 - Reliable,
18,Ethiopia,ETH,Africa,1149.64,16.85,2693.64409728263,0.0927380929699511,Reliable testing capacity,,0 NGS facilities or equivalent,25,25,25.0,283667.0,0.01,0.02,1-499 sequences,0.56,Low income,2 - Connect,Connect,– Set-up sample referral networks or build NGS capacity from scratch,Reliable testing capacity,0 NGS facilities or equivalent,1-499 sequences,August,1 - Reliable,1 - Reliable,
19,Ghana,GHA,Africa,310.73,17.94,4835.89933382679,0.0728229092561919,Reliable testing capacity,1.0,1-3 NGS facilities or equivalent,1113,1113,1113.0,106750.0,1.04,3.58,500+ sequences,2.56,Lower middle income,4 - Strengthen,Strengthen,– Build additional NGS capacity for scale-up,Reliable testing capacity,1-3 NGS facilities or equivalent,500+ sequences,August,1 - Reliable,1 - Reliable,
20,Guinea,GIN,Africa,131.33,32.21,3881.34470418031,0.0539631221590742,Unreliable testing capacity,,0 NGS facilities or equivalent,167,202,167.0,26847.0,0.62,1.27,1-499 sequences,1.33,Low income,1 - Test,Test,– Increase diagnostic testing capacity,Unreliable testing capacity,0 NGS facilities or equivalent,1-499 sequences,August,0 - Unreliable,1 - Reliable,
21,Guinea-Bissau,GNB,Africa,19.68,14.64,4312.75406504065,0.0587452135493373,Unreliable testing capacity,,0 NGS facilities or equivalent,48,48,48.0,4764.0,1.01,2.44,1-499 sequences,2.39,Low income,1 - Test,Test,– Increase diagnostic testing capacity,Unreliable testing capacity,0 NGS facilities or equivalent,1-499 sequences,August,0 - Unreliable,,
22,Haiti,HTI,Americas,114.03,,0.0,,Unreliable testing capacity,,0 NGS facilities or equivalent,79,79,79.0,20326.0,0.39,0.69,1-499 sequences,3.81,Low income,1 - Test,Test,– Increase diagnostic testing capacity,Unreliable testing capacity,0 NGS facilities or equivalent,1-499 sequences,August,0 - Unreliable,1 - Reliable,
23,Honduras,HND,Americas,99.05,33.38,9220.61585058052,0.341827785332781,Unreliable testing capacity,,0 NGS facilities or equivalent,66,66,66.0,305936.0,0.02,0.67,1-499 sequences,80.28,Lower middle income,1 - Test,Test,– Increase diagnostic testing capacity,Unreliable testing capacity,0 NGS facilities or equivalent,1-499 sequences,August,0 - Unreliable,1 - Reliable,
24,India,IND,South-East Asia,13800.04,161.31,35468.7942208863,0.065617453335248,Reliable testing capacity,2.0,4+ NGS facilities or equivalent,43167,45235,41147.0,31934455.0,0.14,3.13,500+ sequences,21.59,Lower middle income,4 - Strengthen,Strengthen,– Build additional NGS capacity for scale-up,Reliable testing capacity,4+ NGS facilities or equivalent,500+ sequences,August,1 - Reliable,1 - Reliable,
25,Indonesia,IDN,South-East Asia,2735.24,98.2,10589.9694359544,0.130295550924549,Reliable testing capacity,2.0,4+ NGS facilities or equivalent,4511,4670,4326.0,3639616.0,0.12,1.65,500+ sequences,78.49,Upper middle income,4 - Strengthen,Strengthen,– Build additional NGS capacity for scale-up,Reliable testing capacity,4+ NGS facilities or equivalent,500+ sequences,August,1 - Reliable,1 - Reliable,
26,Iran,IRN,Eastern Mediterranean,839.93,158.11,31895.9877608848,0.161261738674496,Reliable testing capacity,2.0,4+ NGS facilities or equivalent,599,600,275.0,4119110.0,0.01,0.71,500+ sequences,118.56,Upper middle income,4 - Strengthen,Strengthen,– Build additional NGS capacity for scale-up,Reliable testing capacity,4+ NGS facilities or equivalent,500+ sequences,August,1 - Reliable,1 - Reliable,
27,Kenya,KEN,Africa,537.71,12.8,4144.08882111175,0.0975067292908822,Reliable testing capacity,1.0,1-3 NGS facilities or equivalent,2391,2392,2382.0,211028.0,1.13,4.45,500+ sequences,5.2,Lower middle income,4 - Strengthen,Strengthen,– Build additional NGS capacity for scale-up,Reliable testing capacity,1-3 NGS facilities or equivalent,500+ sequences,August,1 - Reliable,1 - Reliable,
28,Laos,LAO,Western Pacific,72.76,37.1,4192.04233095107,0.0306970522567891,Reliable testing capacity,,0 NGS facilities or equivalent,0,0,0.0,7778.0,0.0,0.0,0 sequences,3.83,Lower middle income,2 - Connect,Connect,– Set-up sample referral networks or build NGS capacity from scratch,Reliable testing capacity,0 NGS facilities or equivalent,0 sequences,August,1 - Reliable,1 - Reliable,
29,Lesotho,LSO,Africa,21.42,36.56,6582.02614379085,0.0983211218055565,Reliable testing capacity,,0 NGS facilities or equivalent,18,18,18.0,13603.0,0.13,0.84,1-499 sequences,10.36,Lower middle income,2 - Connect,Connect,– Set-up sample referral networks or build NGS capacity from scratch,Reliable testing capacity,0 NGS facilities or equivalent,1-499 sequences,August,1 - Reliable,1 - Reliable,
30,Liberia,LBR,Africa,50.58,21.09,2535.50810597074,0.042566629758433,Reliable testing capacity,,0 NGS facilities or equivalent,0,0,0.0,5459.0,0.0,0.0,0 sequences,17.81,Low income,2 - Connect,Connect,– Set-up sample referral networks or build NGS capacity from scratch,Reliable testing capacity,0 NGS facilities or equivalent,0 sequences,August,1 - Reliable,1 - Reliable,
31,Madagascar,MDG,Africa,276.91,4.55,850.406269184934,0.181730548737505,Reliable testing capacity,1.0,1-3 NGS facilities or equivalent,122,122,122.0,42685.0,0.29,0.44,1-499 sequences,0.79,Low income,3 - Leverage,Leverage,– Leverage existing NGS capacity,Reliable testing capacity,1-3 NGS facilities or equivalent,1-499 sequences,August,1 - Reliable,1 - Reliable,
32,Malawi,MWI,Africa,191.3,13.12,1902.65551489807,0.15735291693454,Reliable testing capacity,,0 NGS facilities or equivalent,368,369,356.0,55699.0,0.66,1.92,1-499 sequences,7.48,Low income,2 - Connect,Connect,– Set-up sample referral networks or build NGS capacity from scratch,Reliable testing capacity,0 NGS facilities or equivalent,1-499 sequences,August,1 - Reliable,1 - Reliable,
33,Mali,MLI,Africa,202.51,7.03,1786.22784060046,0.0405524577791662,Reliable testing capacity,1.0,1-3 NGS facilities or equivalent,36,36,36.0,14637.0,0.25,0.18,1-499 sequences,0.14,Low income,3 - Leverage,Leverage,– Leverage existing NGS capacity,Reliable testing capacity,1-3 NGS facilities or equivalent,1-499 sequences,August,1 - Reliable,1 - Reliable,
34,Mongolia,MNG,Western Pacific,32.78,,0.0,,Reliable testing capacity,,0 NGS facilities or equivalent,27,27,21.0,172069.0,0.02,0.82,1-499 sequences,456.76,Lower middle income,2 - Connect,Connect,– Set-up sample referral networks or build NGS capacity from scratch,Reliable testing capacity,0 NGS facilities or equivalent,1-499 sequences,August,1 - Reliable,1 - Reliable,
35,Morocco,MAR,Eastern Mediterranean,369.11,77.35,20194.5951071496,0.0980790651818138,Reliable testing capacity,2.0,4+ NGS facilities or equivalent,279,365,228.0,687292.0,0.04,0.76,1-499 sequences,15.96,Lower middle income,3 - Leverage,Leverage,– Leverage existing NGS capacity,Reliable testing capacity,4+ NGS facilities or equivalent,1-499 sequences,August,1 - Reliable,1 - Reliable,
36,Mozambique,MOZ,Africa,312.55,15.63,2542.02527595585,0.171887075052548,Reliable testing capacity,,0 NGS facilities or equivalent,489,489,482.0,131799.0,0.37,1.56,1-499 sequences,22.66,Low income,2 - Connect,Connect,– Set-up sample referral networks or build NGS capacity from scratch,Reliable testing capacity,0 NGS facilities or equivalent,1-499 sequences,August,1 - Reliable,1 - Reliable,
37,Myanmar,MMR,South-East Asia,544.1,38.18,6036.0907921338,0.104965019272361,Reliable testing capacity,1.0,1-3 NGS facilities or equivalent,74,75,31.0,326489.0,0.02,0.14,1-499 sequences,38.06,Lower middle income,3 - Leverage,Leverage,– Leverage existing NGS capacity,Reliable testing capacity,1-3 NGS facilities or equivalent,1-499 sequences,August,1 - Reliable,1 - Reliable,
38,Nepal,NPL,South-East Asia,291.37,65.19,12838.7170951024,0.194013500259435,Reliable testing capacity,1.0,1-3 NGS facilities or equivalent,168,184,161.0,712740.0,0.02,0.58,1-499 sequences,36.79,Lower middle income,3 - Leverage,Leverage,– Leverage existing NGS capacity,Reliable testing capacity,1-3 NGS facilities or equivalent,1-499 sequences,August,0 - Unreliable,1 - Reliable,
39,Niger,NER,Africa,242.07,2.52,557.289213863758,0.0423711852219743,Reliable testing capacity,,0 NGS facilities or equivalent,24,24,23.0,5682.0,0.42,0.1,1-499 sequences,0.15,Low income,2 - Connect,Connect,– Set-up sample referral networks or build NGS capacity from scratch,Reliable testing capacity,0 NGS facilities or equivalent,1-499 sequences,August,1 - Reliable,1 - Reliable,
40,Nigeria,NGA,Africa,2061.4,5.75,1256.00562724362,0.0697767203655282,Reliable testing capacity,2.0,4+ NGS facilities or equivalent,943,997,937.0,177615.0,0.53,0.46,500+ sequences,0.24,Lower middle income,4 - Strengthen,Strengthen,– Build additional NGS capacity for scale-up,Reliable testing capacity,4+ NGS facilities or equivalent,500+ sequences,August,1 - Reliable,1 - Reliable,
41,Pakistan,PAK,Eastern Mediterranean,2208.92,23.87,7522.28690943991,0.065593673135682,Reliable testing capacity,2.0,4+ NGS facilities or equivalent,463,471,405.0,1067580.0,0.04,0.21,1-499 sequences,3.91,Lower middle income,3 - Leverage,Leverage,– Leverage existing NGS capacity,Reliable testing capacity,4+ NGS facilities or equivalent,1-499 sequences,August,1 - Reliable,1 - Reliable,
42,Papua New Guinea,PNG,Western Pacific,89.47,9.63,1647.84844081815,0.120773503896685,Unreliable testing capacity,,0 NGS facilities or equivalent,328,555,328.0,17774.0,1.85,3.67,1-499 sequences,0.6,Lower middle income,1 - Test,Test,– Increase diagnostic testing capacity,Unreliable testing capacity,0 NGS facilities or equivalent,500+ sequences,August,0 - Unreliable,1 - Reliable,
43,Philippines,PHL,Western Pacific,1095.81,54.23,15756.4395287504,0.0984800589178866,Reliable testing capacity,1.0,1-3 NGS facilities or equivalent,5328,5329,5323.0,1649341.0,0.32,4.86,500+ sequences,34.28,Lower middle income,4 - Strengthen,Strengthen,– Build additional NGS capacity for scale-up,Reliable testing capacity,1-3 NGS facilities or equivalent,500+ sequences,August,1 - Reliable,1 - Reliable,
44,Republic of the Congo,COG,Africa,55.18,17.51,3527.14751721638,0.0686232196806215,Reliable testing capacity,,0 NGS facilities or equivalent,219,7,430.0,26432.0,0.83,3.97,1-499 sequences,1.72,Lower middle income,2 - Connect,Connect,– Set-up sample referral networks or build NGS capacity from scratch,Reliable testing capacity,0 NGS facilities or equivalent,1-499 sequences,August,1 - Reliable,1 - Reliable,
45,Rwanda,RWA,Africa,129.52,116.71,16987.7856701668,0.0355880992138195,Reliable testing capacity,,0 NGS facilities or equivalent,485,485,472.0,75643.0,0.64,3.74,1-499 sequences,59.1,Low income,2 - Connect,Connect,– Set-up sample referral networks or build NGS capacity from scratch,Reliable testing capacity,0 NGS facilities or equivalent,1-499 sequences,August,1 - Reliable,1 - Reliable,
46,Samoa,WSM,Western Pacific,1.98,,0.0,,Unreliable testing capacity,,0 NGS facilities or equivalent,0,0,0.0,3.0,0.0,0.0,0 sequences,0.0,Upper middle income,1 - Test,Test,– Increase diagnostic testing capacity,Unreliable testing capacity,0 NGS facilities or equivalent,0 sequences,August,0 - Unreliable,,
47,Senegal,SEN,Africa,167.44,18.73,4181.38437649307,0.0993756882640534,Reliable testing capacity,1.0,1-3 NGS facilities or equivalent,521,522,512.0,66898.0,0.78,3.11,500+ sequences,7.81,Lower middle income,4 - Strengthen,Strengthen,– Build additional NGS capacity for scale-up,Reliable testing capacity,1-3 NGS facilities or equivalent,500+ sequences,August,1 - Reliable,1 - Reliable,
48,Sierra Leone,SLE,Africa,79.77,10.27,2621.54945468221,0.0302791207004557,Unreliable testing capacity,1.0,1-3 NGS facilities or equivalent,36,36,36.0,6313.0,0.57,0.45,1-499 sequences,3.66,Low income,1 - Test,Test,– Increase diagnostic testing capacity,Unreliable testing capacity,1-3 NGS facilities or equivalent,1-499 sequences,August,0 - Unreliable,1 - Reliable,
49,Solomon Islands,SLB,Western Pacific,,,,,Reliable testing capacity,,0 NGS facilities or equivalent,0,0,0.0,20.0,0.0,0.0,0 sequences,0.0,Lower middle income,2 - Connect,Connect,– Set-up sample referral networks or build NGS capacity from scratch,Reliable testing capacity,0 NGS facilities or equivalent,0 sequences,August,1 - Reliable,1 - Reliable,
50,South Sudan,SSD,Africa,111.94,14.4,2028.05074146864,0.0490837811646551,Reliable testing capacity,,0 NGS facilities or equivalent,59,60,59.0,11100.0,0.53,0.53,1-499 sequences,0.4,Low income,2 - Connect,Connect,– Set-up sample referral networks or build NGS capacity from scratch,Reliable testing capacity,0 NGS facilities or equivalent,1-499 sequences,August,1 - Reliable,1 - Reliable,
51,Sri Lanka,LKA,South-East Asia,214.13,71.64,11136.9028160463,0.14471903704589,Reliable testing capacity,1.0,1-3 NGS facilities or equivalent,779,874,779.0,326043.0,0.24,3.64,500+ sequences,35.98,Lower middle income,4 - Strengthen,Strengthen,– Build additional NGS capacity for scale-up,Reliable testing capacity,1-3 NGS facilities or equivalent,500+ sequences,August,1 - Reliable,1 - Reliable,
52,Sudan,SDN,Eastern Mediterranean,438.49,5.39,671.917261511095,0.127387324397802,Unreliable testing capacity,,0 NGS facilities or equivalent,0,0,0.0,37138.0,0.0,0.0,0 sequences,0.22,Low income,1 - Test,Test,– Increase diagnostic testing capacity,Unreliable testing capacity,0 NGS facilities or equivalent,0 sequences,August,0 - Unreliable,1 - Reliable,
53,Tanzania,TZA,Africa,597.34,0.77,317.983058224797,0.00719685802131154,Reliable testing capacity,,0 NGS facilities or equivalent,0,0,0.0,1017.0,0.0,0.0,0 sequences,0.0,Lower middle income,2 - Connect,Connect,– Set-up sample referral networks or build NGS capacity from scratch,Reliable testing capacity,0 NGS facilities or equivalent,0 sequences,August,1 - Reliable,1 - Reliable,
54,Togo,TGO,Africa,82.79,18.29,5149.87317308854,0.0408905192350091,Unreliable testing capacity,,0 NGS facilities or equivalent,125,129,123.0,16728.0,0.75,1.51,1-499 sequences,2.69,Low income,1 - Test,Test,– Increase diagnostic testing capacity,Unreliable testing capacity,0 NGS facilities or equivalent,1-499 sequences,August,0 - Unreliable,1 - Reliable,
55,Tunisia,TUN,Eastern Mediterranean,118.19,145.21,20046.2729503342,0.260892283653735,Reliable testing capacity,1.0,1-3 NGS facilities or equivalent,132,132,118.0,608114.0,0.02,1.12,1-499 sequences,379.16,Lower middle income,3 - Leverage,Leverage,– Leverage existing NGS capacity,Reliable testing capacity,1-3 NGS facilities or equivalent,1-499 sequences,August,1 - Reliable,1 - Reliable,
56,Uganda,UGA,Africa,457.41,15.87,3303.57665988938,0.0636785788262637,Reliable testing capacity,1.0,1-3 NGS facilities or equivalent,597,600,596.0,95474.0,0.63,1.31,500+ sequences,10.94,Low income,4 - Strengthen,Strengthen,– Build additional NGS capacity for scale-up,Reliable testing capacity,1-3 NGS facilities or equivalent,500+ sequences,August,1 - Reliable,1 - Reliable,
57,Ukraine,UKR,Europe,437.34,105.37,26545.7561622536,0.202434105593159,Reliable testing capacity,1.0,1-3 NGS facilities or equivalent,246,250,246.0,2343046.0,0.01,0.56,1-499 sequences,8.67,Lower middle income,3 - Leverage,Leverage,– Leverage existing NGS capacity,Reliable testing capacity,1-3 NGS facilities or equivalent,1-499 sequences,August,1 - Reliable,1 - Reliable,
58,Uzbekistan,UZB,Europe,334.69,45.89,4182.97529056739,0.10015,Reliable testing capacity,,0 NGS facilities or equivalent,73,73,57.0,135738.0,0.05,0.22,1-499 sequences,10.09,Lower middle income,2 - Connect,Connect,– Set-up sample referral networks or build NGS capacity from scratch,Reliable testing capacity,0 NGS facilities or equivalent,1-499 sequences,August,1 - Reliable,1 - Reliable,
59,Vanuatu,VUT,Western Pacific,3.07,,0.0,,Reliable testing capacity,,0 NGS facilities or equivalent,0,0,0.0,4.0,0.0,0.0,0 sequences,0.0,Lower middle income,2 - Connect,Connect,– Set-up sample referral networks or build NGS capacity from scratch,Reliable testing capacity,0 NGS facilities or equivalent,0 sequences,August,1 - Reliable,1 - Reliable,
60,Vietnam,VNM,Western Pacific,973.39,13.21,2961.70085988145,0.0855280638525924,Reliable testing capacity,1.0,1-3 NGS facilities or equivalent,286,286,142.0,205656.0,0.14,0.29,1-499 sequences,6.51,Lower middle income,3 - Leverage,Leverage,– Leverage existing NGS capacity,Reliable testing capacity,1-3 NGS facilities or equivalent,1-499 sequences,August,1 - Reliable,1 - Reliable,
61,Zambia,ZMB,Africa,183.84,55.74,11795.1098781549,0.0930496173929966,Reliable testing capacity,1.0,1-3 NGS facilities or equivalent,692,692,692.0,199662.0,0.35,3.76,500+ sequences,76.45,Lower middle income,4 - Strengthen,Strengthen,– Build additional NGS capacity for scale-up,Reliable testing capacity,1-3 NGS facilities or equivalent,500+ sequences,August,1 - Reliable,1 - Reliable,
62,Zimbabwe,ZWE,Africa,148.63,77.95,7817.00195115387,0.102211920564001,Reliable testing capacity,,0 NGS facilities or equivalent,559,561,474.0,115890.0,0.48,3.76,500+ sequences,69.72,Lower middle income,3 - Leverage,Leverage,– Leverage existing NGS capacity,Reliable testing capacity,0 NGS facilities or equivalent,500+ sequences,August,1 - Reliable,1 - Reliable,
63,Afghanistan,AFG,Eastern Mediterranean,389.28,10.65,1970.84360871352,0.203074777440336,Reliable testing capacity,,0 - 0 NGS facilities or equivalent,94,99,94.0,155764.0,0.06,0.24,1-499 sequences,0.63,Low income,2 - Connect,Connect,– Set-up sample referral networks or build NGS capacity from scratch,Reliable testing capacity,0 NGS facilities or equivalent,1-499 sequences,October,1 - Reliable,0 - Unreliable,Connect
64,Algeria,DZA,Africa,438.51,4.46,525.764520763495,0.891131323383344,Reliable testing capacity,,0 - 0 NGS facilities or equivalent,72,72,60.0,205286.0,0.04,0.16,1-499 sequences,1.66,Lower middle income,2 - Connect,Connect,– Set-up sample referral networks or build NGS capacity from scratch,Reliable testing capacity,0 NGS facilities or equivalent,1-499 sequences,October,1 - Reliable,1 - Reliable,Connect
65,Angola,AGO,Africa,328.66,16.29,3248.52126817988,0.059192120330555,Reliable testing capacity,,0 - 0 NGS facilities or equivalent,945,945,930.0,62842.0,1.5,2.78,500+ sequences,5.16,Lower middle income,3 - Leverage,Leverage,– Leverage existing NGS capacity,Reliable testing capacity,0 NGS facilities or equivalent,500+ sequences,October,1 - Reliable,1 - Reliable,Leverage
66,Bangladesh,BGD,South-East Asia,1646.89,25.41,5784.93402716636,0.164403415502013,Reliable testing capacity,2.0,2 - 4+ NGS facilities or equivalent,2940,2963,2870.0,1565488.0,0.19,1.77,500+ sequences,2.23,Lower middle income,4 - Strengthen,Strengthen,– Build additional NGS capacity for scale-up,Reliable testing capacity,4+ NGS facilities or equivalent,500+ sequences,October,1 - Reliable,1 - Reliable,Strengthen
67,Belize,BLZ,Americas,3.98,346.45,67425.6281407035,0.0922959970784859,Reliable testing capacity,,0 - 0 NGS facilities or equivalent,178,178,178.0,23990.0,0.74,43.96,1-499 sequences,398.11,Upper middle income,2 - Connect,Connect,– Set-up sample referral networks or build NGS capacity from scratch,Reliable testing capacity,0 NGS facilities or equivalent,1-499 sequences,October,0 - Unreliable,1 - Reliable,Connect
68,Benin,BEN,Africa,121.23,28.81,5284.05510187247,0.0383398950336098,Unreliable testing capacity,,0 - 0 NGS facilities or equivalent,264,282,264.0,24560.0,1.07,2.12,1-499 sequences,1.86,Lower middle income,1 - Test,Test,– Increase diagnostic testing capacity,Unreliable testing capacity,0 NGS facilities or equivalent,1-499 sequences,October,0 - Unreliable,1 - Reliable,Test
69,Bolivia,BOL,Americas,116.73,103.68,19607.4702304463,0.221573938954377,Reliable testing capacity,,0 - 0 NGS facilities or equivalent,152,152,150.0,506654.0,0.03,1.28,1-499 sequences,21.88,Lower middle income,2 - Connect,Connect,– Set-up sample referral networks or build NGS capacity from scratch,Reliable testing capacity,0 NGS facilities or equivalent,1-499 sequences,October,1 - Reliable,1 - Reliable,Connect
70,Burundi,BDI,Africa,118.91,58.57,6675.15768228072,0.0248758099284025,Reliable testing capacity,,0 - 0 NGS facilities or equivalent,63,63,63.0,19555.0,0.32,0.51,1-499 sequences,4.55,Low income,2 - Connect,Connect,– Set-up sample referral networks or build NGS capacity from scratch,Reliable testing capacity,0 NGS facilities or equivalent,1-499 sequences,October,1 - Reliable,1 - Reliable,Connect
71,Cambodia,KHM,Western Pacific,167.19,3381.69,143502.524074406,0.0048780463406691,Reliable testing capacity,1.0,1 - 1-3 NGS facilities or equivalent,1163,1165,1145.0,116665.0,1.0,6.86,500+ sequences,10.07,Lower middle income,4 - Strengthen,Strengthen,– Build additional NGS capacity for scale-up,Reliable testing capacity,1-3 NGS facilities or equivalent,500+ sequences,October,1 - Reliable,1 - Reliable,Strengthen
72,Cameroon,CMR,Africa,265.46,41.15,7897.24628945981,0.0478386073669996,Reliable testing capacity,1.0,1 - 1-3 NGS facilities or equivalent,211,220,211.0,98402.0,0.21,0.78,1-499 sequences,11.31,Lower middle income,3 - Leverage,Leverage,– Leverage existing NGS capacity,Reliable testing capacity,1-3 NGS facilities or equivalent,1-499 sequences,October,1 - Reliable,1 - Reliable,Leverage
73,Central African Republic,CAF,Africa,48.3,10.12,1402.87784679089,0.169394471583111,Reliable testing capacity,,0 - 0 NGS facilities or equivalent,56,118,56.0,11469.0,0.49,1.14,1-499 sequences,1.41,Low income,2 - Connect,Connect,– Set-up sample referral networks or build NGS capacity from scratch,Reliable testing capacity,0 NGS facilities or equivalent,1-499 sequences,October,1 - Reliable,0 - Unreliable,Connect
74,Chad,TCD,Africa,164.26,3.4,992.006574942165,0.0311082744696128,Reliable testing capacity,,0 - 0 NGS facilities or equivalent,0,9,0.0,5067.0,0.0,0.0,1-499 sequences,0.07,Low income,2 - Connect,Connect,– Set-up sample referral networks or build NGS capacity from scratch,Reliable testing capacity,0 NGS facilities or equivalent,1-499 sequences,October,1 - Reliable,1 - Reliable,Connect
75,Comoros,COM,Africa,8.7,8.86,715.747126436782,0.673036775333226,Unreliable testing capacity,,0 - 0 NGS facilities or equivalent,6,6,6.0,4186.0,0.14,0.68,1-499 sequences,1.72,Lower middle income,1 - Test,Test,– Increase diagnostic testing capacity,Unreliable testing capacity,0 NGS facilities or equivalent,1-499 sequences,October,0 - Unreliable,,Test
76,Democratic Republic of the Congo,COD,Africa,895.61,2.5,441.576132468373,0.144983311419035,Reliable testing capacity,1.0,1 - 1-3 NGS facilities or equivalent,649,870,628.0,57269.0,1.13,0.7,500+ sequences,0.21,Low income,4 - Strengthen,Strengthen,– Build additional NGS capacity for scale-up,Reliable testing capacity,1-3 NGS facilities or equivalent,500+ sequences,October,1 - Reliable,1 - Reliable,Strengthen
77,Djibouti,DJI,Eastern Mediterranean,9.88,85.26,23374.0890688259,0.0581243288183739,Reliable testing capacity,,0 - 0 NGS facilities or equivalent,306,306,306.0,13396.0,2.28,30.53,1-499 sequences,23.38,Lower middle income,2 - Connect,Connect,– Set-up sample referral networks or build NGS capacity from scratch,Reliable testing capacity,0 NGS facilities or equivalent,1-499 sequences,October,1 - Reliable,1 - Reliable,Connect
78,Egypt,EGY,Eastern Mediterranean,1023.34,13.94,3834.30042801024,0.0816064965710475,Reliable testing capacity,1.0,1 - 1-3 NGS facilities or equivalent,1038,1046,936.0,318456.0,0.33,1.0,500+ sequences,5.71,Lower middle income,4 - Strengthen,Strengthen,– Build additional NGS capacity for scale-up,Reliable testing capacity,1-3 NGS facilities or equivalent,500+ sequences,October,1 - Reliable,1 - Reliable,Strengthen
79,El Salvador,SLV,Americas,64.86,337.26,27921.2765957447,0.0608446062726467,Reliable testing capacity,1.0,1 - 1-3 NGS facilities or equivalent,138,138,129.0,110188.0,0.13,2.12,1-499 sequences,5.07,Lower middle income,3 - Leverage,Leverage,– Leverage existing NGS capacity,Reliable testing capacity,1-3 NGS facilities or equivalent,1-499 sequences,October,0 - Unreliable,1 - Reliable,Leverage
80,Eswatini,SWZ,Africa,11.6,148.87,32634.5689655172,0.122495449874657,Reliable testing capacity,,0 - 0 NGS facilities or equivalent,123,123,123.0,46363.0,0.27,10.49,1-499 sequences,11.81,Lower middle income,2 - Connect,Connect,– Set-up sample referral networks or build NGS capacity from scratch,Reliable testing capacity,0 NGS facilities or equivalent,1-499 sequences,October,1 - Reliable,1 - Reliable,Connect
81,Ethiopia,ETH,Africa,1149.64,16.85,3135.2484255941,0.0998447178689865,Reliable testing capacity,,0 - 0 NGS facilities or equivalent,219,219,219.0,359247.0,0.06,0.19,1-499 sequences,4.73,Low income,2 - Connect,Connect,– Set-up sample referral networks or build NGS capacity from scratch,Reliable testing capacity,0 NGS facilities or equivalent,1-499 sequences,October,1 - Reliable,1 - Reliable,Connect
82,Ghana,GHA,Africa,310.73,18.98,5880.38490007402,0.0709233520795616,Reliable testing capacity,1.0,1 - 1-3 NGS facilities or equivalent,1436,1436,1435.0,129440.0,1.11,4.53,500+ sequences,0.67,Lower middle income,4 - Strengthen,Strengthen,– Build additional NGS capacity for scale-up,Reliable testing capacity,1-3 NGS facilities or equivalent,500+ sequences,October,1 - Reliable,1 - Reliable,Strengthen
83,Guinea,GIN,Africa,131.33,32.21,3881.34470418031,0.0600289953446581,Unreliable testing capacity,,0 - 0 NGS facilities or equivalent,228,262,218.0,30572.0,0.75,1.69,1-499 sequences,0.63,Low income,1 - Test,Test,– Increase diagnostic testing capacity,Unreliable testing capacity,0 NGS facilities or equivalent,1-499 sequences,October,0 - Unreliable,1 - Reliable,Test
84,Guinea-Bissau,GNB,Africa,19.68,18.02,5113.0081300813,0.0609198600731436,Unreliable testing capacity,,0 - 0 NGS facilities or equivalent,48,48,48.0,6130.0,0.78,2.38,1-499 sequences,0.56,Low income,1 - Test,Test,– Increase diagnostic testing capacity,Unreliable testing capacity,0 NGS facilities or equivalent,1-499 sequences,October,0 - Unreliable,,Test
85,Haiti,HTI,Americas,114.03,,0.0,,Unreliable testing capacity,,0 - 0 NGS facilities or equivalent,95,95,95.0,22933.0,0.41,0.82,1-499 sequences,1.8,Low income,1 - Test,Test,– Increase diagnostic testing capacity,Unreliable testing capacity,0 NGS facilities or equivalent,1-499 sequences,October,0 - Unreliable,1 - Reliable,Test
86,Honduras,HND,Americas,99.05,33.38,10472.0646138314,0.359800551068297,Unreliable testing capacity,,0 - 0 NGS facilities or equivalent,116,116,116.0,372179.0,0.03,1.15,1-499 sequences,23.36,Lower middle income,1 - Test,Test,– Increase diagnostic testing capacity,Unreliable testing capacity,0 NGS facilities or equivalent,1-499 sequences,October,0 - Unreliable,1 - Reliable,Test
87,India,IND,South-East Asia,13800.04,161.31,43074.5048565077,0.0573564243211256,Reliable testing capacity,2.0,2 - 4+ NGS facilities or equivalent,65629,69859,62378.0,34081315.0,0.19,4.71,500+ sequences,9.16,Lower middle income,4 - Strengthen,Strengthen,– Build additional NGS capacity for scale-up,Reliable testing capacity,4+ NGS facilities or equivalent,500+ sequences,October,1 - Reliable,1 - Reliable,Strengthen
88,Indonesia,IDN,South-East Asia,2735.24,98.2,16036.310890452,0.09657961479701,Reliable testing capacity,2.0,2 - 4+ NGS facilities or equivalent,7852,7853,7672.0,4234758.0,0.19,2.84,500+ sequences,2.78,Upper middle income,4 - Strengthen,Strengthen,– Build additional NGS capacity for scale-up,Reliable testing capacity,4+ NGS facilities or equivalent,500+ sequences,October,1 - Reliable,1 - Reliable,Strengthen
89,Iran,IRN,Eastern Mediterranean,839.93,158.11,37684.149869632,0.183557379920566,Reliable testing capacity,2.0,2 - 4+ NGS facilities or equivalent,605,606,280.0,5784815.0,0.01,0.71,500+ sequences,94.8,Upper middle income,4 - Strengthen,Strengthen,– Build additional NGS capacity for scale-up,Reliable testing capacity,4+ NGS facilities or equivalent,500+ sequences,October,1 - Reliable,1 - Reliable,Strengthen
90,Kenya,KEN,Africa,537.71,14.77,4914.61382529616,0.0954345980927384,Reliable testing capacity,1.0,1 - 1-3 NGS facilities or equivalent,3568,3569,3483.0,252033.0,1.42,6.49,500+ sequences,1.81,Lower middle income,4 - Strengthen,Strengthen,– Build additional NGS capacity for scale-up,Reliable testing capacity,1-3 NGS facilities or equivalent,500+ sequences,October,1 - Reliable,1 - Reliable,Strengthen
91,Laos,LAO,Western Pacific,72.76,37.1,4192.04233095107,0.108097031929787,Reliable testing capacity,,0 - 0 NGS facilities or equivalent,18,23,0.0,32029.0,0.06,0.24,1-499 sequences,48.13,Lower middle income,2 - Connect,Connect,– Set-up sample referral networks or build NGS capacity from scratch,Reliable testing capacity,0 NGS facilities or equivalent,1-499 sequences,October,1 - Reliable,1 - Reliable,Connect
92,Lesotho,LSO,Africa,21.42,100.82,10135.6676003735,0.0992925114920822,Reliable testing capacity,,0 - 0 NGS facilities or equivalent,18,18,18.0,21530.0,0.08,0.83,1-499 sequences,2.71,Lower middle income,2 - Connect,Connect,– Set-up sample referral networks or build NGS capacity from scratch,Reliable testing capacity,0 NGS facilities or equivalent,1-499 sequences,October,1 - Reliable,1 - Reliable,Connect
93,Liberia,LBR,Africa,50.58,21.09,2764.4128113879,0.0423031811420071,Reliable testing capacity,,0 - 0 NGS facilities or equivalent,77,77,77.0,5803.0,1.33,1.49,1-499 sequences,0.08,Low income,2 - Connect,Connect,– Set-up sample referral networks or build NGS capacity from scratch,Reliable testing capacity,0 NGS facilities or equivalent,1-499 sequences,October,1 - Reliable,1 - Reliable,Connect
94,Madagascar,MDG,Africa,276.91,4.55,850.406269184934,0.185242434794425,Reliable testing capacity,1.0,1 - 1-3 NGS facilities or equivalent,722,722,722.0,43616.0,1.66,2.54,500+ sequences,0.02,Low income,4 - Strengthen,Strengthen,– Build additional NGS capacity for scale-up,Reliable testing capacity,1-3 NGS facilities or equivalent,500+ sequences,October,1 - Reliable,1 - Reliable,Strengthen
95,Malawi,MWI,Africa,191.3,13.13,2192.50392054365,0.147182101252664,Reliable testing capacity,,0 - 0 NGS facilities or equivalent,585,586,574.0,61716.0,0.95,2.98,500+ sequences,0.31,Low income,3 - Leverage,Leverage,– Leverage existing NGS capacity,Reliable testing capacity,0 NGS facilities or equivalent,500+ sequences,October,1 - Reliable,1 - Reliable,Leverage
96,Mali,MLI,Africa,202.51,7.03,2195.61503135648,0.0352514652500708,Reliable testing capacity,1.0,1 - 1-3 NGS facilities or equivalent,71,71,71.0,15619.0,0.45,0.34,1-499 sequences,0.83,Low income,3 - Leverage,Leverage,– Leverage existing NGS capacity,Reliable testing capacity,1-3 NGS facilities or equivalent,1-499 sequences,October,1 - Reliable,1 - Reliable,Leverage
97,Mongolia,MNG,Western Pacific,32.78,,0.0,,Reliable testing capacity,,0 - 0 NGS facilities or equivalent,28,28,22.0,339536.0,0.01,0.84,1-499 sequences,276.49,Lower middle income,2 - Connect,Connect,– Set-up sample referral networks or build NGS capacity from scratch,Reliable testing capacity,0 NGS facilities or equivalent,1-499 sequences,October,1 - Reliable,1 - Reliable,Connect
98,Morocco,MAR,Eastern Mediterranean,369.11,101.76,24366.0805721872,0.104825854892345,Reliable testing capacity,2.0,2 - 4+ NGS facilities or equivalent,433,484,355.0,942132.0,0.05,1.16,1-499 sequences,9.59,Lower middle income,3 - Leverage,Leverage,– Leverage existing NGS capacity,Reliable testing capacity,4+ NGS facilities or equivalent,1-499 sequences,October,1 - Reliable,1 - Reliable,Leverage
99,Mozambique,MOZ,Africa,312.55,15.68,2969.93121100624,0.162817855496137,Reliable testing capacity,,0 - 0 NGS facilities or equivalent,580,580,573.0,151102.0,0.38,1.8,500+ sequences,0.55,Low income,3 - Leverage,Leverage,– Leverage existing NGS capacity,Reliable testing capacity,0 NGS facilities or equivalent,500+ sequences,October,1 - Reliable,0 - Unreliable,Leverage
100,Myanmar,MMR,South-East Asia,544.1,45.82,8442.70170924462,0.106670172937827,Reliable testing capacity,1.0,1 - 1-3 NGS facilities or equivalent,74,75,31.0,487853.0,0.02,0.14,1-499 sequences,18.19,Lower middle income,3 - Leverage,Leverage,– Leverage existing NGS capacity,Reliable testing capacity,1-3 NGS facilities or equivalent,1-499 sequences,October,1 - Reliable,1 - Reliable,Leverage
101,Nepal,NPL,South-East Asia,291.37,65.19,14883.5432611456,0.185978336113534,Reliable testing capacity,1.0,1 - 1-3 NGS facilities or equivalent,271,287,264.0,805037.0,0.03,0.91,1-499 sequences,13.71,Lower middle income,3 - Leverage,Leverage,– Leverage existing NGS capacity,Reliable testing capacity,1-3 NGS facilities or equivalent,1-499 sequences,October,0 - Unreliable,1 - Reliable,Leverage
102,Niger,NER,Africa,242.07,2.52,685.239806667493,0.0373351177988377,Reliable testing capacity,,0 - 0 NGS facilities or equivalent,24,24,23.0,6170.0,0.39,0.1,1-499 sequences,0.31,Low income,2 - Connect,Connect,– Set-up sample referral networks or build NGS capacity from scratch,Reliable testing capacity,0 NGS facilities or equivalent,1-499 sequences,October,1 - Reliable,1 - Reliable,Connect
103,Nigeria,NGA,Africa,2061.4,52.77,2930.23236635296,0.0346908580766677,Reliable testing capacity,2.0,2 - 4+ NGS facilities or equivalent,2734,2769,2623.0,209298.0,1.31,1.29,500+ sequences,0.89,Lower middle income,4 - Strengthen,Strengthen,– Build additional NGS capacity for scale-up,Reliable testing capacity,4+ NGS facilities or equivalent,500+ sequences,October,1 - Reliable,1 - Reliable,Strengthen
104,Pakistan,PAK,Eastern Mediterranean,2208.92,26.12,9161.00220922442,0.0625720964220012,Reliable testing capacity,2.0,2 - 4+ NGS facilities or equivalent,1264,1265,1176.0,1265047.0,0.1,0.56,500+ sequences,3.08,Lower middle income,4 - Strengthen,Strengthen,– Build additional NGS capacity for scale-up,Reliable testing capacity,4+ NGS facilities or equivalent,500+ sequences,October,1 - Reliable,1 - Reliable,Strengthen
105,Papua New Guinea,PNG,Western Pacific,89.47,11.79,2084.10640438136,0.135982624084949,Unreliable testing capacity,,0 - 0 NGS facilities or equivalent,774,1001,774.0,24041.0,3.22,8.49,500+ sequences,23.97,Lower middle income,1 - Test,Test,– Increase diagnostic testing capacity,Unreliable testing capacity,0 NGS facilities or equivalent,500+ sequences,October,0 - Unreliable,1 - Reliable,Test
106,Philippines,PHL,Western Pacific,1095.81,72.12,20278.496272164,0.122932739682807,Reliable testing capacity,1.0,1 - 1-3 NGS facilities or equivalent,7133,7134,7128.0,2720368.0,0.26,6.42,500+ sequences,61.63,Lower middle income,4 - Strengthen,Strengthen,– Build additional NGS capacity for scale-up,Reliable testing capacity,1-3 NGS facilities or equivalent,500+ sequences,October,1 - Reliable,1 - Reliable,Strengthen
107,Republic of the Congo,COG,Africa,55.18,17.51,4384.59586806814,0.0659744897537426,Reliable testing capacity,,0 - 0 NGS facilities or equivalent,261,269,257.0,15514.0,1.68,4.61,1-499 sequences,7.65,Lower middle income,2 - Connect,Connect,– Set-up sample referral networks or build NGS capacity from scratch,Reliable testing capacity,0 NGS facilities or equivalent,1-499 sequences,October,1 - Reliable,1 - Reliable,Connect
108,Rwanda,RWA,Africa,129.52,118.94,23197.0506485485,0.0330216656315465,Reliable testing capacity,,0 - 0 NGS facilities or equivalent,650,650,634.0,99145.0,0.66,4.9,500+ sequences,5.52,Low income,3 - Leverage,Leverage,– Leverage existing NGS capacity,Reliable testing capacity,0 NGS facilities or equivalent,500+ sequences,October,1 - Reliable,1 - Reliable,Leverage
109,Samoa,WSM,Western Pacific,1.98,,0.0,,Unreliable testing capacity,,0 - 0 NGS facilities or equivalent,0,0,0.0,3.0,0.0,0.0,0 sequences,0.0,Upper middle income,1 - Test,Test,– Increase diagnostic testing capacity,Unreliable testing capacity,0 NGS facilities or equivalent,0 sequences,October,0 - Unreliable,,Test
110,Senegal,SEN,Africa,167.44,19.31,4986.83707596751,0.0884734777172585,Reliable testing capacity,1.0,1 - 1-3 NGS facilities or equivalent,620,621,609.0,73866.0,0.84,3.61,500+ sequences,0.19,Lower middle income,4 - Strengthen,Strengthen,– Build additional NGS capacity for scale-up,Reliable testing capacity,1-3 NGS facilities or equivalent,500+ sequences,October,1 - Reliable,1 - Reliable,Strengthen
111,Sierra Leone,SLE,Africa,79.77,10.27,2864.43525134762,0.0279961137175268,Unreliable testing capacity,1.0,1 - 1-3 NGS facilities or equivalent,51,51,51.0,6396.0,0.8,0.63,1-499 sequences,0.0,Low income,1 - Test,Test,– Increase diagnostic testing capacity,Unreliable testing capacity,1-3 NGS facilities or equivalent,1-499 sequences,October,0 - Unreliable,1 - Reliable,Test
112,Solomon Islands,SLB,Western Pacific,,,,,Reliable testing capacity,,0 - 0 NGS facilities or equivalent,6,6,6.0,20.0,30.0,0.85,1-499 sequences,0.0,Lower middle income,2 - Connect,Connect,– Set-up sample referral networks or build NGS capacity from scratch,Reliable testing capacity,0 NGS facilities or equivalent,1-499 sequences,October,1 - Reliable,1 - Reliable,Connect
113,South Sudan,SSD,Africa,111.94,14.4,2428.15794175451,0.0450685778196374,Reliable testing capacity,,0 - 0 NGS facilities or equivalent,88,89,88.0,12184.0,0.72,0.77,1-499 sequences,0.64,Low income,2 - Connect,Connect,– Set-up sample referral networks or build NGS capacity from scratch,Reliable testing capacity,0 NGS facilities or equivalent,1-499 sequences,October,1 - Reliable,1 - Reliable,Connect
114,Sri Lanka,LKA,South-East Asia,214.13,71.64,11136.9028160463,0.223405856810686,Reliable testing capacity,1.0,1 - 1-3 NGS facilities or equivalent,1524,1525,1524.0,531648.0,0.29,7.09,500+ sequences,25.83,Lower middle income,4 - Strengthen,Strengthen,– Build additional NGS capacity for scale-up,Reliable testing capacity,1-3 NGS facilities or equivalent,500+ sequences,October,1 - Reliable,1 - Reliable,Strengthen
115,Sudan,SDN,Eastern Mediterranean,438.49,5.39,671.917261511095,0.135217510835661,Unreliable testing capacity,,0 - 0 NGS facilities or equivalent,111,116,110.0,39550.0,0.28,0.25,1-499 sequences,1.57,Low income,1 - Test,Test,– Increase diagnostic testing capacity,Unreliable testing capacity,0 NGS facilities or equivalent,1-499 sequences,October,0 - Unreliable,1 - Reliable,Test
116,Tanzania,TZA,Africa,597.34,3.74,497.48719322329,0.087606715370715,Reliable testing capacity,,0 - 0 NGS facilities or equivalent,0,0,0.0,26034.0,0.0,0.0,0 sequences,0.13,Lower middle income,2 - Connect,Connect,– Set-up sample referral networks or build NGS capacity from scratch,Reliable testing capacity,0 NGS facilities or equivalent,0 sequences,October,1 - Reliable,1 - Reliable,Connect
117,Togo,TGO,Africa,82.79,23.7,6461.95192656118,0.0484611718085554,Unreliable testing capacity,,0 - 0 NGS facilities or equivalent,343,347,341.0,25899.0,1.32,4.05,1-499 sequences,2.21,Low income,1 - Test,Test,– Increase diagnostic testing capacity,Unreliable testing capacity,0 NGS facilities or equivalent,1-499 sequences,October,0 - Unreliable,1 - Reliable,Test
118,Tunisia,TUN,Eastern Mediterranean,118.19,145.21,25593.2566206955,0.23505397096798,Reliable testing capacity,1.0,1 - 1-3 NGS facilities or equivalent,132,132,118.0,710906.0,0.02,1.11,1-499 sequences,11.18,Lower middle income,3 - Leverage,Leverage,– Leverage existing NGS capacity,Reliable testing capacity,1-3 NGS facilities or equivalent,1-499 sequences,October,1 - Reliable,1 - Reliable,Leverage
119,Uganda,UGA,Africa,457.41,15.87,3838.11241555716,0.071362293381545,Reliable testing capacity,1.0,1 - 1-3 NGS facilities or equivalent,709,712,708.0,125186.0,0.57,1.5,500+ sequences,1.46,Low income,4 - Strengthen,Strengthen,– Build additional NGS capacity for scale-up,Reliable testing capacity,1-3 NGS facilities or equivalent,500+ sequences,October,1 - Reliable,1 - Reliable,Strengthen
120,Ukraine,UKR,Europe,437.34,105.37,31153.7682352403,0.204350100394215,Reliable testing capacity,1.0,1 - 1-3 NGS facilities or equivalent,319,320,318.0,2757328.0,0.01,0.73,1-499 sequences,227.81,Lower middle income,3 - Leverage,Leverage,– Leverage existing NGS capacity,Reliable testing capacity,1-3 NGS facilities or equivalent,1-499 sequences,October,1 - Reliable,1 - Reliable,Leverage
121,Uzbekistan,UZB,Europe,334.69,45.89,4182.97529056739,0.129752857142857,Reliable testing capacity,,0 - 0 NGS facilities or equivalent,90,90,73.0,180958.0,0.05,0.27,1-499 sequences,8.21,Lower middle income,2 - Connect,Connect,– Set-up sample referral networks or build NGS capacity from scratch,Reliable testing capacity,0 NGS facilities or equivalent,1-499 sequences,October,1 - Reliable,1 - Reliable,Connect
122,Vanuatu,VUT,Western Pacific,3.07,,0.0,,Reliable testing capacity,,0 - 0 NGS facilities or equivalent,2,2,1.0,4.0,50.0,0.64,1-499 sequences,0.0,Lower middle income,2 - Connect,Connect,– Set-up sample referral networks or build NGS capacity from scratch,Reliable testing capacity,0 NGS facilities or equivalent,1-499 sequences,October,1 - Reliable,1 - Reliable,Connect
123,Vietnam,VNM,Western Pacific,973.39,13.21,2961.70085988145,0.30186895788601,Reliable testing capacity,1.0,1 - 1-3 NGS facilities or equivalent,695,695,476.0,864053.0,0.08,0.71,500+ sequences,27.74,Lower middle income,4 - Strengthen,Strengthen,– Build additional NGS capacity for scale-up,Reliable testing capacity,1-3 NGS facilities or equivalent,500+ sequences,October,1 - Reliable,1 - Reliable,Strengthen
124,Zambia,ZMB,Africa,183.84,55.74,13858.0124020888,0.0822516531856525,Reliable testing capacity,1.0,1 - 1-3 NGS facilities or equivalent,970,970,969.0,209521.0,0.46,5.13,500+ sequences,0.89,Lower middle income,4 - Strengthen,Strengthen,– Build additional NGS capacity for scale-up,Reliable testing capacity,1-3 NGS facilities or equivalent,500+ sequences,October,1 - Reliable,1 - Reliable,Strengthen
125,Zimbabwe,ZWE,Africa,148.63,77.95,9878.09325169885,0.0901830223930156,Reliable testing capacity,,0 - 0 NGS facilities or equivalent,657,659,572.0,132368.0,0.5,4.35,500+ sequences,4.53,Lower middle income,3 - Leverage,Leverage,– Leverage existing NGS capacity,Reliable testing capacity,0 NGS facilities or equivalent,500+ sequences,October,1 - Reliable,1 - Reliable,Leverage
