"name","code","population_size","date_tests_last_reported","rept_tests_within_last_6_months","days_since_tests_reported","cases_in_last_year_smoothed_truncated","cases_per_100k_last_year","tests_in_last_year_smoothed","tpr_year_smoothed_truncated","avg_daily_tests_per_1000_last_year_smoothed","cases_in_last_year","sequences_in_last_year","pct_cases_sequenced_in_last_year","sequences_per_100k_last_year","dx_testing_capacity","ngs_capacity","sequencing_capacity","sars_cov_2_sequencing","world_bank_economies","archetype","prev_test_rec","dx_testing_rec","old_archetype","cum_seq","cum_cases","cum_cases_per_100k"
"Afghanistan","AFG",38928000,"March 31, 2022",TRUE,1,121310,304.342,577313,0.210128647717962,0.0406308942677454,121236,75,0.06,0.188,"Does not meet testing target",0,"0 NGS facilities or equivalent","Does not meet sequencing target","Low income","Connect/Build","Does not meet testing target","Test - Increase diagnostic testing capacity","Connect/Build",94,177755,NaN
"Albania","ALB",2878000,"March 23, 2022",TRUE,9,149150,5157.48,1226527,0.121603519531164,1.16759831313602,148171,22,0.01,0.766,"Meets testing target",0,"0 NGS facilities or equivalent","Does not meet sequencing target","Upper middle income","Connect/Build","Meets testing target","Sustain - Sustain diagnostic testing capacity","Connect/Build",52,273677,NaN
"Algeria","DZA",43851000,"November 01, 2020",FALSE,516,0,332.537,0,NaN,NaN,148367,89,0.06,0.199,"Insufficient testing data",0,"0 NGS facilities or equivalent","Does not meet sequencing target","Lower middle income","Connect/Build","Insufficient testing data","Insufficient testing data","Connect/Build",120,265671,NaN
"American Samoa","ASM",NaN,"No tests reported",NaN,NaN,NaN,NaN,NaN,NaN,NaN,NaN,NaN,NaN,NaN,"Insufficient testing data",0,"0 NGS facilities or equivalent","Insufficient data","Upper middle income","Insufficient data","Insufficient testing data","Insufficient testing data","Insufficient data",NaN,NaN,NaN
"Andorra","AND",77000,"March 01, 2022",TRUE,31,26262,36159.733,132107,0.198793402317818,5.09102470230067,27971,76,0.27,98.25,"Meets testing target",0,"0 NGS facilities or equivalent","Does not meet sequencing target","High income","Connect/Build","Meets testing target","Sustain - Sustain diagnostic testing capacity","Connect/Build",77,40024,NaN
"Angola","AGO",32866000,"April 01, 2022",TRUE,0,76977,226.236,1066831,0.0721548211478669,0.0889315602000318,76770,517,0.67,1.524,"Does not meet testing target",0,"0 NGS facilities or equivalent","Does not meet sequencing target","Lower middle income","Connect/Build","Does not meet testing target","Test - Increase diagnostic testing capacity","Connect/Build",1173,99169,NaN
"Antigua and Barbuda","ATG",98000,"June 07, 2021",FALSE,298,134,6426.748,2380,0.0563025210084034,0.346938775510204,6345,117,1.84,118.507,"Insufficient testing data",0,"0 NGS facilities or equivalent","Meets sequencing target","High income","Sustain","Insufficient testing data","Insufficient testing data","Sustain",128,7493,NaN
"Argentina","ARG",45196000,"March 31, 2022",TRUE,1,6708085,14635.543,26571500,0.252454133187814,1.61073170495146,6674660,11301,0.17,24.78,"Does not meet testing target",2,"4+ NGS facilities or equivalent","Does not meet sequencing target","Upper middle income","Strengthen/Leverage","Does not meet testing target","Test - Increase diagnostic testing capacity","Strengthen/Leverage",14847,9037911,NaN
"Armenia","ARM",2963000,"April 01, 2022",TRUE,0,231496,7707.99,2127364,0.108818237029488,1.9670585624529,228783,110,0.05,3.706,"Meets testing target",0,"0 NGS facilities or equivalent","Does not meet sequencing target","Upper middle income","Connect/Build","Meets testing target","Sustain - Sustain diagnostic testing capacity","Connect/Build",191,422519,NaN
"Aruba","ABW",NaN,"No tests reported",NaN,NaN,NaN,22821.027,NaN,NaN,NaN,24463,2400,9.81,2238.91,"Insufficient testing data",0,"0 NGS facilities or equivalent","Meets sequencing target","High income","Sustain","Insufficient testing data","Insufficient testing data","Sustain",3020,33966,NaN
"Australia","AUS",25500000,"April 01, 2022",TRUE,0,4512327,17733.537,50787229,0.088847670740217,5.45659188826215,4573163,54842,1.2,212.663,"Meets testing target",2,"4+ NGS facilities or equivalent","Meets sequencing target","High income","Sustain","Meets testing target","Sustain - Sustain diagnostic testing capacity","Sustain",74928,4602496,NaN
"Austria","AUT",9006000,"April 01, 2022",TRUE,0,3232459,36286.961,151849665,0.0212872316840475,46.1943681381362,3281456,74774,2.28,826.865,"Meets testing target",2,"4+ NGS facilities or equivalent","Meets sequencing target","High income","Sustain","Meets testing target","Sustain - Sustain diagnostic testing capacity","Sustain",98267,3831048,NaN
"Azerbaijan","AZE",10139000,"April 01, 2022",TRUE,0,533859,5164.367,3843764,0.138889640467001,1.03864880895282,527971,14,0,0.137,"Meets testing target",1,"1-3 NGS facilities or equivalent","Does not meet sequencing target","Upper middle income","Strengthen/Leverage","Meets testing target","Sustain - Sustain diagnostic testing capacity","Strengthen/Leverage",151,791932,NaN
"Bahrain","BHR",1702000,"April 01, 2022",TRUE,0,410182,23399.312,6058651,0.0677018696076074,9.75266970365243,409089,2110,0.52,120.689,"Meets testing target",2,"4+ NGS facilities or equivalent","Meets sequencing target","High income","Sustain","Meets testing target","Sustain - Sustain diagnostic testing capacity","Sustain",2271,554469,NaN
"Bangladesh","BGD",164689000,"April 01, 2022",TRUE,0,1349787,802.035,9187907,0.146909083864258,0.152847779421853,1333813,2657,0.2,1.598,"Does not meet testing target",2,"4+ NGS facilities or equivalent","Does not meet sequencing target","Lower middle income","Strengthen/Leverage","Does not meet testing target","Test - Increase diagnostic testing capacity","Strengthen/Leverage",4315,1951577,NaN
"Barbados","BRB",287000,"April 01, 2022",TRUE,0,55250,19329.668,469779,0.117608492503922,4.48454966350055,55613,81,0.15,28.154,"Meets testing target",0,"0 NGS facilities or equivalent","Does not meet sequencing target","High income","Connect/Build","Meets testing target","Sustain - Sustain diagnostic testing capacity","Connect/Build",92,59272,NaN
"Belarus","BLR",9449000,"April 01, 2022",TRUE,0,641135,6774.044,7493130,0.0855630424135174,2.17262390598701,639664,194,0.03,2.054,"Meets testing target",1,"1-3 NGS facilities or equivalent","Does not meet sequencing target","Upper middle income","Strengthen/Leverage","Meets testing target","Sustain - Sustain diagnostic testing capacity","Strengthen/Leverage",255,962707,NaN
"Belgium","BEL",11590000,"April 01, 2022",TRUE,0,2938710,25473.203,21762428,0.135035943599676,5.14435637713192,2963128,74172,2.5,637.636,"Meets testing target",2,"4+ NGS facilities or equivalent","Meets sequencing target","High income","Sustain","Meets testing target","Sustain - Sustain diagnostic testing capacity","Sustain",91335,3851048,NaN
"Belize","BLZ",398000,"March 29, 2022",TRUE,3,44834,11069.978,421824,0.106286033985738,2.90372409995181,44824,476,1.06,117.556,"Meets testing target",0,"0 NGS facilities or equivalent","Meets sequencing target","Upper middle income","Sustain","Meets testing target","Sustain - Sustain diagnostic testing capacity","Sustain",587,57280,NaN
"Benin","BEN",12123000,"January 25, 2022",TRUE,66,439,157.73,15641,0.0280672591266543,0.0806370122906871,19639,367,1.87,2.948,"Does not meet testing target",0,"0 NGS facilities or equivalent","Does not meet sequencing target","Lower middle income","Connect/Build","Does not meet testing target","Test - Increase diagnostic testing capacity","Connect/Build",778,27161,NaN
"Bermuda","BMU",62000,"April 01, 2022",TRUE,0,0,18153.707,641994,0,28.369155987627,11272,58,0.51,93.41,"Insufficient testing data",0,"0 NGS facilities or equivalent","Meets sequencing target","High income","Sustain","Insufficient testing data","Insufficient testing data","Sustain",98,12564,NaN
"Bhutan","BTN",772000,"March 01, 2022",TRUE,31,12167,3489.55,1141685,0.0106570551421802,4.38832813148629,27215,0,0,0,"Meets testing target",0,"0 NGS facilities or equivalent","Does not meet sequencing target","Lower middle income","Connect/Build","Meets testing target","Sustain - Sustain diagnostic testing capacity","Connect/Build",0,28101,NaN
"Bolivia","BOL",11673000,"January 02, 2022",TRUE,89,340485,5312.426,2150138,0.158354952100749,0.660206272048323,628616,37,0.01,0.313,"Meets testing target",0,"0 NGS facilities or equivalent","Does not meet sequencing target","Lower middle income","Connect/Build","Meets testing target","Sustain - Sustain diagnostic testing capacity","Connect/Build",175,901943,NaN
"Bolivia","BOL",11673000,"January 02, 2022",TRUE,89,340485,5312.426,2150138,0.158354952100749,0.660206272048323,628616,37,0.01,0.313,"Meets testing target",0,"0 NGS facilities or equivalent","Does not meet sequencing target","Lower middle income","Connect/Build","Meets testing target","Sustain - Sustain diagnostic testing capacity","Connect/Build",175,901943,NaN
"Bosnia and Herzegovina","BIH",3281000,"April 01, 2022",TRUE,0,209401,6254.591,697320,0.300293982676533,0.582281546304376,204116,1244,0.61,38.119,"Does not meet testing target",1,"1-3 NGS facilities or equivalent","Meets sequencing target","Upper middle income","Sustain","Does not meet testing target","Test - Increase diagnostic testing capacity","Sustain",1348,375440,NaN
"Botswana","BWA",2352000,"March 17, 2022",TRUE,15,224527,11039.696,1297423,0.173056127415654,1.56267825827215,264648,2079,0.79,86.725,"Meets testing target",1,"1-3 NGS facilities or equivalent","Meets sequencing target","Upper middle income","Sustain","Meets testing target","Sustain - Sustain diagnostic testing capacity","Sustain",2354,305526,NaN
"Brazil","BRA",212559000,"March 11, 2022",TRUE,21,16673059,7932.779,41161006,0.405069278433088,0.558055005117887,16975627,91446,0.54,42.733,"Does not meet testing target",2,"4+ NGS facilities or equivalent","Meets sequencing target","Upper middle income","Sustain","Does not meet testing target","Test - Increase diagnostic testing capacity","Sustain",108587,29846588,NaN
"British Virgin Islands","VGB",NaN,"No tests reported",NaN,NaN,NaN,19682.477,NaN,NaN,NaN,5988,71,1.19,233.376,"Insufficient testing data",0,"0 NGS facilities or equivalent","Meets sequencing target","High income","Sustain","Insufficient testing data","Insufficient testing data","Sustain",82,6141,NaN
"Brunei","BRN",437000,"December 14, 2021",TRUE,108,15197,30398.023,555991,0.0273331762564502,4.89342545326527,134217,1173,0.87,265.666,"Meets testing target",1,"1-3 NGS facilities or equivalent","Meets sequencing target","High income","Sustain","Meets testing target","Sustain - Sustain diagnostic testing capacity","Sustain",1183,134430,NaN
"Brunei","BRN",437000,"December 14, 2021",TRUE,108,15197,30398.023,555991,0.0273331762564502,4.89342545326527,134217,1173,0.87,265.666,"Meets testing target",1,"1-3 NGS facilities or equivalent","Meets sequencing target","High income","Sustain","Meets testing target","Sustain - Sustain diagnostic testing capacity","Sustain",1183,134430,NaN
"Bulgaria","BGR",6948000,"April 01, 2022",TRUE,0,801765,11492.47,7497813,0.106933181715788,2.95652755104455,792596,8682,1.1,125.887,"Meets testing target",2,"4+ NGS facilities or equivalent","Meets sequencing target","Upper middle income","Sustain","Meets testing target","Sustain - Sustain diagnostic testing capacity","Sustain",10958,1138923,NaN
"Burkina Faso","BFA",20903000,"March 09, 2022",TRUE,23,8050,37.582,155111,0.0518983179787378,0.0215087356575264,8079,70,0.87,0.326,"Does not meet testing target",1,"1-3 NGS facilities or equivalent","Does not meet sequencing target","Low income","Strengthen/Leverage","Does not meet testing target","Test - Increase diagnostic testing capacity","Strengthen/Leverage",611,20853,NaN
"Burundi","BDI",11891000,"March 31, 2022",TRUE,1,35733,291.03,1261369,0.0283287444038977,0.290623621180057,35667,63,0.18,0.514,"Does not meet testing target",0,"0 NGS facilities or equivalent","Does not meet sequencing target","Low income","Connect/Build","Does not meet testing target","Test - Increase diagnostic testing capacity","Connect/Build",63,38509,NaN
"Cambodia","KHM",16719000,"March 31, 2022",TRUE,1,133257,785.699,2236862,0.059573187796118,0.366552368030139,133148,2344,1.76,13.832,"Does not meet testing target",1,"1-3 NGS facilities or equivalent","Meets sequencing target","Lower middle income","Sustain","Does not meet testing target","Test - Increase diagnostic testing capacity","Sustain",2437,135625,NaN
"Cameroon","CMR",26546000,"March 24, 2022",TRUE,8,70512,228.498,1425670,0.0494588509262312,0.149182341763145,62207,427,0.69,1.568,"Does not meet testing target",1,"1-3 NGS facilities or equivalent","Does not meet sequencing target","Lower middle income","Strengthen/Leverage","Does not meet testing target","Test - Increase diagnostic testing capacity","Strengthen/Leverage",645,119544,NaN
"Canada","CAN",37742000,"April 01, 2022",TRUE,0,2493055,6548.531,31911594,0.0781238003968088,2.31649156529951,2492889,215100,8.63,565.043,"Meets testing target",2,"4+ NGS facilities or equivalent","Meets sequencing target","High income","Sustain","Meets testing target","Sustain - Sustain diagnostic testing capacity","Sustain",288196,3489910,NaN
"Cape Verde","CPV",556000,"March 31, 2022",TRUE,1,38717,6827.715,324600,0.119276032039433,1.59948753326106,38365,116,0.3,20.644,"Meets testing target",0,"0 NGS facilities or equivalent","Does not meet sequencing target","Lower middle income","Connect/Build","Meets testing target","Sustain - Sustain diagnostic testing capacity","Connect/Build",163,55952,NaN
"Cayman Islands","CYM",NaN,"No tests reported",NaN,NaN,NaN,30233.992,NaN,NaN,NaN,20105,63,0.31,94.74,"Insufficient testing data",0,"0 NGS facilities or equivalent","Does not meet sequencing target","High income","Connect/Build","Insufficient testing data","Insufficient testing data","Connect/Build",97,20606,NaN
"Central African Republic","CAF",4830000,"March 24, 2022",TRUE,8,9524,191.606,48238,0.197437704714126,0.0273620919481551,9427,37,0.39,0.752,"Does not meet testing target",0,"0 NGS facilities or equivalent","Does not meet sequencing target","Low income","Connect/Build","Does not meet testing target","Test - Increase diagnostic testing capacity","Connect/Build",97,14649,NaN
"Chad","TCD",16426000,"March 31, 2022",TRUE,1,2779,16.305,100132,0.0277533655574641,0.016701220417347,2758,22,0.8,0.13,"Does not meet testing target",0,"0 NGS facilities or equivalent","Does not meet sequencing target","Low income","Connect/Build","Does not meet testing target","Test - Increase diagnostic testing capacity","Connect/Build",22,7310,NaN
"Chile","CHL",19116000,"April 01, 2022",TRUE,0,2476649,12843.449,24273920,0.10202921489401,3.4789647630759,2467530,18246,0.74,94.97,"Meets testing target",2,"4+ NGS facilities or equivalent","Meets sequencing target","High income","Sustain","Meets testing target","Sustain - Sustain diagnostic testing capacity","Sustain",20195,3470936,NaN
"China","CHN",1439324000,"June 24, 2020",FALSE,646,0,8.956,0,NaN,NaN,129337,349,0.27,0.024,"Insufficient testing data",2,"4+ NGS facilities or equivalent","Does not meet sequencing target","Upper middle income","Strengthen/Leverage","Insufficient testing data","Insufficient testing data","Strengthen/Leverage",1560,227473,NaN
"Colombia","COL",50883000,"March 31, 2022",TRUE,1,3693216,7153.087,21252256,0.173779950702645,1.14429886021087,3667090,11911,0.32,23.234,"Meets testing target",2,"4+ NGS facilities or equivalent","Does not meet sequencing target","Upper middle income","Strengthen/Leverage","Meets testing target","Sustain - Sustain diagnostic testing capacity","Strengthen/Leverage",12951,6084916,NaN
"Comoros","COM",870000,"November 27, 2020",FALSE,490,0,493.215,0,NaN,NaN,4382,14,0.32,1.576,"Insufficient testing data",0,"0 NGS facilities or equivalent","Does not meet sequencing target","Lower middle income","Connect/Build","Insufficient testing data","Insufficient testing data","Connect/Build",20,8086,NaN
"Costa Rica","CRI",5094000,"March 30, 2022",TRUE,2,620524,12098.98,3239015,0.191577995162109,1.7420521591343,621773,2219,0.36,43.179,"Meets testing target",1,"1-3 NGS facilities or equivalent","Does not meet sequencing target","Upper middle income","Strengthen/Leverage","Meets testing target","Sustain - Sustain diagnostic testing capacity","Strengthen/Leverage",2830,838537,NaN
"Croatia","HRV",4105000,"March 31, 2022",TRUE,1,827749,20215.368,3139779,0.263632886263651,2.09552600403784,825122,21273,2.58,521.185,"Does not meet testing target",1,"1-3 NGS facilities or equivalent","Meets sequencing target","High income","Sustain","Does not meet testing target","Test - Increase diagnostic testing capacity","Sustain",24068,1099176,NaN
"Cuba","CUB",11327000,"April 01, 2022",TRUE,0,1015332,8959.657,10453952,0.0971242263212994,2.5285569333064,1014009,713,0.07,6.3,"Meets testing target",0,"0 NGS facilities or equivalent","Does not meet sequencing target","Upper middle income","Connect/Build","Meets testing target","Sustain - Sustain diagnostic testing capacity","Connect/Build",1159,1090285,NaN
"Cura√ßao","CUW",NaN,"No tests reported",NaN,NaN,NaN,19121.823,NaN,NaN,NaN,31512,1008,3.2,611.665,"Insufficient testing data",0,"0 NGS facilities or equivalent","Meets sequencing target","High income","Sustain","Insufficient testing data","Insufficient testing data","Sustain",1277,40346,NaN
"Cyprus","CYP",1207000,"July 11, 2021",FALSE,264,39475,42844.962,5484381,0.00719771292329982,43.6904993308266,383893,1,0,0.112,"Insufficient testing data",1,"1-3 NGS facilities or equivalent","Does not meet sequencing target","High income","Strengthen/Leverage","Insufficient testing data","Insufficient testing data","Strengthen/Leverage",728,430726,NaN
"Czech Republic","CZE",10709000,"April 01, 2022",TRUE,0,2289282,21292.393,42478894,0.0538922223351672,10.8675442624754,2283514,24859,1.09,231.795,"Meets testing target",1,"1-3 NGS facilities or equivalent","Meets sequencing target","High income","Sustain","Meets testing target","Sustain - Sustain diagnostic testing capacity","Sustain",28196,3825345,NaN
"Democratic Republic of the Congo","COD",89561000,"April 01, 2022",TRUE,0,58676,63.38,840855,0.0697813535032794,0.0257222711757028,58549,232,0.4,0.251,"Does not meet testing target",1,"1-3 NGS facilities or equivalent","Does not meet sequencing target","Low income","Strengthen/Leverage","Does not meet testing target","Test - Increase diagnostic testing capacity","Strengthen/Leverage",812,86748,NaN
"Denmark","DNK",5792000,"March 30, 2022",TRUE,2,2867565,48638.588,101942328,0.028129286982734,48.2206576856127,2827508,367003,12.98,6313.159,"Meets testing target",2,"4+ NGS facilities or equivalent","Meets sequencing target","High income","Sustain","Meets testing target","Sustain - Sustain diagnostic testing capacity","Sustain",443484,3060774,NaN
"Djibouti","DJI",988000,"April 01, 2022",TRUE,0,7949,739.076,168329,0.0472229978197459,0.46677666241473,7407,449,6.06,44.802,"Does not meet testing target",0,"0 NGS facilities or equivalent","Meets sequencing target","Lower middle income","Sustain","Does not meet testing target","Test - Increase diagnostic testing capacity","Sustain",687,15587,NaN
"Dominica","DMA",72000,"December 28, 2021",TRUE,94,6506,16251.455,110909,0.058660703820249,5.62190794809408,11729,11,0.09,15.241,"Meets testing target",0,"0 NGS facilities or equivalent","Does not meet sequencing target","Upper middle income","Connect/Build","Meets testing target","Sustain - Sustain diagnostic testing capacity","Connect/Build",20,11893,NaN
"Dominican Republic","DOM",10848000,"September 23, 2021",FALSE,190,104122,2965.423,733518,0.141948800165776,0.379875335587153,324824,904,0.28,8.253,"Insufficient testing data",1,"1-3 NGS facilities or equivalent","Does not meet sequencing target","Upper middle income","Strengthen/Leverage","Does not meet testing target","Insufficient testing data","Strengthen/Leverage",1149,578020,NaN
"East Timor","TLS",NaN,"No tests reported",NaN,NaN,NaN,1651.344,NaN,NaN,NaN,22192,272,1.23,20.24,"Insufficient testing data",0,"0 NGS facilities or equivalent","Meets sequencing target","Lower middle income","Sustain","Insufficient testing data","Insufficient testing data","Sustain",356,22835,NaN
"Ecuador","ECU",17643000,"February 01, 2022",TRUE,59,416076,2962.293,1334197,0.311854995926389,0.244731034632032,529909,3993,0.75,22.322,"Does not meet testing target",1,"1-3 NGS facilities or equivalent","Meets sequencing target","Upper middle income","Sustain","Does not meet testing target","Test - Increase diagnostic testing capacity","Sustain",4288,871363,NaN
"Egypt","EGY",102334000,"March 31, 2022",TRUE,1,303266,290.069,3572680,0.0848847363883695,0.0956491917013079,302421,797,0.26,0.764,"Does not meet testing target",1,"1-3 NGS facilities or equivalent","Does not meet sequencing target","Lower middle income","Strengthen/Leverage","Does not meet testing target","Test - Increase diagnostic testing capacity","Strengthen/Leverage",1851,505264,NaN
"El Salvador","SLV",6486000,"March 18, 2022",TRUE,14,95163,1475.447,1003820,0.0948008607120799,0.437195454442511,96177,454,0.47,6.965,"Does not meet testing target",1,"1-3 NGS facilities or equivalent","Does not meet sequencing target","Lower middle income","Strengthen/Leverage","Does not meet testing target","Test - Increase diagnostic testing capacity","Strengthen/Leverage",460,161144,NaN
"Equatorial Guinea","GNQ",1403000,"March 31, 2022",TRUE,1,9094,620.185,191095,0.0475888955754991,0.373163182612601,8992,21,0.23,1.448,"Does not meet testing target",0,"0 NGS facilities or equivalent","Does not meet sequencing target","Upper middle income","Connect/Build","Does not meet testing target","Test - Increase diagnostic testing capacity","Connect/Build",212,16000,NaN
"Eritrea","ERI",3546000,"December 21, 2020",FALSE,466,0,178.261,0,NaN,NaN,6420,0,0,0,"Insufficient testing data",0,"0 NGS facilities or equivalent","Does not meet sequencing target","Low income","Connect/Build","Insufficient testing data","Insufficient testing data","Connect/Build",0,9728,NaN
"Estonia","EST",1327000,"April 01, 2022",TRUE,0,449469,33885.834,2102674,0.213760668558226,4.34118363596949,449051,6232,1.39,470.273,"Does not meet testing target",1,"1-3 NGS facilities or equivalent","Meets sequencing target","High income","Sustain","Meets testing target","Test - Increase diagnostic testing capacity","Sustain",9267,556304,NaN
"Eswatini","SWZ",1160000,"April 01, 2022",TRUE,0,52395,4471.886,341609,0.153377106575061,0.806823334907888,52427,218,0.42,18.595,"Meets testing target",0,"0 NGS facilities or equivalent","Does not meet sequencing target","Lower middle income","Connect/Build","Meets testing target","Sustain - Sustain diagnostic testing capacity","Sustain",262,69771,NaN
"Ethiopia","ETH",114964000,"April 01, 2022",TRUE,0,267038,221.246,2309949,0.115603418084122,0.0550487752449486,260797,489,0.19,0.415,"Does not meet testing target",0,"0 NGS facilities or equivalent","Does not meet sequencing target","Low income","Connect/Build","Does not meet testing target","Test - Increase diagnostic testing capacity","Connect/Build",539,469758,NaN
"Faroe Islands","FRO",49000,"February 27, 2022",TRUE,33,0,69306.668,536822,0,32.7031373743527,33997,1,0,2.039,"Insufficient testing data",0,"0 NGS facilities or equivalent","Does not meet sequencing target","High income","Connect/Build","Insufficient testing data","Insufficient testing data","Connect/Build",42,34658,NaN
"Fiji","FJI",896000,"April 01, 2022",TRUE,0,64333,7125.603,467811,0.137519211818448,1.43043970156556,64337,515,0.8,57.038,"Meets testing target",0,"0 NGS facilities or equivalent","Meets sequencing target","Upper middle income","Sustain","Meets testing target","Sustain - Sustain diagnostic testing capacity","Sustain",531,64404,NaN
"Finland","FIN",5541000,"April 01, 2022",TRUE,0,788894,14510.285,6465187,0.122021837883421,3.19668671645739,805083,15771,1.96,284.246,"Meets testing target",2,"4+ NGS facilities or equivalent","Meets sequencing target","High income","Sustain","Meets testing target","Sustain - Sustain diagnostic testing capacity","Sustain",25480,883676,NaN
"France","FRA",65274000,"April 01, 2022",TRUE,0,21217717,31562.917,193207062,0.109818537585339,8.10942207369483,21280350,205231,0.96,304.398,"Meets testing target",2,"4+ NGS facilities or equivalent","Meets sequencing target","High income","Sustain","Meets testing target","Sustain - Sustain diagnostic testing capacity","Sustain",251944,26091936,NaN
"French Polynesia","PYF",281000,"September 07, 2020",FALSE,571,0,18960.904,0,NaN,NaN,53571,67,0.13,23.714,"Insufficient testing data",0,"0 NGS facilities or equivalent","Does not meet sequencing target","High income","Connect/Build","Insufficient testing data","Insufficient testing data","Connect/Build",94,72204,NaN
"Gabon","GAB",2226000,"March 31, 2022",TRUE,1,28535,1230.193,962237,0.0296548563399661,1.18430626838484,28034,162,0.58,7.109,"Meets testing target",1,"1-3 NGS facilities or equivalent","Does not meet sequencing target","Upper middle income","Strengthen/Leverage","Meets testing target","Sustain - Sustain diagnostic testing capacity","Sustain",462,47584,NaN
"Georgia","GEO",3989000,"June 16, 2021",FALSE,289,75333,34323.666,865313,0.0870586712553723,2.74588345799049,1366004,1281,0.09,32.188,"Insufficient testing data",1,"1-3 NGS facilities or equivalent","Does not meet sequencing target","Upper middle income","Strengthen/Leverage","Insufficient testing data","Insufficient testing data","Strengthen/Leverage",1367,1648264,NaN
"Germany","DEU",83784000,"March 29, 2022",TRUE,3,17942216,22123.325,70339251,0.25508113528249,2.30008446376789,18561574,442872,2.39,527.854,"Does not meet testing target",2,"4+ NGS facilities or equivalent","Meets sequencing target","High income","Sustain","Meets testing target","Test - Increase diagnostic testing capacity","Sustain",513398,21394747,NaN
"Ghana","GHA",31073000,"March 31, 2022",TRUE,1,70567,221.819,1429658,0.0493593572728583,0.126053848449674,70388,1899,2.7,5.984,"Does not meet testing target",1,"1-3 NGS facilities or equivalent","Does not meet sequencing target","Lower middle income","Strengthen/Leverage","Does not meet testing target","Test - Increase diagnostic testing capacity","Strengthen/Leverage",2736,160971,NaN
"Gibraltar","GIB",NaN,"No tests reported",NaN,NaN,NaN,37597.578,NaN,NaN,NaN,12667,2009,15.86,5963.017,"Insufficient testing data",0,"0 NGS facilities or equivalent","Meets sequencing target","High income","Sustain","Insufficient testing data","Insufficient testing data","Sustain",2800,16943,NaN
"Greece","GRC",10423000,"April 01, 2022",TRUE,0,2725777,26644.725,67043743,0.0406566948387712,17.6227082098468,2763257,10375,0.38,100.041,"Meets testing target",2,"4+ NGS facilities or equivalent","Does not meet sequencing target","High income","Strengthen/Leverage","Meets testing target","Sustain - Sustain diagnostic testing capacity","Sustain",14466,3030429,NaN
"Greenland","GRL",57000,"August 25, 2021",FALSE,219,0,20995.991,35560,0,4.18697751089132,11940,0,0,0,"Insufficient testing data",0,"0 NGS facilities or equivalent","Does not meet sequencing target","High income","Connect/Build","Insufficient testing data","Insufficient testing data","Connect/Build",0,11972,NaN
"Grenada","GRD",113000,"January 23, 2022",TRUE,68,11187,12276.247,96653,0.115743950006725,2.8511209439528,13874,7,0.05,6.194,"Meets testing target",0,"0 NGS facilities or equivalent","Does not meet sequencing target","Upper middle income","Connect/Build","Meets testing target","Sustain - Sustain diagnostic testing capacity","Connect/Build",13,14029,NaN
"Guam","GUM",NaN,"No tests reported",NaN,NaN,NaN,0,NaN,NaN,NaN,0,511,NaN,300.263,"Insufficient testing data",0,"0 NGS facilities or equivalent","Insufficient data","High income","Insufficient data","Insufficient testing data","Insufficient testing data","Insufficient data",586,0,NaN
"Guatemala","GTM",17916000,"April 01, 2022",TRUE,0,633026,3474.644,3171412,0.19960383576779,0.484974324626033,634118,1353,0.21,7.414,"Does not meet testing target",1,"1-3 NGS facilities or equivalent","Does not meet sequencing target","Upper middle income","Strengthen/Leverage","Does not meet testing target","Test - Increase diagnostic testing capacity","Strengthen/Leverage",1770,828874,NaN
"Guinea","GIN",13133000,"March 24, 2022",TRUE,8,16733,121.329,267229,0.0626167070190735,0.0565219506417253,16376,212,1.29,1.571,"Does not meet testing target",0,"0 NGS facilities or equivalent","Does not meet sequencing target","Low income","Connect/Build","Does not meet testing target","Test - Increase diagnostic testing capacity","Connect/Build",439,36459,NaN
"Guinea-Bissau","GNB",1968000,"March 31, 2022",TRUE,1,4500,222.675,70760,0.0635952515545506,0.0985076289119056,4488,0,0,0,"Does not meet testing target",0,"0 NGS facilities or equivalent","Does not meet sequencing target","Low income","Connect/Build","Does not meet testing target","Test - Increase diagnostic testing capacity","Connect/Build",48,8149,NaN
"Guyana","GUY",787000,"December 28, 2021",TRUE,94,29068,6690.631,327806,0.0886743988822657,1.52016805943294,52878,50,0.09,6.326,"Meets testing target",0,"0 NGS facilities or equivalent","Does not meet sequencing target","Upper middle income","Connect/Build","Meets testing target","Sustain - Sustain diagnostic testing capacity","Connect/Build",61,63268,NaN
"Guyana","GUY",787000,"December 28, 2021",TRUE,94,29068,6690.631,327806,0.0886743988822657,1.52016805943294,52878,50,0.09,6.326,"Meets testing target",0,"0 NGS facilities or equivalent","Does not meet sequencing target","Upper middle income","Connect/Build","Meets testing target","Sustain - Sustain diagnostic testing capacity","Connect/Build",61,63268,NaN
"Haiti","HTI",NaN,"No tests reported",NaN,NaN,NaN,154.094,NaN,NaN,NaN,17785,77,0.43,0.667,"Insufficient testing data",0,"0 NGS facilities or equivalent","Does not meet sequencing target","Low income","Connect/Build","Insufficient testing data","Insufficient testing data","Connect/Build",108,30547,NaN
"Honduras","HND",9905000,"December 22, 2021",TRUE,100,190730,2298.878,604154,0.315697653247351,0.227592727930263,231336,89,0.04,0.884,"Does not meet testing target",0,"0 NGS facilities or equivalent","Does not meet sequencing target","Lower middle income","Connect/Build","Does not meet testing target","Test - Increase diagnostic testing capacity","Connect/Build",119,421082,NaN
"Hong Kong SAR, China","HKG",7497000,"March 29, 2022",TRUE,3,0,15172.638,33296512,0,12.1679765970315,1145959,1950,0.17,25.818,"Insufficient testing data",2,"4+ NGS facilities or equivalent","Does not meet sequencing target","High income","Strengthen/Leverage","Insufficient testing data","Insufficient testing data","Sustain",6299,1157439,NaN
"Hungary","HUN",9660000,"April 01, 2022",TRUE,0,1207234,12353.436,6546898,0.18439786292684,1.85680195127485,1190150,38,0,0.394,"Meets testing target",2,"4+ NGS facilities or equivalent","Does not meet sequencing target","High income","Strengthen/Leverage","Meets testing target","Sustain - Sustain diagnostic testing capacity","Strengthen/Leverage",473,1851871,NaN
"Iceland","ISL",341000,"April 01, 2022",TRUE,0,173896,47502.657,1407142,0.123580988983344,11.3055236411843,175186,4228,2.41,1146.446,"Meets testing target",1,"1-3 NGS facilities or equivalent","Meets sequencing target","High income","Sustain","Meets testing target","Sustain - Sustain diagnostic testing capacity","Sustain",9832,181392,NaN
"India","IND",1380004000,"April 01, 2022",TRUE,0,30924641,2204.855,546242278,0.0566134154119795,1.08445641193893,30722644,103820,0.34,7.451,"Meets testing target",2,"4+ NGS facilities or equivalent","Does not meet sequencing target","Lower middle income","Strengthen/Leverage","Meets testing target","Sustain - Sustain diagnostic testing capacity","Strengthen/Leverage",131282,43025775,NaN
"Indonesia","IDN",273524000,"April 01, 2022",TRUE,0,4502294,1626.478,83240401,0.0540878461169355,0.833769223726931,4494964,13524,0.3,4.894,"Meets testing target",2,"4+ NGS facilities or equivalent","Does not meet sequencing target","Upper middle income","Strengthen/Leverage","Meets testing target","Sustain - Sustain diagnostic testing capacity","Strengthen/Leverage",16229,6012818,NaN
"Iran","IRN",83993000,"April 01, 2022",TRUE,0,5290362,6191.912,36584349,0.144607247213829,1.19332674330819,5264906,451,0.01,0.53,"Meets testing target",2,"4+ NGS facilities or equivalent","Does not meet sequencing target","Upper middle income","Strengthen/Leverage","Meets testing target","Sustain - Sustain diagnostic testing capacity","Strengthen/Leverage",1072,7162220,NaN
"Iraq","IRQ",40223000,"April 01, 2022",TRUE,0,1479940,3551.807,10363420,0.142804209421214,0.705887962281514,1462611,118,0.01,0.287,"Meets testing target",1,"1-3 NGS facilities or equivalent","Does not meet sequencing target","Upper middle income","Strengthen/Leverage","Meets testing target","Sustain - Sustain diagnostic testing capacity","Strengthen/Leverage",368,2319550,NaN
"Ireland","IRL",4938000,"April 01, 2022",TRUE,0,1227052,24709.748,7816365,0.156984992384568,4.3367149919273,1231263,46125,3.75,925.665,"Meets testing target",2,"4+ NGS facilities or equivalent","Meets sequencing target","High income","Sustain","Insufficient testing data","Sustain - Sustain diagnostic testing capacity","Sustain",56393,1467863,NaN
"Isle of Man","IMN",NaN,"No tests reported",NaN,NaN,NaN,31633.298,NaN,NaN,NaN,27018,0,0,0,"Insufficient testing data",0,"0 NGS facilities or equivalent","Does not meet sequencing target","High income","Connect/Build","Insufficient testing data","Insufficient testing data","Connect/Build",0,28588,NaN
"Israel","ISR",8656000,"January 23, 2022",TRUE,68,1487709,33214.627,32635619,0.0455854384131645,12.5676290049291,3085971,34823,1.13,374.804,"Meets testing target",2,"4+ NGS facilities or equivalent","Meets sequencing target","High income","Sustain","Meets testing target","Sustain - Sustain diagnostic testing capacity","Sustain",45183,3919455,NaN
"Italy","ITA",60462000,"April 01, 2022",TRUE,0,10951481,18280.161,150601143,0.072718445437031,6.82421804162741,11035271,80135,0.73,132.745,"Meets testing target",2,"4+ NGS facilities or equivalent","Meets sequencing target","High income","Sustain","Meets testing target","Sustain - Sustain diagnostic testing capacity","Sustain",106551,14642502,NaN
"Ivory Coast","CIV",26378000,"April 01, 2022",TRUE,0,38395,139.915,958959,0.0400382080985736,0.0996013697591497,37852,127,0.34,0.469,"Does not meet testing target",0,"0 NGS facilities or equivalent","Does not meet sequencing target","Lower middle income","Connect/Build","Does not meet testing target","Test - Increase diagnostic testing capacity","Connect/Build",604,81775,NaN
"Ivory Coast","CIV",26378000,"April 01, 2022",TRUE,0,38395,139.915,958959,0.0400382080985736,0.0996013697591497,37852,127,0.34,0.469,"Does not meet testing target",0,"0 NGS facilities or equivalent","Does not meet sequencing target","Lower middle income","Connect/Build","Does not meet testing target","Test - Increase diagnostic testing capacity","Connect/Build",604,81775,NaN
"Jamaica","JAM",2961000,"December 26, 2021",TRUE,96,54123,3000.341,419358,0.129061565535891,0.520688062459026,89214,620,0.69,20.851,"Meets testing target",0,"0 NGS facilities or equivalent","Meets sequencing target","Upper middle income","Sustain","Meets testing target","Sustain - Sustain diagnostic testing capacity","Sustain",775,128757,NaN
"Japan","JPN",126476000,"April 01, 2022",TRUE,0,5990604,4821.782,31098900,0.192630736135362,0.673665088660494,6077894,190322,3.13,150.988,"Meets testing target",2,"4+ NGS facilities or equivalent","Meets sequencing target","High income","Sustain","Meets testing target","Sustain - Sustain diagnostic testing capacity","Sustain",231481,6555583,NaN
"Jordan","JOR",10203000,"December 27, 2021",TRUE,95,458106,10462.788,7575107,0.0604751853670186,2.71955745257715,1074426,655,0.06,6.378,"Meets testing target",2,"4+ NGS facilities or equivalent","Does not meet sequencing target","Upper middle income","Strengthen/Leverage","Meets testing target","Sustain - Sustain diagnostic testing capacity","Strengthen/Leverage",1351,1692595,NaN
"Kazakhstan","KAZ",18777000,"May 28, 2021",FALSE,308,144097,6072.933,2990186,0.0481899788173712,2.65412117661678,1153551,410,0.04,2.158,"Insufficient testing data",1,"1-3 NGS facilities or equivalent","Does not meet sequencing target","Upper middle income","Strengthen/Leverage","Insufficient testing data","Insufficient testing data","Strengthen/Leverage",650,1453177,NaN
"Kenya","KEN",53771000,"April 01, 2022",TRUE,0,191886,342.6,2037145,0.0941935895579352,0.103796082983061,188381,4626,2.46,8.413,"Does not meet testing target",1,"1-3 NGS facilities or equivalent","Does not meet sequencing target","Lower middle income","Strengthen/Leverage","Does not meet testing target","Test - Increase diagnostic testing capacity","Strengthen/Leverage",7560,323423,NaN
"Kiribati","KIR",NaN,"No tests reported",NaN,NaN,NaN,NaN,NaN,NaN,NaN,3070,0,0,NaN,"Insufficient testing data",0,"0 NGS facilities or equivalent","Does not meet sequencing target","Lower middle income","Connect/Build","Insufficient testing data","Insufficient testing data","Connect/Build",0,3070,NaN
"Kosovo","XKX",NaN,"No tests reported",NaN,NaN,NaN,NaN,NaN,NaN,NaN,NaN,NaN,NaN,NaN,"Insufficient testing data",0,"0 NGS facilities or equivalent","Insufficient data","Upper middle income","Insufficient data","Insufficient testing data","Insufficient testing data","Insufficient data",NaN,NaN,NaN
"Kuwait","KWT",4271000,"March 10, 2022",TRUE,22,395163,9136.009,5725514,0.0690179082611622,3.87443884891113,395457,353,0.09,8.155,"Meets testing target",1,"1-3 NGS facilities or equivalent","Does not meet sequencing target","High income","Strengthen/Leverage","Meets testing target","Sustain - Sustain diagnostic testing capacity","Strengthen/Leverage",466,628978,NaN
"Kyrgyzstan","KGZ",6524000,"June 23, 2021",FALSE,282,29141,1695.702,1929668,0.0151015615121358,3.43930104230533,112397,26,0.02,0.392,"Insufficient testing data",0,"0 NGS facilities or equivalent","Does not meet sequencing target","Lower middle income","Connect/Build","Insufficient testing data","Insufficient testing data","Connect/Build",40,200935,NaN
"Laos","LAO",NaN,"No tests reported",NaN,NaN,NaN,2396.536,NaN,NaN,NaN,176849,16,0.01,0.217,"Insufficient testing data",0,"0 NGS facilities or equivalent","Does not meet sequencing target","Lower middle income","Connect/Build","Insufficient testing data","Insufficient testing data","Connect/Build",18,176898,NaN
"Latvia","LVA",1886000,"April 01, 2022",TRUE,0,693195,37274.697,5174535,0.133962761871357,7.51686543964904,695894,9088,1.31,486.787,"Meets testing target",1,"1-3 NGS facilities or equivalent","Meets sequencing target","High income","Sustain","Meets testing target","Sustain - Sustain diagnostic testing capacity","Sustain",12682,798895,NaN
"Lebanon","LBN",6825000,"June 23, 2021",FALSE,282,80656,9162.08,1202778,0.0670580938460797,2.04920010222336,620195,534,0.09,7.889,"Insufficient testing data",2,"4+ NGS facilities or equivalent","Does not meet sequencing target","Upper middle income","Strengthen/Leverage","Insufficient testing data","Insufficient testing data","Strengthen/Leverage",1337,1092157,NaN
"Lesotho","LSO",2142000,"April 01, 2022",TRUE,0,22192,1028.407,362036,0.0612977714923378,0.46306230254659,22204,5,0.02,0.232,"Does not meet testing target",0,"0 NGS facilities or equivalent","Does not meet sequencing target","Lower middle income","Connect/Build","Does not meet testing target","Test - Increase diagnostic testing capacity","Connect/Build",23,32910,NaN
"Liberia","LBR",5058000,"September 26, 2021",FALSE,187,3865,105.594,55912,0.0691264844756045,0.0610727713222749,5470,73,1.33,1.409,"Insufficient testing data",0,"0 NGS facilities or equivalent","Does not meet sequencing target","Low income","Connect/Build","Does not meet testing target","Insufficient testing data","Connect/Build",77,7526,NaN
"Libya","LBY",6871000,"March 31, 2022",TRUE,1,343909,4910.874,1711281,0.200965826185179,0.682352073335819,341725,9,0,0.129,"Does not meet testing target",0,"0 NGS facilities or equivalent","Does not meet sequencing target","Upper middle income","Connect/Build","Does not meet testing target","Test - Increase diagnostic testing capacity","Connect/Build",35,501705,NaN
"Libya","LBY",6871000,"March 31, 2022",TRUE,1,343909,4910.874,1711281,0.200965826185179,0.682352073335819,341725,9,0,0.129,"Does not meet testing target",0,"0 NGS facilities or equivalent","Does not meet sequencing target","Upper middle income","Connect/Build","Does not meet testing target","Test - Increase diagnostic testing capacity","Connect/Build",35,501705,NaN
"Liechtenstein","LIE",NaN,"No tests reported",NaN,NaN,NaN,35609.348,NaN,NaN,NaN,13622,951,6.98,2486.015,"Insufficient testing data",0,"0 NGS facilities or equivalent","Meets sequencing target","High income","Sustain","Insufficient testing data","Insufficient testing data","Sustain",987,16382,NaN
"Lithuania","LTU",2722000,"April 01, 2022",TRUE,0,804909,30032.544,6092012,0.13212531426399,6.13168399545057,807834,24866,3.08,924.434,"Meets testing target",1,"1-3 NGS facilities or equivalent","Meets sequencing target","High income","Sustain","Meets testing target","Sustain - Sustain diagnostic testing capacity","Sustain",30867,1024839,NaN
"Luxembourg","LUX",626000,"April 01, 2022",TRUE,0,151408,24251.198,1768347,0.0856212044355548,7.7392752418049,153950,14140,9.18,2227.424,"Meets testing target",2,"4+ NGS facilities or equivalent","Meets sequencing target","High income","Sustain","Meets testing target","Sustain - Sustain diagnostic testing capacity","Sustain",21192,217179,NaN
"Macao SAR, China","MAC",NaN,"No tests reported",NaN,NaN,NaN,5.164,NaN,NaN,NaN,34,0,0,0,"Insufficient testing data",0,"0 NGS facilities or equivalent","Does not meet sequencing target","High income","Connect/Build","Insufficient testing data","Insufficient testing data","Connect/Build",0,81,NaN
"Madagascar","MDG",27691000,"March 12, 2022",TRUE,20,39900,138.293,264994,0.1505694468554,0.0274990795382707,39313,199,0.51,0.7,"Does not meet testing target",1,"1-3 NGS facilities or equivalent","Does not meet sequencing target","Low income","Strengthen/Leverage","Does not meet testing target","Test - Increase diagnostic testing capacity","Strengthen/Leverage",789,64016,NaN
"Malawi","MWI",19130000,"April 01, 2022",TRUE,0,52129,264.947,343840,0.151608306188925,0.0492434603899777,52056,596,1.14,3.033,"Does not meet testing target",0,"0 NGS facilities or equivalent","Does not meet sequencing target","Low income","Connect/Build","Does not meet testing target","Test - Increase diagnostic testing capacity","Connect/Build",1049,85640,NaN
"Malaysia","MYS",32366000,"June 16, 2021",FALSE,289,330686,11762.32,5929374,0.0557708115561609,2.31895714912586,3855241,8476,0.22,25.86,"Insufficient testing data",1,"1-3 NGS facilities or equivalent","Does not meet sequencing target","Upper middle income","Strengthen/Leverage","Insufficient testing data","Insufficient testing data","Strengthen/Leverage",9690,4201919,NaN
"Maldives","MDV",541000,"November 09, 2021",TRUE,143,65367,28074.942,1029138,0.063516263125062,8.45461491065927,152621,937,0.61,172.363,"Meets testing target",0,"0 NGS facilities or equivalent","Meets sequencing target","Upper middle income","Sustain","Meets testing target","Sustain - Sustain diagnostic testing capacity","Sustain",975,177000,NaN
"Mali","MLI",20251000,"April 01, 2022",TRUE,0,20538,97.263,424690,0.048359980220867,0.0574556439966097,20285,33,0.16,0.158,"Does not meet testing target",1,"1-3 NGS facilities or equivalent","Does not meet sequencing target","Low income","Strengthen/Leverage","Does not meet testing target","Test - Increase diagnostic testing capacity","Strengthen/Leverage",73,30484,NaN
"Malta","MLT",442000,"September 06, 2021",FALSE,207,7591,9776.012,406626,0.0186682602686498,5.71408898007363,50454,840,1.66,162.759,"Insufficient testing data",0,"0 NGS facilities or equivalent","Meets sequencing target","High income","Sustain","Meets testing target","Insufficient testing data","Sustain",893,79581,NaN
"Marshall Islands","MHL",NaN,"No tests reported",NaN,NaN,NaN,5.032,NaN,NaN,NaN,3,0,0,0,"Insufficient testing data",0,"0 NGS facilities or equivalent","Does not meet sequencing target","Upper middle income","Connect/Build","Insufficient testing data","Insufficient testing data","Connect/Build",0,8,NaN
"Mauritania","MRT",4650000,"March 31, 2022",TRUE,1,40855,854.242,671611,0.0608313443347414,0.395705405803506,40791,20,0.05,0.419,"Does not meet testing target",0,"0 NGS facilities or equivalent","Does not meet sequencing target","Lower middle income","Connect/Build","Does not meet testing target","Test - Increase diagnostic testing capacity","Connect/Build",26,58669,NaN
"Mauritius","MUS",1272000,"September 01, 2021",FALSE,212,9954,16447.809,4840,NaN,0.0243912272214159,209451,770,0.37,60.467,"Insufficient testing data",0,"0 NGS facilities or equivalent","Does not meet sequencing target","High income","Connect/Build","Insufficient testing data","Insufficient testing data","Sustain",910,210485,NaN
"Mexico","MEX",128933000,"April 01, 2022",TRUE,0,3423496,2621.84,9500089,0.36036462395247,0.201869506611111,3415267,41412,1.21,31.791,"Does not meet testing target",2,"4+ NGS facilities or equivalent","Meets sequencing target","Upper middle income","Sustain","Does not meet testing target","Test - Increase diagnostic testing capacity","Sustain",50366,5659535,NaN
"Micronesia","FSM",NaN,"No tests reported",NaN,NaN,NaN,0,NaN,NaN,NaN,0,0,NaN,0,"Insufficient testing data",0,"0 NGS facilities or equivalent","Insufficient data","Lower middle income","Insufficient data","Insufficient testing data","Insufficient testing data","Insufficient data",0,1,NaN
"Moldova","MDA",4034000,"June 13, 2021",FALSE,292,28087,7000.106,335209,0.0837895163912663,1.09336755995094,281686,397,0.14,9.866,"Insufficient testing data",0,"0 NGS facilities or equivalent","Does not meet sequencing target","Lower middle income","Connect/Build","Insufficient testing data","Insufficient testing data","Connect/Build",431,513442,NaN
"Monaco","MCO",NaN,"No tests reported",NaN,NaN,NaN,21389.17,NaN,NaN,NaN,8453,90,1.06,227.733,"Insufficient testing data",0,"0 NGS facilities or equivalent","Meets sequencing target","High income","Sustain","Insufficient testing data","Insufficient testing data","Sustain",97,10770,NaN
"Mongolia","MNG",NaN,"No tests reported",NaN,NaN,NaN,27334.002,NaN,NaN,NaN,910026,696,0.08,20.905,"Insufficient testing data",0,"0 NGS facilities or equivalent","Does not meet sequencing target","Lower middle income","Connect/Build","Insufficient testing data","Insufficient testing data","Connect/Build",795,918867,NaN
"Montenegro","MNE",628000,"June 21, 2021",FALSE,284,9625,22534.635,96180,0.100072780203785,1.82324840764331,141529,604,0.43,96.171,"Insufficient testing data",0,"0 NGS facilities or equivalent","Does not meet sequencing target","Upper middle income","Connect/Build","Insufficient testing data","Insufficient testing data","Connect/Build",635,233102,NaN
"Morocco","MAR",36911000,"March 31, 2022",TRUE,1,668003,1784.983,5813792,0.114899707454274,0.431529822011703,666598,380,0.06,1.018,"Does not meet testing target",2,"4+ NGS facilities or equivalent","Does not meet sequencing target","Lower middle income","Strengthen/Leverage","Does not meet testing target","Test - Increase diagnostic testing capacity","Strengthen/Leverage",677,1163274,NaN
"Mozambique","MOZ",31255000,"April 01, 2022",TRUE,0,158030,489.826,818423,0.193090858883487,0.0717406749166709,157543,564,0.36,1.754,"Does not meet testing target",0,"0 NGS facilities or equivalent","Does not meet sequencing target","Low income","Connect/Build","Does not meet testing target","Test - Increase diagnostic testing capacity","Connect/Build",1059,225272,NaN
"Myanmar","MMR",54410000,"April 01, 2022",TRUE,0,468821,855.966,5092556,0.0920600578569975,0.256427278426357,469121,87,0.02,0.159,"Does not meet testing target",1,"1-3 NGS facilities or equivalent","Does not meet sequencing target","Lower middle income","Strengthen/Leverage","Does not meet testing target","Test - Increase diagnostic testing capacity","Strengthen/Leverage",137,611587,NaN
"Myanmar","MMR",54410000,"April 01, 2022",TRUE,0,468821,855.966,5092556,0.0920600578569975,0.256427278426357,469121,87,0.02,0.159,"Does not meet testing target",1,"1-3 NGS facilities or equivalent","Does not meet sequencing target","Lower middle income","Strengthen/Leverage","Does not meet testing target","Test - Increase diagnostic testing capacity","Strengthen/Leverage",137,611587,NaN
"Namibia","NAM",2541000,"April 01, 2022",TRUE,0,113787,4377.926,638519,0.178204563998879,0.688456168157289,113272,240,0.21,9.276,"Meets testing target",0,"0 NGS facilities or equivalent","Does not meet sequencing target","Upper middle income","Connect/Build","Meets testing target","Sustain - Sustain diagnostic testing capacity","Connect/Build",471,157646,NaN
"Nauru","NRU",NaN,"No tests reported",NaN,NaN,NaN,NaN,NaN,NaN,NaN,0,0,NaN,NaN,"Insufficient testing data",0,"0 NGS facilities or equivalent","Insufficient data","High income","Insufficient data","Insufficient testing data","Insufficient testing data","Insufficient data",0,0,NaN
"Nepal","NPL",29137000,"April 01, 2022",TRUE,0,701366,2362.146,3273042,0.214285670639118,0.307761209327123,700965,1389,0.2,4.681,"Does not meet testing target",1,"1-3 NGS facilities or equivalent","Does not meet sequencing target","Lower middle income","Strengthen/Leverage","Does not meet testing target","Test - Increase diagnostic testing capacity","Strengthen/Leverage",1411,978427,NaN
"Netherlands","NLD",17135000,"January 25, 2022",TRUE,66,2870759,38800.655,17175908,0.167138703816998,3.31916355702766,6663273,75030,1.13,436.904,"Meets testing target",2,"4+ NGS facilities or equivalent","Meets sequencing target","High income","Sustain","Meets testing target","Sustain - Sustain diagnostic testing capacity","Sustain",100381,7953120,NaN
"New Caledonia","NCL",285000,"September 07, 2021",FALSE,206,0,20911.327,14501,0,0.314078405891271,60270,9,0.01,3.123,"Insufficient testing data",0,"0 NGS facilities or equivalent","Does not meet sequencing target","High income","Connect/Build","Insufficient testing data","Insufficient testing data","Connect/Build",9,60392,NaN
"New Zealand","NZL",4822000,"April 01, 2022",TRUE,0,641572,13073.991,5025055,0.127674622466819,2.8550962199508,670212,7831,1.17,152.761,"Meets testing target",2,"4+ NGS facilities or equivalent","Meets sequencing target","High income","Sustain","Meets testing target","Sustain - Sustain diagnostic testing capacity","Sustain",8842,672717,NaN
"Nicaragua","NIC",NaN,"No tests reported",NaN,NaN,NaN,175.415,NaN,NaN,NaN,11757,132,1.12,1.969,"Insufficient testing data",0,"0 NGS facilities or equivalent","Does not meet sequencing target","Lower middle income","Connect/Build","Insufficient testing data","Insufficient testing data","Connect/Build",171,18434,NaN
"Niger","NER",24207000,"March 31, 2022",TRUE,1,3808,15.041,151431,0.0251467665141219,0.0171388215001774,3780,97,2.57,0.386,"Does not meet testing target",0,"0 NGS facilities or equivalent","Does not meet sequencing target","Low income","Connect/Build","Does not meet testing target","Test - Increase diagnostic testing capacity","Connect/Build",186,8805,NaN
"Nigeria","NGA",206140000,"March 31, 2022",TRUE,1,92681,43.717,3055369,0.0303338156536903,0.0406077130717121,92418,3197,3.46,1.512,"Does not meet testing target",2,"4+ NGS facilities or equivalent","Does not meet sequencing target","Lower middle income","Strengthen/Leverage","Does not meet testing target","Test - Increase diagnostic testing capacity","Strengthen/Leverage",4442,255415,NaN
"North Korea","PRK",NaN,"No tests reported",NaN,NaN,NaN,NaN,NaN,NaN,NaN,NaN,NaN,NaN,NaN,"Insufficient testing data",0,"0 NGS facilities or equivalent","Insufficient data","Low income","Insufficient data","Insufficient testing data","Insufficient testing data","Insufficient data",NaN,NaN,NaN
"North Macedonia","MKD",2083000,"February 24, 2022",TRUE,36,167634,8381.345,1235469,0.135684505236473,1.78650608193697,174555,338,0.19,16.229,"Meets testing target",1,"1-3 NGS facilities or equivalent","Does not meet sequencing target","Upper middle income","Strengthen/Leverage","Meets testing target","Sustain - Sustain diagnostic testing capacity","Strengthen/Leverage",802,305979,NaN
"Northern Mariana Islands","MNP",NaN,"No tests reported",NaN,NaN,NaN,NaN,NaN,NaN,NaN,0,1019,NaN,NaN,"Insufficient testing data",0,"0 NGS facilities or equivalent","Insufficient data","High income","Insufficient data","Insufficient testing data","Insufficient testing data","Insufficient data",1150,0,NaN
"Norway","NOR",5421000,"January 22, 2022",TRUE,69,514639,23953.144,5243712,0.098144024690906,3.23510391583826,1309190,34191,2.61,625.564,"Meets testing target",2,"4+ NGS facilities or equivalent","Meets sequencing target","High income","Sustain","Meets testing target","Sustain - Sustain diagnostic testing capacity","Sustain",44987,1405960,NaN
"Oman","OMN",5107000,"May 28, 2021",FALSE,308,57395,4371.215,40860,NaN,0.133346387311533,228325,598,0.26,11.449,"Insufficient testing data",2,"4+ NGS facilities or equivalent","Does not meet sequencing target","High income","Strengthen/Leverage","Insufficient testing data","Insufficient testing data","Strengthen/Leverage",952,388343,NaN
"Pakistan","PAK",220892000,"April 01, 2022",TRUE,0,860864,376.025,17311773,0.0497270845684032,0.214718120477397,846808,1761,0.21,0.782,"Does not meet testing target",2,"4+ NGS facilities or equivalent","Does not meet sequencing target","Lower middle income","Strengthen/Leverage","Does not meet testing target","Test - Increase diagnostic testing capacity","Strengthen/Leverage",2027,1524973,NaN
"Palau","PLW",NaN,"No tests reported",NaN,NaN,NaN,NaN,NaN,NaN,NaN,4024,15,0.37,NaN,"Insufficient testing data",0,"0 NGS facilities or equivalent","Does not meet sequencing target","High income","Connect/Build","Insufficient testing data","Insufficient testing data","Connect/Build",15,4024,NaN
"Palestine","PSE",5101000,"February 03, 2022",TRUE,57,308883,7871.419,1547890,0.199551001686166,0.975718146180277,411105,19,0,0.364,"Meets testing target",0,"0 NGS facilities or equivalent","Does not meet sequencing target","Lower middle income","Connect/Build","Meets testing target","Sustain - Sustain diagnostic testing capacity","Connect/Build",132,655750,NaN
"Palestine","PSE",5101000,"February 03, 2022",TRUE,57,308883,7871.419,1547890,0.199551001686166,0.975718146180277,411105,19,0,0.364,"Meets testing target",0,"0 NGS facilities or equivalent","Does not meet sequencing target","Lower middle income","Connect/Build","Meets testing target","Sustain - Sustain diagnostic testing capacity","Connect/Build",132,655750,NaN
"Panama","PAN",4315000,"April 01, 2022",TRUE,0,409765,9335.37,3555219,0.115257316075325,2.25731773520215,409037,347,0.08,7.92,"Meets testing target",2,"4+ NGS facilities or equivalent","Does not meet sequencing target","High income","Strengthen/Leverage","Meets testing target","Sustain - Sustain diagnostic testing capacity","Strengthen/Leverage",1446,764536,NaN
"Papua New Guinea","PNG",8947000,"November 28, 2021",TRUE,124,29661,406.744,184865,0.16044681253888,0.084681283404823,37091,2929,7.9,32.12,"Does not meet testing target",0,"0 NGS facilities or equivalent","Meets sequencing target","Lower middle income","Sustain","Does not meet testing target","Test - Increase diagnostic testing capacity","Sustain",4303,43219,NaN
"Paraguay","PRY",7133000,"March 27, 2022",TRUE,5,437281,5979.134,1709764,0.255755180247098,0.660324360565238,431672,677,0.16,9.377,"Does not meet testing target",0,"0 NGS facilities or equivalent","Does not meet sequencing target","Upper middle income","Connect/Build","Does not meet testing target","Test - Increase diagnostic testing capacity","Connect/Build",1042,647950,NaN
"Peru","PER",32972000,"March 24, 2022",TRUE,8,2011794,5950.263,19538830,0.102963892925011,1.62353030134327,1984973,13205,0.67,39.584,"Meets testing target",2,"4+ NGS facilities or equivalent","Meets sequencing target","Upper middle income","Sustain","Meets testing target","Sustain - Sustain diagnostic testing capacity","Sustain",15390,3546696,NaN
"Philippines","PHL",109581000,"March 31, 2022",TRUE,1,2948207,2631.681,18823081,0.156627228029248,0.470611556122931,2922400,9209,0.32,8.293,"Does not meet testing target",1,"1-3 NGS facilities or equivalent","Does not meet sequencing target","Lower middle income","Strengthen/Leverage","Does not meet testing target","Test - Increase diagnostic testing capacity","Strengthen/Leverage",14245,3678599,NaN
"Poland","POL",37847000,"April 01, 2022",TRUE,0,3681492,9540.337,23679212,0.155473585860881,1.71412670554225,3605961,53460,1.48,141.44,"Meets testing target",2,"4+ NGS facilities or equivalent","Meets sequencing target","High income","Sustain","Meets testing target","Sustain - Sustain diagnostic testing capacity","Sustain",60927,5962931,NaN
"Portugal","PRT",10197000,"April 01, 2022",TRUE,0,2730999,27207.739,30921612,0.088320072058339,8.30800678684706,2766462,20749,0.75,204.063,"Meets testing target",2,"4+ NGS facilities or equivalent","Meets sequencing target","High income","Sustain","Meets testing target","Sustain - Sustain diagnostic testing capacity","Sustain",26646,3588937,NaN
"Puerto Rico","PRI",NaN,"No tests reported",NaN,NaN,NaN,0,NaN,NaN,NaN,0,6735,NaN,238.133,"Insufficient testing data",1,"1-3 NGS facilities or equivalent","Insufficient data","High income","Insufficient data","Insufficient testing data","Insufficient testing data","Insufficient data",7630,0,NaN
"Qatar","QAT",2881000,"April 01, 2022",TRUE,0,182587,6163.096,1687094,0.10822574201556,1.60436492275798,180611,2600,1.44,88.721,"Meets testing target",2,"4+ NGS facilities or equivalent","Meets sequencing target","High income","Sustain","Meets testing target","Sustain - Sustain diagnostic testing capacity","Sustain",4735,361415,NaN
"Republic of the Congo","COG",5518000,"March 12, 2022",TRUE,20,14399,254.374,273608,0.0526263851934154,0.135848307159135,14390,412,2.86,7.283,"Does not meet testing target",0,"0 NGS facilities or equivalent","Does not meet sequencing target","Lower middle income","Connect/Build","Does not meet testing target","Test - Increase diagnostic testing capacity","Connect/Build",544,24071,NaN
"Republic of the Congo","COG",5518000,"March 12, 2022",TRUE,20,14399,254.374,273608,0.0526263851934154,0.135848307159135,14390,412,2.86,7.283,"Does not meet testing target",0,"0 NGS facilities or equivalent","Does not meet sequencing target","Lower middle income","Connect/Build","Does not meet testing target","Test - Increase diagnostic testing capacity","Connect/Build",544,24071,NaN
"Romania","ROU",19238000,"March 10, 2022",TRUE,22,1841454,9905.241,14214092,0.129551293181443,2.13541900153057,1894652,8027,0.42,41.965,"Meets testing target",1,"1-3 NGS facilities or equivalent","Does not meet sequencing target","High income","Strengthen/Leverage","Meets testing target","Sustain - Sustain diagnostic testing capacity","Sustain",10468,2853570,NaN
"Russia","RUS",145934000,"April 01, 2022",TRUE,0,13066049,8964.183,164744216,0.0793111243432061,3.09286401002067,13079820,9943,0.08,6.814,"Meets testing target",2,"4+ NGS facilities or equivalent","Does not meet sequencing target","Upper middle income","Strengthen/Leverage","Meets testing target","Sustain - Sustain diagnostic testing capacity","Strengthen/Leverage",14246,17583111,NaN
"Russia","RUS",145934000,"April 01, 2022",TRUE,0,13066049,8964.183,164744216,0.0793111243432061,3.09286401002067,13079820,9943,0.08,6.814,"Meets testing target",2,"4+ NGS facilities or equivalent","Does not meet sequencing target","Upper middle income","Strengthen/Leverage","Meets testing target","Sustain - Sustain diagnostic testing capacity","Strengthen/Leverage",14246,17583111,NaN
"Rwanda","RWA",12952000,"March 31, 2022",TRUE,1,108160,811.99,3960554,0.02730931076814,0.837772766886375,107804,377,0.35,2.84,"Meets testing target",0,"0 NGS facilities or equivalent","Does not meet sequencing target","Low income","Connect/Build","Meets testing target","Sustain - Sustain diagnostic testing capacity","Connect/Build",727,129722,NaN
"Saint Kitts and Nevis","KNA",53000,"April 01, 2022",TRUE,0,5520,10280.88,56059,0.0984676858309995,2.8978547428276,5505,37,0.67,69.099,"Meets testing target",0,"0 NGS facilities or equivalent","Meets sequencing target","High income","Sustain","Meets testing target","Sustain - Sustain diagnostic testing capacity","Sustain",40,5549,NaN
"Saint Lucia","LCA",184000,"March 31, 2022",TRUE,1,18721,10145.281,104758,0.17870711544703,1.55982727814175,18708,81,0.43,43.926,"Meets testing target",0,"0 NGS facilities or equivalent","Does not meet sequencing target","Upper middle income","Connect/Build","Meets testing target","Sustain - Sustain diagnostic testing capacity","Sustain",99,22953,NaN
"Saint Vincent and the Grenadines","VCT",111000,"July 06, 2021",FALSE,269,503,7305.719,15072,0.0333731422505308,1.37155337155337,8129,97,1.19,87.176,"Insufficient testing data",0,"0 NGS facilities or equivalent","Meets sequencing target","Upper middle income","Sustain","Insufficient testing data","Insufficient testing data","Sustain",105,9879,NaN
"Saint Vincent and the Grenadines","VCT",111000,"July 06, 2021",FALSE,269,503,7305.719,15072,0.0333731422505308,1.37155337155337,8129,97,1.19,87.176,"Insufficient testing data",0,"0 NGS facilities or equivalent","Meets sequencing target","Upper middle income","Sustain","Insufficient testing data","Insufficient testing data","Sustain",105,9879,NaN
"Saint Vincent and the Grenadines","VCT",111000,"July 06, 2021",FALSE,269,503,7305.719,15072,0.0333731422505308,1.37155337155337,8129,97,1.19,87.176,"Insufficient testing data",0,"0 NGS facilities or equivalent","Meets sequencing target","Upper middle income","Sustain","Insufficient testing data","Insufficient testing data","Sustain",105,9879,NaN
"Samoa","WSM",NaN,"No tests reported",NaN,NaN,NaN,854.385,NaN,NaN,NaN,1710,0,0,0,"Insufficient testing data",0,"0 NGS facilities or equivalent","Does not meet sequencing target","Upper middle income","Connect/Build","Insufficient testing data","Insufficient testing data","Connect/Build",0,1713,NaN
"San Marino","SMR",34000,"March 22, 2022",TRUE,10,10582,31187.886,91209,0.116019252486049,7.34963738920225,10607,0,0,0,"Meets testing target",0,"0 NGS facilities or equivalent","Does not meet sequencing target","High income","Connect/Build","Meets testing target","Sustain - Sustain diagnostic testing capacity","Connect/Build",0,15345,NaN
"S√£o Tom√© and Pr√≠ncipe","STP",219000,"March 28, 2022",TRUE,4,3730,1663.652,24996,0.149223875820131,0.312704072058548,3716,9,0.24,4.029,"Does not meet testing target",0,"0 NGS facilities or equivalent","Does not meet sequencing target","Lower middle income","Connect/Build","Does not meet testing target","Test - Increase diagnostic testing capacity","Connect/Build",10,5948,NaN
"Saudi Arabia","SAU",34814000,"April 01, 2022",TRUE,0,361688,1019.27,26493224,0.0136520945884125,2.0849134067463,360217,161,0.04,0.456,"Meets testing target",2,"4+ NGS facilities or equivalent","Does not meet sequencing target","High income","Strengthen/Leverage","Meets testing target","Sustain - Sustain diagnostic testing capacity","Strengthen/Leverage",1247,750814,NaN
"Senegal","SEN",16744000,"April 01, 2022",TRUE,0,47311,273.972,604957,0.0782055584115896,0.0989856926873008,47113,793,1.68,4.611,"Does not meet testing target",1,"1-3 NGS facilities or equivalent","Does not meet sequencing target","Lower middle income","Strengthen/Leverage","Does not meet testing target","Test - Increase diagnostic testing capacity","Sustain",1552,85895,NaN
"Serbia","SRB",8737000,"April 01, 2022",TRUE,0,1383404,19954.182,5767247,0.23987250762799,1.80847850661884,1371161,242,0.02,3.522,"Does not meet testing target",1,"1-3 NGS facilities or equivalent","Does not meet sequencing target","Upper middle income","Strengthen/Leverage","Does not meet testing target","Test - Increase diagnostic testing capacity","Strengthen/Leverage",679,1976567,NaN
"Seychelles","SYC",98000,"December 21, 2020",FALSE,466,0,36631.281,0,NaN,NaN,36232,685,1.89,692.549,"Insufficient testing data",0,"0 NGS facilities or equivalent","Meets sequencing target","High income","Sustain","Insufficient testing data","Insufficient testing data","Sustain",697,40426,NaN
"Sierra Leone","SLE",7977000,"March 16, 2022",TRUE,16,3701,45.361,262024,0.0141246603364577,0.089992976382442,3693,24,0.65,0.295,"Does not meet testing target",1,"1-3 NGS facilities or equivalent","Does not meet sequencing target","Low income","Strengthen/Leverage","Does not meet testing target","Test - Increase diagnostic testing capacity","Strengthen/Leverage",61,7674,NaN
"Singapore","SGP",5850000,"September 20, 2021",FALSE,193,18704,18997.011,10595659,0.00176525122222223,10.3498500610501,1036021,10837,1.05,198.713,"Insufficient testing data",2,"4+ NGS facilities or equivalent","Meets sequencing target","High income","Sustain","Meets testing target","Insufficient testing data","Sustain",12889,1096428,NaN
"Sint Maarten (Dutch part)","SXM",NaN,"No tests reported",NaN,NaN,NaN,NaN,NaN,NaN,NaN,0,2069,NaN,NaN,"Insufficient testing data",0,"0 NGS facilities or equivalent","Insufficient data","High income","Insufficient data","Insufficient testing data","Insufficient testing data","Insufficient data",2168,0,NaN
"Slovakia","SVK",5460000,"April 01, 2022",TRUE,0,1725539,31797.195,25822652,0.0668226873057035,12.957324501982,1732715,21895,1.26,401.797,"Meets testing target",1,"1-3 NGS facilities or equivalent","Meets sequencing target","High income","Sustain","Meets testing target","Sustain - Sustain diagnostic testing capacity","Sustain",24086,2443137,NaN
"Slovenia","SVN",2079000,"April 01, 2022",TRUE,0,748717,36136.128,15480747,0.0483643974027868,20.4006760362925,751170,43498,5.79,2092.535,"Meets testing target",2,"4+ NGS facilities or equivalent","Meets sequencing target","High income","Sustain","Meets testing target","Sustain - Sustain diagnostic testing capacity","Sustain",56904,968109,NaN
"Solomon Islands","SLB",NaN,"No tests reported",NaN,NaN,NaN,1627,NaN,NaN,NaN,11454,30,0.26,4.261,"Insufficient testing data",0,"0 NGS facilities or equivalent","Does not meet sequencing target","Lower middle income","Connect/Build","Insufficient testing data","Insufficient testing data","Connect/Build",37,11473,NaN
"Somalia","SOM",15893000,"January 10, 2022",TRUE,81,13141,91.146,309515,0.0424567468458718,0.0678568852546352,14911,0,0,0,"Does not meet testing target",0,"0 NGS facilities or equivalent","Does not meet sequencing target","Low income","Connect/Build","Does not meet testing target","Test - Increase diagnostic testing capacity","Connect/Build",35,26410,NaN
"South Africa","ZAF",59309000,"April 01, 2022",TRUE,0,2169486,3582.353,13970963,0.155285358639916,0.645376097369777,2150916,21962,1.02,36.578,"Meets testing target",2,"4+ NGS facilities or equivalent","Meets sequencing target","Upper middle income","Sustain","Meets testing target","Sustain - Sustain diagnostic testing capacity","Sustain",31678,3700367,NaN
"South Korea","KOR",51269000,"October 31, 2021",TRUE,152,263904,25867.998,8179668,0.0322634121580485,0.73863023139389,13271624,30820,0.23,60.072,"Meets testing target",2,"4+ NGS facilities or equivalent","Does not meet sequencing target","High income","Strengthen/Leverage","Meets testing target","Sustain - Sustain diagnostic testing capacity","Sustain",35836,13375817,NaN
"South Korea","KOR",51269000,"October 31, 2021",TRUE,152,263904,25867.998,8179668,0.0322634121580485,0.73863023139389,13271624,30820,0.23,60.072,"Meets testing target",2,"4+ NGS facilities or equivalent","Does not meet sequencing target","High income","Strengthen/Leverage","Meets testing target","Sustain - Sustain diagnostic testing capacity","Sustain",35836,13375817,NaN
"South Sudan","SSD",11194000,"April 01, 2022",TRUE,0,7111,62.075,228804,0.0310790021153476,0.0559996671406649,7065,58,0.82,0.51,"Does not meet testing target",0,"0 NGS facilities or equivalent","Does not meet sequencing target","Low income","Connect/Build","Does not meet testing target","Test - Increase diagnostic testing capacity","Connect/Build",107,17262,NaN
"Spain","ESP",46755000,"November 15, 2021",TRUE,137,1787562,17578.267,26692425,0.0669688872404812,2.47142815477753,8216998,72841,0.89,155.826,"Meets testing target",2,"4+ NGS facilities or equivalent","Meets sequencing target","High income","Sustain","Meets testing target","Sustain - Sustain diagnostic testing capacity","Sustain",100804,11593145,NaN
"Spain","ESP",46755000,"November 15, 2021",TRUE,137,1787562,17578.267,26692425,0.0669688872404812,2.47142815477753,8216998,72841,0.89,155.826,"Meets testing target",2,"4+ NGS facilities or equivalent","Meets sequencing target","High income","Sustain","Meets testing target","Sustain - Sustain diagnostic testing capacity","Sustain",100804,11593145,NaN
"Sri Lanka","LKA",21413000,"April 01, 2022",TRUE,0,569011,2645.513,5150600,0.110474701976469,0.659003076482152,568714,2336,0.41,10.866,"Meets testing target",1,"1-3 NGS facilities or equivalent","Does not meet sequencing target","Lower middle income","Strengthen/Leverage","Meets testing target","Sustain - Sustain diagnostic testing capacity","Sustain",2665,661631,NaN
"Saint Martin","MAF",NaN,"No tests reported",NaN,NaN,NaN,NaN,NaN,NaN,NaN,NaN,NaN,NaN,NaN,"Insufficient testing data",0,"0 NGS facilities or equivalent","Insufficient data","High income","Insufficient data","Insufficient testing data","Insufficient testing data","Insufficient data",NaN,NaN,NaN
"Sudan","SDN",43849000,"October 27, 2021",TRUE,156,8921,67.102,326709,0.0273056450847696,0.0351451615471104,30135,14,0.05,0.031,"Does not meet testing target",0,"0 NGS facilities or equivalent","Does not meet sequencing target","Low income","Connect/Build","Does not meet testing target","Test - Increase diagnostic testing capacity","Connect/Build",129,61968,NaN
"Suriname","SUR",NaN,"No tests reported",NaN,NaN,NaN,11845.089,NaN,NaN,NaN,70099,779,1.11,131.633,"Insufficient testing data",0,"0 NGS facilities or equivalent","Meets sequencing target","Upper middle income","Sustain","Insufficient testing data","Insufficient testing data","Sustain",1019,79221,NaN
"Sweden","SWE",10099000,"May 10, 2021",FALSE,326,224863,16482.626,2021292,0.111247162705834,4.76542231904149,1674661,117852,7.04,1159.942,"Insufficient testing data",2,"4+ NGS facilities or equivalent","Meets sequencing target","High income","Sustain","Insufficient testing data","Insufficient testing data","Sustain",172450,2487852,NaN
"Switzerland","CHE",8655000,"April 01, 2022",TRUE,0,2867778,33209.902,14737371,0.194592237652157,4.66509057239857,2894407,101170,3.5,1160.806,"Meets testing target",2,"4+ NGS facilities or equivalent","Meets sequencing target","High income","Sustain","Meets testing target","Sustain - Sustain diagnostic testing capacity","Sustain",133137,3497499,NaN
"Syria","SYR",NaN,"No tests reported",NaN,NaN,NaN,200.572,NaN,NaN,NaN,36656,74,0.2,0.405,"Insufficient testing data",0,"0 NGS facilities or equivalent","Does not meet sequencing target","Low income","Connect/Build","Insufficient testing data","Insufficient testing data","Connect/Build",74,55695,NaN
"Taiwan","TWN",23817000,"April 01, 2022",TRUE,0,22038,93.725,12205239,0.00180561806286628,1.40399760502599,22358,127,0.57,0.532,"Meets testing target",2,"4+ NGS facilities or equivalent","Does not meet sequencing target","High income","Strengthen/Leverage","Meets testing target","Sustain - Sustain diagnostic testing capacity","Strengthen/Leverage",321,23396,NaN
"Taiwan","TWN",23817000,"April 01, 2022",TRUE,0,22038,93.725,12205239,0.00180561806286628,1.40399760502599,22358,127,0.57,0.532,"Meets testing target",2,"4+ NGS facilities or equivalent","Does not meet sequencing target","High income","Strengthen/Leverage","Meets testing target","Sustain - Sustain diagnostic testing capacity","Strengthen/Leverage",321,23396,NaN
"Tajikistan","TJK",9538000,"March 30, 2020",FALSE,732,0,41.766,0,NaN,NaN,4072,0,0,0,"Insufficient testing data",0,"0 NGS facilities or equivalent","Does not meet sequencing target","Low income","Connect/Build","Insufficient testing data","Insufficient testing data","Connect/Build",0,17786,NaN
"Tanzania","TZA",NaN,"No tests reported",NaN,NaN,NaN,54.157,NaN,NaN,NaN,33306,0,0,0,"Insufficient testing data",0,"0 NGS facilities or equivalent","Does not meet sequencing target","Lower middle income","Connect/Build","Does not meet testing target","Insufficient testing data","Connect/Build",0,33815,NaN
"Thailand","THA",69800000,"March 31, 2022",TRUE,1,3575371,5186.266,19492027,0.183427357247145,0.76508329081132,3627837,13655,0.38,19.521,"Meets testing target",1,"1-3 NGS facilities or equivalent","Does not meet sequencing target","Upper middle income","Strengthen/Leverage","Insufficient testing data","Sustain - Sustain diagnostic testing capacity","Strengthen/Leverage",14767,3656740,NaN
"The Bahamas","BHS",393000,"April 01, 2022",TRUE,0,24307,6086.961,153588,0.15826106206214,1.07071002823382,24160,224,0.93,56.435,"Meets testing target",0,"0 NGS facilities or equivalent","Meets sequencing target","High income","Sustain","Meets testing target","Sustain - Sustain diagnostic testing capacity","Connect/Build",263,33331,NaN
"The Gambia","GMB",2417000,"March 24, 2022",TRUE,8,6554,262.532,100615,0.0651393927346817,0.115633475842413,6529,573,8.78,23.04,"Does not meet testing target",1,"1-3 NGS facilities or equivalent","Meets sequencing target","Low income","Sustain","Does not meet testing target","Test - Increase diagnostic testing capacity","Sustain",1123,12088,NaN
"Togo","TGO",8279000,"April 01, 2022",TRUE,0,26861,310.029,446599,0.0601456787856668,0.147790663619953,26285,166,0.63,1.958,"Does not meet testing target",0,"0 NGS facilities or equivalent","Does not meet sequencing target","Low income","Connect/Build","Does not meet testing target","Test - Increase diagnostic testing capacity","Connect/Build",358,36939,NaN
"Tonga","TON",NaN,"No tests reported",NaN,NaN,NaN,NaN,NaN,NaN,NaN,6423,0,0,NaN,"Insufficient testing data",0,"0 NGS facilities or equivalent","Does not meet sequencing target","Upper middle income","Connect/Build","Insufficient testing data","Insufficient testing data","Connect/Build",0,6423,NaN
"Trinidad and Tobago","TTO",1399000,"July 02, 2021",FALSE,273,25119,9248.283,124466,0.201814150049009,0.93650351755013,129788,1330,1.02,94.772,"Insufficient testing data",0,"0 NGS facilities or equivalent","Meets sequencing target","High income","Sustain","Insufficient testing data","Insufficient testing data","Sustain",1400,137860,NaN
"Tunisia","TUN",11819000,"March 31, 2022",TRUE,1,783291,6539.808,3424413,0.228737304758509,0.793802641903506,780576,572,0.07,4.792,"Does not meet testing target",1,"1-3 NGS facilities or equivalent","Does not meet sequencing target","Lower middle income","Strengthen/Leverage","Does not meet testing target","Test - Increase diagnostic testing capacity","Strengthen/Leverage",859,1035884,NaN
"Turkey","TUR",84339000,"April 01, 2022",TRUE,0,11583874,13525.637,108771987,0.106496850149478,3.53342396561041,11502572,79518,0.69,93.504,"Meets testing target",2,"4+ NGS facilities or equivalent","Meets sequencing target","Upper middle income","Sustain","Meets testing target","Sustain - Sustain diagnostic testing capacity","Sustain",85245,14037335,NaN
"Turkmenistan","TKM",NaN,"No tests reported",NaN,NaN,NaN,NaN,NaN,NaN,NaN,0,0,NaN,NaN,"Insufficient testing data",0,"0 NGS facilities or equivalent","Insufficient data","Upper middle income","Insufficient data","Insufficient testing data","Insufficient testing data","Insufficient data",0,0,NaN
"Turks and Caicos Islands","TCA",NaN,"No tests reported",NaN,NaN,NaN,9108.754,NaN,NaN,NaN,3573,10,0.28,25.493,"Insufficient testing data",0,"0 NGS facilities or equivalent","Does not meet sequencing target","High income","Connect/Build","Insufficient testing data","Insufficient testing data","Sustain",20,5911,NaN
"Tuvalu","TUV",NaN,"No tests reported",NaN,NaN,NaN,NaN,NaN,NaN,NaN,0,0,NaN,NaN,"Insufficient testing data",0,"0 NGS facilities or equivalent","Insufficient data","Upper middle income","Insufficient data","Insufficient testing data","Insufficient testing data","Insufficient data",0,0,NaN
"Uganda","UGA",45741000,"March 31, 2022",TRUE,1,123072,261.05,1613600,0.076271690629648,0.0966490001925673,123016,440,0.36,0.934,"Does not meet testing target",1,"1-3 NGS facilities or equivalent","Does not meet sequencing target","Low income","Strengthen/Leverage","Does not meet testing target","Test - Increase diagnostic testing capacity","Strengthen/Leverage",856,164010,NaN
"Ukraine","UKR",43734000,"February 18, 2022",TRUE,42,3178129,7586.954,11259983,0.282249893272485,0.789770548163311,3297808,385,0.01,0.886,"Does not meet testing target",1,"1-3 NGS facilities or equivalent","Does not meet sequencing target","Lower middle income","Strengthen/Leverage","Does not meet testing target","Test - Increase diagnostic testing capacity","Strengthen/Leverage",619,5040518,NaN
"United Arab Emirates","ARE",9890000,"April 01, 2022",TRUE,0,433449,4279.226,110320480,0.00392899849601815,30.5609595966591,427541,23,0.01,0.23,"Meets testing target",2,"4+ NGS facilities or equivalent","Does not meet sequencing target","High income","Strengthen/Leverage","Meets testing target","Sustain - Sustain diagnostic testing capacity","Strengthen/Leverage",2621,891300,NaN
"United Kingdom","GBR",67886000,"April 01, 2022",TRUE,0,16779353,23489.142,373383918,0.0449386065952632,15.068933776569,16021266,2093928,13.07,3069.955,"Meets testing target",2,"4+ NGS facilities or equivalent","Meets sequencing target","High income","Sustain","Meets testing target","Sustain - Sustain diagnostic testing capacity","Sustain",2476872,20375579,NaN
"United States of America","USA",331003000,"April 01, 2022",TRUE,0,49595503,14857.26,504163918,0.0983717819330339,4.17298637238689,49462059,2344079,4.74,704.107,"Meets testing target",2,"4+ NGS facilities or equivalent","Meets sequencing target","High income","Sustain","Meets testing target","Sustain - Sustain diagnostic testing capacity","Sustain",2823256,80102064,NaN
"Uruguay","URY",3474000,"March 31, 2022",TRUE,1,785849,22373.4,4661445,0.168584848689623,3.67618946222822,779747,171,0.02,4.907,"Meets testing target",2,"4+ NGS facilities or equivalent","Does not meet sequencing target","High income","Strengthen/Leverage","Meets testing target","Sustain - Sustain diagnostic testing capacity","Strengthen/Leverage",742,887956,NaN
"Uzbekistan","UZB",33469000,"July 14, 2020",FALSE,626,0,455.858,0,NaN,NaN,154699,62,0.04,0.183,"Insufficient testing data",0,"0 NGS facilities or equivalent","Does not meet sequencing target","Lower middle income","Connect/Build","Insufficient testing data","Insufficient testing data","Connect/Build",90,237749,NaN
"Vanuatu","VUT",NaN,"No tests reported",NaN,NaN,NaN,1073.573,NaN,NaN,NaN,3376,0,0,0,"Insufficient testing data",0,"0 NGS facilities or equivalent","Does not meet sequencing target","Lower middle income","Connect/Build","Insufficient testing data","Insufficient testing data","Connect/Build",2,3379,NaN
"Venezuela","VEN",28436000,"May 30, 2021",FALSE,306,74740,1249.339,27868,NaN,0.0158068600002723,358622,280,0.08,0.975,"Insufficient testing data",1,"1-3 NGS facilities or equivalent","Does not meet sequencing target","Upper middle income","Strengthen/Leverage","Insufficient testing data","Insufficient testing data","Strengthen/Leverage",429,520373,NaN
"Venezuela","VEN",28436000,"May 30, 2021",FALSE,306,74740,1249.339,27868,NaN,0.0158068600002723,358622,280,0.08,0.975,"Insufficient testing data",1,"1-3 NGS facilities or equivalent","Does not meet sequencing target","Upper middle income","Strengthen/Leverage","Insufficient testing data","Insufficient testing data","Strengthen/Leverage",429,520373,NaN
"Vietnam","VNM",97339000,"May 08, 2021",FALSE,328,686,9740.355,118803,0.00577426495963907,0.030512692754189,9561992,3152,0.03,3.211,"Insufficient testing data",1,"1-3 NGS facilities or equivalent","Does not meet sequencing target","Lower middle income","Strengthen/Leverage","Insufficient testing data","Insufficient testing data","Strengthen/Leverage",3313,9564609,NaN
"Vietnam","VNM",97339000,"May 08, 2021",FALSE,328,686,9740.355,118803,0.00577426495963907,0.030512692754189,9561992,3152,0.03,3.211,"Insufficient testing data",1,"1-3 NGS facilities or equivalent","Does not meet sequencing target","Lower middle income","Strengthen/Leverage","Insufficient testing data","Insufficient testing data","Strengthen/Leverage",3313,9564609,NaN
"U.S. Virgin Islands","VIR",NaN,"No tests reported",NaN,NaN,NaN,0,NaN,NaN,NaN,0,1680,NaN,1612.006,"Insufficient testing data",0,"0 NGS facilities or equivalent","Insufficient data","High income","Insufficient data","Insufficient testing data","Insufficient testing data","Insufficient data",1736,0,NaN
"Yemen","YEM",NaN,"No tests reported",NaN,NaN,NaN,23.86,NaN,NaN,NaN,7275,0,0,0,"Insufficient testing data",0,"0 NGS facilities or equivalent","Does not meet sequencing target","Low income","Connect/Build","Insufficient testing data","Insufficient testing data","Connect/Build",0,11807,NaN
"Zambia","ZMB",18384000,"April 01, 2022",TRUE,0,228612,1206.623,2113852,0.108149482556016,0.31502259260584,228301,615,0.27,3.25,"Does not meet testing target",1,"1-3 NGS facilities or equivalent","Does not meet sequencing target","Lower middle income","Strengthen/Leverage","Does not meet testing target","Test - Increase diagnostic testing capacity","Strengthen/Leverage",1314,316850,NaN
"Zimbabwe","ZWE",14863000,"March 31, 2022",TRUE,1,209200,1387.408,1745439,0.119855234127346,0.321740204368852,209390,171,0.08,1.133,"Does not meet testing target",0,"0 NGS facilities or equivalent","Does not meet sequencing target","Lower middle income","Connect/Build","Does not meet testing target","Test - Increase diagnostic testing capacity","Connect/Build",730,246292,NaN
"British Indian Ocean Territory","IOT",NaN,"No tests reported",NaN,NaN,NaN,NaN,NaN,NaN,NaN,NaN,NaN,NaN,NaN,"Insufficient testing data",NaN,NaN,"Insufficient data",NaN,"Insufficient data","Insufficient testing data","Insufficient testing data","Insufficient data",NaN,NaN,NaN
"Cook Islands","COK",NaN,"No tests reported",NaN,NaN,NaN,NaN,NaN,NaN,NaN,1986,0,0,NaN,"Insufficient testing data",NaN,NaN,"Does not meet sequencing target",NaN,"Connect/Build","Insufficient testing data","Insufficient testing data","Connect/Build",0,1986,NaN
"Falkland Islands","FLK",NaN,"No tests reported",NaN,NaN,NaN,2012.472,NaN,NaN,NaN,71,0,0,0,"Insufficient testing data",NaN,NaN,"Does not meet sequencing target",NaN,"Connect/Build","Insufficient testing data","Insufficient testing data","Connect/Build",0,125,NaN
"French Southern and Antarctic Lands","ATF",NaN,"No tests reported",NaN,NaN,NaN,NaN,NaN,NaN,NaN,NaN,NaN,NaN,NaN,"Insufficient testing data",NaN,NaN,"Insufficient data",NaN,"Insufficient data","Insufficient testing data","Insufficient testing data","Insufficient data",NaN,NaN,NaN
"French Southern and Antarctic Lands","ATF",NaN,"No tests reported",NaN,NaN,NaN,NaN,NaN,NaN,NaN,NaN,NaN,NaN,NaN,"Insufficient testing data",NaN,NaN,"Insufficient data",NaN,"Insufficient data","Insufficient testing data","Insufficient testing data","Insufficient data",NaN,NaN,NaN
"French Southern and Antarctic Lands","ATF",NaN,"No tests reported",NaN,NaN,NaN,NaN,NaN,NaN,NaN,NaN,NaN,NaN,NaN,"Insufficient testing data",NaN,NaN,"Insufficient data",NaN,"Insufficient data","Insufficient testing data","Insufficient testing data","Insufficient data",NaN,NaN,NaN
"Guernsey","GGY",NaN,"No tests reported",NaN,NaN,NaN,NaN,NaN,NaN,NaN,0,0,NaN,NaN,"Insufficient testing data",NaN,NaN,"Insufficient data",NaN,"Insufficient data","Insufficient testing data","Insufficient testing data","Insufficient data",0,0,NaN
"Heard Island and McDonald Islands","HMD",NaN,"No tests reported",NaN,NaN,NaN,NaN,NaN,NaN,NaN,NaN,NaN,NaN,NaN,"Insufficient testing data",NaN,NaN,"Insufficient data",NaN,"Insufficient data","Insufficient testing data","Insufficient testing data","Insufficient data",NaN,NaN,NaN
"Jersey","JEY",NaN,"No tests reported",NaN,NaN,NaN,NaN,NaN,NaN,NaN,0,0,NaN,NaN,"Insufficient testing data",NaN,NaN,"Insufficient data",NaN,"Insufficient data","Insufficient testing data","Insufficient testing data","Insufficient data",0,0,NaN
"Montserrat","MSR",NaN,"No tests reported",NaN,NaN,NaN,3111.825,NaN,NaN,NaN,155,8,5.16,160.61,"Insufficient testing data",NaN,NaN,"Meets sequencing target",NaN,"Sustain","Insufficient testing data","Insufficient testing data","Sustain",10,175,NaN
"Niue","NIU",NaN,"No tests reported",NaN,NaN,NaN,NaN,NaN,NaN,NaN,0,0,NaN,NaN,"Insufficient testing data",NaN,NaN,"Insufficient data",NaN,"Insufficient data","Insufficient testing data","Insufficient testing data","Insufficient data",0,0,NaN
"Norfolk Island","NFK",NaN,"No tests reported",NaN,NaN,NaN,NaN,NaN,NaN,NaN,NaN,NaN,NaN,NaN,"Insufficient testing data",NaN,NaN,"Insufficient data",NaN,"Insufficient data","Insufficient testing data","Insufficient testing data","Insufficient data",NaN,NaN,NaN
"Pitcairn Islands","PCN",NaN,"No tests reported",NaN,NaN,NaN,NaN,NaN,NaN,NaN,0,0,NaN,NaN,"Insufficient testing data",NaN,NaN,"Insufficient data",NaN,"Insufficient data","Insufficient testing data","Insufficient testing data","Insufficient data",0,0,NaN
"Saint Helena","SHN",NaN,"No tests reported",NaN,NaN,NaN,0,NaN,NaN,NaN,0,0,NaN,0,"Insufficient testing data",NaN,NaN,"Insufficient data",NaN,"Insufficient data","Insufficient testing data","Insufficient testing data","Insufficient data",0,4,NaN
"Saint Pierre and Miquelon","SPM",NaN,"No tests reported",NaN,NaN,NaN,33495.062,NaN,NaN,NaN,1933,0,0,0,"Insufficient testing data",NaN,NaN,"Does not meet sequencing target",NaN,"Connect/Build","Insufficient testing data","Insufficient testing data","Connect/Build",0,1959,NaN
"Saint-Barth√©lemy","BLM",NaN,"No tests reported",NaN,NaN,NaN,NaN,NaN,NaN,NaN,NaN,NaN,NaN,NaN,"Insufficient testing data",NaN,NaN,"Insufficient data",NaN,"Insufficient data","Insufficient testing data","Insufficient testing data","Insufficient data",NaN,NaN,NaN
"South Georgia and the South Sandwich Islands","SGS",NaN,"No tests reported",NaN,NaN,NaN,NaN,NaN,NaN,NaN,NaN,NaN,NaN,NaN,"Insufficient testing data",NaN,NaN,"Insufficient data",NaN,"Insufficient data","Insufficient testing data","Insufficient testing data","Insufficient data",NaN,NaN,NaN
"Wallis and Futuna","WLF",NaN,"No tests reported",NaN,NaN,NaN,378.583,NaN,NaN,NaN,42,3,7.14,27.042,"Insufficient testing data",NaN,NaN,"Meets sequencing target",NaN,"Sustain","Insufficient testing data","Insufficient testing data","Sustain",10,454,NaN
"Anguilla","AIA",NaN,"No tests reported",NaN,NaN,NaN,17685.95,NaN,NaN,NaN,2675,29,1.08,191.736,"Insufficient testing data",NaN,NaN,"Meets sequencing target",NaN,"Sustain","Insufficient testing data","Insufficient testing data","Sustain",32,2700,NaN
"Vatican City","VAT",NaN,"No tests reported",NaN,NaN,NaN,246.305,NaN,NaN,NaN,2,0,0,0,"Insufficient testing data",NaN,NaN,"Does not meet sequencing target",NaN,"Connect/Build","Insufficient testing data","Insufficient testing data","Connect/Build",0,29,NaN
"Western Sahara","ESH",597000,"October 13, 2021",TRUE,170,0,NaN,3695,0,0.0312589885454207,NaN,NaN,NaN,NaN,"Insufficient testing data",NaN,NaN,"Insufficient data",NaN,"Insufficient data","Insufficient testing data","Insufficient testing data","Insufficient data",NaN,NaN,NaN
